{"type":"FeatureCollection","features":[{"type":"Feature","id":"Zonas.1","geometry":{"type":"MultiPolygon","coordinates":[[[[-68.89241716,-33.03716282],[-68.89450619,-33.04307356],[-68.89450908,-33.04308173],[-68.89451852,-33.04308014],[-68.89607949,-33.04281776],[-68.89655068,-33.04272746],[-68.89786439,-33.0424757],[-68.89957659,-33.04214515],[-68.90042581,-33.04200015],[-68.90091376,-33.04195536],[-68.90107806,-33.04193839],[-68.90157726,-33.04188681],[-68.90215177,-33.04188635],[-68.90338798,-33.04188535],[-68.90528499,-33.04207326],[-68.90550021,-33.04209458],[-68.90543169,-33.04199382],[-68.9048174,-33.04115169],[-68.90386054,-33.03983988],[-68.90385979,-33.03983886],[-68.9046066,-33.03939111],[-68.90454468,-33.03933257],[-68.90308257,-33.0378702],[-68.90157261,-33.03658869],[-68.90117471,-33.03625098],[-68.90112663,-33.03621018],[-68.90093154,-33.03611416],[-68.9002173,-33.03571226],[-68.89949854,-33.03540883],[-68.89923407,-33.03528065],[-68.89909329,-33.03522701],[-68.89848754,-33.03500026],[-68.89818027,-33.03489049],[-68.8981891,-33.03488572],[-68.89781435,-33.03474618],[-68.89763243,-33.03469805],[-68.89752875,-33.03467062],[-68.89199821,-33.03601623],[-68.8919937,-33.03601733],[-68.89241716,-33.03716282]]]]},"geometry_name":"the_geom","properties":{"fid":1,"id":1,"distrito_":"CIUDAD","zona_":"RESIDENCIAL 4","codigo":"ZR4","lote_min":"300","lado_min":"12","fos":"70","retiro_fro":"2","retiro_lat":"0","retiro_pos":"0","alt_max":"8","ordenanza":"14106-2021","sup_m2":747978}},{"type":"Feature","id":"Zonas.2","geometry":{"type":"MultiPolygon","coordinates":[[[[-68.92960326,-33.01773425],[-68.9290591,-33.01973098],[-68.92912525,-33.02058726],[-68.92948778,-33.02315983],[-68.92983884,-33.02685783],[-68.9316419,-33.03062546],[-68.93942749,-33.02877779],[-68.93919863,-33.02819581],[-68.94289494,-33.02751764],[-68.94404028,-33.03013048],[-68.94451452,-33.03001873],[-68.94867525,-33.03818051],[-68.94402897,-33.03879087],[-68.93599037,-33.03977952],[-68.9386256,-33.04597548],[-68.93910311,-33.05028743],[-68.93878337,-33.05104842],[-68.9393835,-33.0510784],[-68.94453913,-33.0512478],[-68.94980784,-33.0518703],[-68.9509892,-33.05173063],[-68.95183831,-33.05127223],[-68.95482274,-33.0503931],[-68.96198832,-33.0503862],[-68.96730895,-33.04995559],[-68.97213886,-33.04931627],[-68.97428073,-33.0489615],[-68.97850575,-33.04713106],[-68.9799659,-33.04674567],[-68.9794954,-33.0448065],[-68.97580711,-33.04169879],[-68.97399694,-33.04206819],[-68.9735813,-33.04214284],[-68.97341323,-33.04216985],[-68.97241368,-33.042264],[-68.96975863,-33.04239426],[-68.96915765,-33.0414345],[-68.96875392,-33.0407752],[-68.96858909,-33.04049149],[-68.96835676,-33.04010827],[-68.96791078,-33.03940928],[-68.96769644,-33.03908986],[-68.96716208,-33.03825549],[-68.96693443,-33.03786836],[-68.96648081,-33.0370544],[-68.96567062,-33.0358193],[-68.96590251,-33.03576782],[-68.96633868,-33.03578702],[-68.96713563,-33.035815],[-68.96697534,-33.03530286],[-68.96724362,-33.03532181],[-68.9681572,-33.03533899],[-68.96843535,-33.03534303],[-68.96808384,-33.03447862],[-68.96936987,-33.03409397],[-68.96997045,-33.03544297],[-68.97078623,-33.03522845],[-68.9713003,-33.03522499],[-68.97125786,-33.03509616],[-68.97162628,-33.03499279],[-68.97160314,-33.03492088],[-68.97147771,-33.03470215],[-68.9713485,-33.03443117],[-68.97123237,-33.03414262],[-68.97108777,-33.03394896],[-68.9709779,-33.03374341],[-68.97084136,-33.0334907],[-68.97071255,-33.0333188],[-68.97046201,-33.03297691],[-68.97034149,-33.03281651],[-68.96988353,-33.03231557],[-68.96988108,-33.03231378],[-68.96986794,-33.03230134],[-68.969859,-33.0322926],[-68.9697861,-33.03222043],[-68.96868532,-33.03128551],[-68.96247144,-33.02693502],[-68.9623964,-33.02685877],[-68.9620108,-33.02658582],[-68.96192368,-33.02654622],[-68.96075396,-33.02575902],[-68.95985792,-33.02532773],[-68.95892802,-33.02503733],[-68.95794662,-33.02487106],[-68.95793452,-33.02487049],[-68.95792044,-33.02486984],[-68.95769692,-33.02483024],[-68.95750499,-33.02479624],[-68.95633821,-33.02459855],[-68.95629705,-33.02459306],[-68.95589856,-33.02453991],[-68.95516798,-33.02441083],[-68.95438642,-33.02428172],[-68.95375777,-33.0241956],[-68.95350444,-33.02411986],[-68.95349298,-33.02411644],[-68.95287567,-33.02401183],[-68.95153572,-33.02364434],[-68.95147753,-33.0236195],[-68.95001426,-33.02288401],[-68.949938,-33.02284568],[-68.94985475,-33.0227772],[-68.94811581,-33.0213467],[-68.94789212,-33.02116267],[-68.94577109,-33.01999213],[-68.94411412,-33.01950169],[-68.94351604,-33.01939118],[-68.93725456,-33.01823401],[-68.93732938,-33.01813304],[-68.93724346,-33.01824204],[-68.93585671,-33.01797773],[-68.93550121,-33.0179136],[-68.93485177,-33.01779644],[-68.93458806,-33.01774681],[-68.93443291,-33.01770633],[-68.93419744,-33.01766144],[-68.93406575,-33.01763634],[-68.93400675,-33.01762509],[-68.93388542,-33.01756589],[-68.93106884,-33.01619146],[-68.9308832,-33.01610087],[-68.93059099,-33.01595826],[-68.92960326,-33.01773425]]]]},"geometry_name":"the_geom","properties":{"fid":2,"id":2,"distrito_":"LAS COMPUERTAS","zona_":"RESERVA VITIVINICOLA","codigo":"ZRVIT","lote_min":"5000","lado_min":"","fos":"35","retiro_fro":"","retiro_lat":"","retiro_pos":"","alt_max":"","ordenanza":"14106-2021","sup_m2":9458250}},{"type":"Feature","id":"Zonas.3","geometry":{"type":"MultiPolygon","coordinates":[[[[-68.87625626,-33.02919482],[-68.8761729,-33.02926774],[-68.87617251,-33.02926681],[-68.87589437,-33.02951176],[-68.87590245,-33.02953222],[-68.87593345,-33.02961077],[-68.87701473,-33.03235371],[-68.87731918,-33.03312161],[-68.87854721,-33.03623266],[-68.87529617,-33.03611658],[-68.87528359,-33.03611633],[-68.87524201,-33.03646638],[-68.87515778,-33.03681561],[-68.87515841,-33.03681373],[-68.87778988,-33.03684981],[-68.87779117,-33.03685333],[-68.87793039,-33.03723287],[-68.87847394,-33.03871464],[-68.87735668,-33.03903604],[-68.87735368,-33.03903693],[-68.87753818,-33.0395055],[-68.87754303,-33.03950421],[-68.87754355,-33.03950551],[-68.87871059,-33.03919681],[-68.87871927,-33.0391948],[-68.87907026,-33.04007664],[-68.87907028,-33.04007668],[-68.87912584,-33.04006411],[-68.88007571,-33.03984913],[-68.88066038,-33.04107262],[-68.88157699,-33.04118568],[-68.88052515,-33.03884448],[-68.88169893,-33.0386107],[-68.88169901,-33.03861069],[-68.88589543,-33.03754727],[-68.8881535,-33.03693763],[-68.88815395,-33.03693751],[-68.88784128,-33.03623563],[-68.88605883,-33.03666258],[-68.88397489,-33.03718642],[-68.88374196,-33.03651261],[-68.88371784,-33.03644196],[-68.88364555,-33.03623371],[-68.88364467,-33.03623117],[-68.88172381,-33.03671556],[-68.88127601,-33.03564031],[-68.88127138,-33.03564169],[-68.87954662,-33.03613633],[-68.87659183,-33.02896735],[-68.87625626,-33.02919482]]]]},"geometry_name":"the_geom","properties":{"fid":3,"id":3,"distrito_":"CIUDAD","zona_":"COMERCIAL","codigo":"ZC","lote_min":"200","lado_min":"10","fos":"90","retiro_fro":"0","retiro_lat":"0","retiro_pos":"0","alt_max":"0","ordenanza":"14106-2021","sup_m2":309479}},{"type":"Feature","id":"Zonas.4","geometry":{"type":"MultiPolygon","coordinates":[[[[-68.82917729,-32.97042417],[-68.8273489,-32.97086255],[-68.82622417,-32.97118103],[-68.8241412,-32.9717102],[-68.82089178,-32.97234545],[-68.81641911,-32.97313096],[-68.82107284,-32.98013841],[-68.82439956,-32.979409],[-68.8308296,-32.97809521],[-68.8352301,-32.97714125],[-68.83992956,-32.97574563],[-68.83926432,-32.9749455],[-68.83844559,-32.97401452],[-68.83626078,-32.9714513],[-68.83496088,-32.96997685],[-68.83455533,-32.96951878],[-68.82917729,-32.97042417]]]]},"geometry_name":"the_geom","properties":{"fid":4,"id":4,"distrito_":"CARRODILLA","zona_":"RESIDENCIAL 1","codigo":"ZR1","lote_min":"200","lado_min":"10","fos":"75","retiro_fro":"0","retiro_lat":"0","retiro_pos":"0","alt_max":"0","ordenanza":"14106-2021","sup_m2":1507740}},{"type":"Feature","id":"Zonas.5","geometry":{"type":"MultiPolygon","coordinates":[[[[-68.8331051,-33.00897721],[-68.83444041,-33.01148114],[-68.84043372,-33.02566778],[-68.8527696,-33.02439406],[-68.85220568,-33.02222726],[-68.85193135,-33.02115934],[-68.85131241,-33.01873714],[-68.85067441,-33.01614685],[-68.84995409,-33.01330504],[-68.84961579,-33.01182281],[-68.84921393,-33.01016051],[-68.84855489,-33.00721728],[-68.84825029,-33.00588926],[-68.8331051,-33.00897721]]]]},"geometry_name":"the_geom","properties":{"fid":5,"id":5,"distrito_":"MAYOR DRUMMOND","zona_":"RESERVA AMBIENTAL 2","codigo":"ZRA2","lote_min":"500","lado_min":"12","fos":"45","retiro_fro":"3","retiro_lat":"0","retiro_pos":"0","alt_max":"8","ordenanza":"14106-2021","sup_m2":2607380}},{"type":"Feature","id":"Zonas.6","geometry":{"type":"MultiPolygon","coordinates":[[[[-68.89647406,-33.03352865],[-68.89676188,-33.03401641],[-68.89847887,-33.03386378],[-68.89868981,-33.03354796],[-68.89498615,-33.0315798],[-68.89336151,-33.0303009],[-68.89192317,-33.02916564],[-68.88899325,-33.02679877],[-68.88898305,-33.02679052],[-68.88854273,-33.02640215],[-68.88804974,-33.02599446],[-68.8871036,-33.02528316],[-68.883617,-33.02222023],[-68.88360481,-33.02220944],[-68.88332668,-33.02196325],[-68.8832288,-33.02187661],[-68.88318187,-33.02189008],[-68.88272848,-33.02202018],[-68.88242631,-33.0221103],[-68.88208278,-33.02221484],[-68.88466866,-33.02489795],[-68.88482673,-33.02503606],[-68.88515713,-33.02528118],[-68.88629175,-33.02613045],[-68.88849858,-33.02783581],[-68.88970597,-33.0287688],[-68.89199139,-33.03058845],[-68.89250066,-33.03101115],[-68.89284613,-33.03131291],[-68.89290325,-33.03135772],[-68.89501006,-33.03292443],[-68.89647406,-33.03352865]]]]},"geometry_name":"the_geom","properties":{"fid":6,"id":6,"distrito_":"CIUDAD","zona_":"RESIDENCIAL MIXTA 2","codigo":"ZRM2","lote_min":"300","lado_min":"12","fos":"75","retiro_fro":"0","retiro_lat":"0","retiro_pos":"0","alt_max":"0","ordenanza":"14106-2021","sup_m2":229757}},{"type":"Feature","id":"Zonas.7","geometry":{"type":"MultiPolygon","coordinates":[[[[-68.84839128,-32.97611332],[-68.8475344,-32.97642316],[-68.850854,-32.98343468],[-68.85308108,-32.98293978],[-68.85869637,-32.98175501],[-68.85869795,-32.98175462],[-68.85798342,-32.9796963],[-68.85718,-32.97765561],[-68.85497431,-32.97417021],[-68.85483179,-32.97394634],[-68.85453231,-32.97403598],[-68.85171404,-32.97487951],[-68.85164659,-32.97490456],[-68.85149682,-32.97494964],[-68.85080871,-32.97521569],[-68.84839128,-32.97611332]]],[[[-68.84676755,-32.97475122],[-68.84687692,-32.97498473],[-68.85432832,-32.97278144],[-68.85432449,-32.97277222],[-68.85404731,-32.97210524],[-68.85370275,-32.97043516],[-68.85342698,-32.96629229],[-68.84388506,-32.9680277],[-68.84388023,-32.96803266],[-68.84384555,-32.9681233],[-68.84380251,-32.96822017],[-68.8442744,-32.96924998],[-68.84433709,-32.96941898],[-68.84472709,-32.97047042],[-68.84518087,-32.97160201],[-68.8455539,-32.97223775],[-68.84615131,-32.97343542],[-68.84676755,-32.97475122]]]]},"geometry_name":"the_geom","properties":{"fid":7,"id":7,"distrito_":"MAYOR DRUMMOND","zona_":"RESIDENCIAL 1","codigo":"ZR1","lote_min":"200","lado_min":"10","fos":"75","retiro_fro":"0","retiro_lat":"0","retiro_pos":"0","alt_max":"0","ordenanza":"14106-2021","sup_m2":1314890}},{"type":"Feature","id":"Zonas.8","geometry":{"type":"MultiPolygon","coordinates":[[[[-68.85876416,-32.97169031],[-68.85885176,-32.97191308],[-68.85946072,-32.97188432],[-68.85955327,-32.97216198],[-68.85999192,-32.9722791],[-68.86006511,-32.97238738],[-68.86011852,-32.97267792],[-68.86019732,-32.97290041],[-68.86033899,-32.97314513],[-68.86041176,-32.97338442],[-68.86047577,-32.97363221],[-68.8606771,-32.97388749],[-68.86096543,-32.97407212],[-68.86119126,-32.97445408],[-68.86143957,-32.97494104],[-68.86187351,-32.97697268],[-68.86213029,-32.97695751],[-68.86234889,-32.97790842],[-68.86265595,-32.97938982],[-68.86282951,-32.98019591],[-68.86451419,-32.98022861],[-68.86516393,-32.98024872],[-68.86556469,-32.98025447],[-68.86761405,-32.98032452],[-68.86791637,-32.98033387],[-68.871101,-32.98044089],[-68.87164049,-32.98044584],[-68.8740306,-32.98046774],[-68.87450477,-32.98046822],[-68.87519113,-32.9804689],[-68.87562652,-32.98047696],[-68.87562861,-32.980477],[-68.87563251,-32.98047701],[-68.8756178,-32.98030309],[-68.87553991,-32.97904944],[-68.87549502,-32.9782925],[-68.87545217,-32.97775288],[-68.87543268,-32.97744745],[-68.8753478,-32.97643871],[-68.8753074,-32.97595865],[-68.8752361,-32.97503224],[-68.87522088,-32.9748211],[-68.87522074,-32.9748191],[-68.87479255,-32.97481241],[-68.87453758,-32.97480842],[-68.87433123,-32.97397936],[-68.87433378,-32.97397874],[-68.87523407,-32.97375896],[-68.8752781,-32.97254455],[-68.87530576,-32.97198214],[-68.87536305,-32.97149313],[-68.87588999,-32.97139356],[-68.87634779,-32.97160697],[-68.87679147,-32.9721214],[-68.87679113,-32.97236342],[-68.8767902,-32.97303332],[-68.87671407,-32.97381172],[-68.87676327,-32.97576557],[-68.87689905,-32.97759491],[-68.87695048,-32.9782879],[-68.87711022,-32.98043444],[-68.87711421,-32.98051584],[-68.87884184,-32.98054446],[-68.8829387,-32.98061224],[-68.88493711,-32.98063577],[-68.88475025,-32.98039087],[-68.88433483,-32.97971428],[-68.88405468,-32.97936912],[-68.88322743,-32.97779134],[-68.88293625,-32.9771407],[-68.88098172,-32.97265585],[-68.88088004,-32.9725333],[-68.88038239,-32.97193347],[-68.88034979,-32.97189417],[-68.87949457,-32.97144318],[-68.87949367,-32.97144261],[-68.87949359,-32.97144256],[-68.8790141,-32.97113913],[-68.87775577,-32.97033668],[-68.87631941,-32.96935906],[-68.87573423,-32.96901304],[-68.87528938,-32.96872175],[-68.87495746,-32.96843708],[-68.8735915,-32.96711008],[-68.87335894,-32.96695524],[-68.8733131,-32.96691275],[-68.8728703,-32.9665778],[-68.87260822,-32.96642216],[-68.87239194,-32.96623666],[-68.87227322,-32.96613633],[-68.87214603,-32.96614769],[-68.87129066,-32.96622401],[-68.87027138,-32.96633573],[-68.86918347,-32.96646165],[-68.86752989,-32.9666108],[-68.86776695,-32.96767311],[-68.86560988,-32.96761154],[-68.86352306,-32.96756292],[-68.86154103,-32.96751096],[-68.85770891,-32.96738812],[-68.85696817,-32.967342],[-68.85792698,-32.96933449],[-68.85876416,-32.97169031]]]]},"geometry_name":"the_geom","properties":{"fid":8,"id":14,"distrito_":"CHACRAS DE CORIA","zona_":"RESIDENCIAL 5","codigo":"ZR5","lote_min":"750","lado_min":"13,5","fos":"35","retiro_fro":"3","retiro_lat":"1,5","retiro_pos":"1,5","alt_max":"8","ordenanza":"14106-2021","sup_m2":2637960}},{"type":"Feature","id":"Zonas.84","geometry":{"type":"MultiPolygon","coordinates":[[[[-69.28154993,-32.96175516],[-69.28156815,-32.9617578],[-69.28157097,-32.96175457],[-69.2815509,-32.96175109],[-69.28154993,-32.96175516]]],[[[-69.28154993,-32.96175516],[-69.28149257,-32.96174684],[-69.28138308,-32.96172788],[-69.28126156,-32.96170197],[-69.28115332,-32.96167302],[-69.28110775,-32.96165864],[-69.28106254,-32.96164278],[-69.28101991,-32.96162619],[-69.28098125,-32.96160952],[-69.28092671,-32.96158286],[-69.28087066,-32.96155152],[-69.28081053,-32.96151384],[-69.28074449,-32.9614683],[-69.28068675,-32.96142553],[-69.28062113,-32.96137435],[-69.28039367,-32.96118845],[-69.28039073,-32.96118608],[-69.28030661,-32.96111906],[-69.2803002,-32.96111409],[-69.28021714,-32.96105141],[-69.28021406,-32.96104912],[-69.28020793,-32.96104473],[-69.28013132,-32.96099118],[-69.28012118,-32.96098439],[-69.28011917,-32.9609831],[-69.28003974,-32.96093283],[-69.28002466,-32.96092385],[-69.28002429,-32.96092364],[-69.27994725,-32.96088062],[-69.27992976,-32.96087152],[-69.27992892,-32.96087111],[-69.27985308,-32.96083468],[-69.27983537,-32.96082679],[-69.2798319,-32.96082537],[-69.27975658,-32.96079521],[-69.27974091,-32.96078936],[-69.27973838,-32.9607885],[-69.2796559,-32.9607606],[-69.27964299,-32.9607565],[-69.27955703,-32.96073099],[-69.27955279,-32.96072976],[-69.27954458,-32.96072753],[-69.27945519,-32.96070441],[-69.27944329,-32.96070154],[-69.27944322,-32.96070153],[-69.27935044,-32.96068081],[-69.27933897,-32.96067843],[-69.27924283,-32.96066013],[-69.2792339,-32.96065854],[-69.27923186,-32.96065821],[-69.27913244,-32.96064233],[-69.27912197,-32.96064081],[-69.27902266,-32.9606278],[-69.2789913,-32.96062454],[-69.27898176,-32.96062367],[-69.27887271,-32.96061512],[-69.2788636,-32.96061451],[-69.27875159,-32.96060843],[-69.27875112,-32.96060841],[-69.27874289,-32.96060806],[-69.27862806,-32.96060447],[-69.27861974,-32.9606043],[-69.27850223,-32.96060319],[-69.27849778,-32.96060317],[-69.27849426,-32.96060319],[-69.27837419,-32.96060457],[-69.27836654,-32.96060474],[-69.27824418,-32.96060861],[-69.27823682,-32.96060891],[-69.27811243,-32.96061526],[-69.27810998,-32.96061539],[-69.27810531,-32.96061569],[-69.27797922,-32.9606245],[-69.27796658,-32.96062559],[-69.27790046,-32.96063245],[-69.27789689,-32.96063283],[-69.27788353,-32.96063459],[-69.2778144,-32.96064493],[-69.27780706,-32.96064611],[-69.27779945,-32.96064748],[-69.27772661,-32.96066142],[-69.27771377,-32.96066412],[-69.2776358,-32.96068192],[-69.27762235,-32.96068526],[-69.277478,-32.960724],[-69.2774714,-32.96072584],[-69.27746925,-32.96072647],[-69.27713238,-32.96082596],[-69.27705316,-32.96084681],[-69.27698511,-32.96086245],[-69.27691753,-32.96087512],[-69.27685883,-32.96088307],[-69.27680709,-32.96088705],[-69.27675948,-32.96088763],[-69.27672144,-32.96088577],[-69.27668041,-32.96088161],[-69.27665241,-32.96087734],[-69.27663368,-32.96087642],[-69.27659266,-32.96087226],[-69.27654975,-32.96086572],[-69.2765046,-32.9608566],[-69.27645698,-32.9608447],[-69.27640649,-32.96082979],[-69.27635281,-32.96081159],[-69.27629709,-32.96079042],[-69.27619139,-32.960745],[-69.27607074,-32.96068673],[-69.27594871,-32.96062316],[-69.27562138,-32.96044683],[-69.27561529,-32.96044363],[-69.27551953,-32.96039456],[-69.27551288,-32.96039124],[-69.27542623,-32.96034921],[-69.27542591,-32.96034905],[-69.27541712,-32.96034495],[-69.27532036,-32.96030148],[-69.2753106,-32.96029727],[-69.27530836,-32.96029636],[-69.27521697,-32.96025935],[-69.27520284,-32.96025398],[-69.27511516,-32.96022278],[-69.27511238,-32.9602218],[-69.2750989,-32.96021742],[-69.27501408,-32.96019172],[-69.27500789,-32.96018991],[-69.27499941,-32.96018761],[-69.27492286,-32.96016787],[-69.2749116,-32.96016515],[-69.27483258,-32.9601474],[-69.27483221,-32.96014732],[-69.27482172,-32.96014514],[-69.27474005,-32.96012934],[-69.27473008,-32.96012755],[-69.27472966,-32.96012748],[-69.27464513,-32.9601136],[-69.27463527,-32.96011211],[-69.27454774,-32.96010011],[-69.27453846,-32.96009896],[-69.27451055,-32.96009584],[-69.27443167,-32.96008884],[-69.27442369,-32.96008821],[-69.27432424,-32.9600815],[-69.27431879,-32.96008118],[-69.27431492,-32.96008099],[-69.274143,-32.96007363],[-69.27413337,-32.96007334],[-69.27394014,-32.96006996],[-69.27393352,-32.9600699],[-69.2737468,-32.96006988],[-69.27374593,-32.96006988],[-69.27374376,-32.96006989],[-69.27329337,-32.96007345],[-69.27306743,-32.96007182],[-69.27295799,-32.96006892],[-69.27285642,-32.96006451],[-69.27276171,-32.96005855],[-69.27267307,-32.96005107],[-69.27259571,-32.96004259],[-69.27258531,-32.96004172],[-69.27249254,-32.96003155],[-69.27240541,-32.96001949],[-69.27232307,-32.96000549],[-69.27224509,-32.95998955],[-69.27217097,-32.95997165],[-69.27210048,-32.9599518],[-69.27203326,-32.95992998],[-69.27196871,-32.95990604],[-69.27191767,-32.9598847],[-69.27186392,-32.95985984],[-69.2718071,-32.95983114],[-69.27174636,-32.95979806],[-69.27167882,-32.9597588],[-69.2716038,-32.9597128],[-69.27127581,-32.95950068],[-69.27127519,-32.95950028],[-69.27126932,-32.95949659],[-69.2711221,-32.95940627],[-69.27111212,-32.95940039],[-69.27103014,-32.959354],[-69.2710289,-32.9593533],[-69.27102047,-32.95934874],[-69.27094259,-32.95930801],[-69.27093316,-32.95930326],[-69.27093127,-32.95930236],[-69.27085594,-32.95926648],[-69.27009584,-32.95906597],[-69.26953793,-32.9589188],[-69.26953533,-32.95891736],[-69.26951821,-32.95890676],[-69.26950231,-32.95889491],[-69.26975441,-32.95889923],[-69.26984702,-32.95891068],[-69.26985911,-32.95891198],[-69.27003747,-32.95892825],[-69.27004771,-32.95892904],[-69.27023187,-32.95894012],[-69.27024306,-32.95894063],[-69.27043053,-32.95894637],[-69.27044118,-32.95894655],[-69.27063363,-32.95894705],[-69.2706437,-32.95894694],[-69.27084182,-32.95894222],[-69.27085127,-32.95894188],[-69.2710557,-32.95893192],[-69.2710645,-32.95893138],[-69.27117388,-32.9589235],[-69.27127615,-32.95891614],[-69.27128405,-32.95891548],[-69.27149104,-32.95889621],[-69.27149806,-32.95889549],[-69.27171393,-32.95887132],[-69.27172029,-32.95887056],[-69.27194968,-32.9588409],[-69.27219558,-32.95880535],[-69.27243754,-32.95876724],[-69.27270493,-32.95872235],[-69.27353696,-32.95857446],[-69.2735459,-32.95857275],[-69.27369136,-32.9585432],[-69.2737064,-32.95853973],[-69.27385306,-32.95850255],[-69.27386859,-32.95849825],[-69.27402011,-32.95845262],[-69.27403369,-32.95844823],[-69.27419294,-32.9583933],[-69.27420223,-32.95838995],[-69.2743416,-32.95833695],[-69.27434924,-32.95833395],[-69.27450135,-32.95827199],[-69.27450836,-32.95826905],[-69.27500302,-32.95805486],[-69.27517971,-32.95798098],[-69.27535186,-32.9579144],[-69.27546798,-32.95787445],[-69.27550637,-32.95786125],[-69.27553182,-32.95785347],[-69.27558679,-32.95783667],[-69.27566548,-32.957815],[-69.27574148,-32.95779648],[-69.27581521,-32.95778095],[-69.27588715,-32.95776824],[-69.27595752,-32.95775828],[-69.27602664,-32.95775097],[-69.27609915,-32.95774593],[-69.27669302,-32.9577128],[-69.2772183,-32.95767719],[-69.27760122,-32.95764696],[-69.27774228,-32.95763513],[-69.27840033,-32.95757012],[-69.27917025,-32.95749406],[-69.27940228,-32.95750028],[-69.27999097,-32.95751608],[-69.28117911,-32.95739412],[-69.28136012,-32.95735848],[-69.28146831,-32.95734114],[-69.28148083,-32.95733892],[-69.28159565,-32.95731649],[-69.28160282,-32.95731501],[-69.28161415,-32.95731238],[-69.28170814,-32.95728897],[-69.28172721,-32.95728366],[-69.28176676,-32.95727149],[-69.28178295,-32.95726609],[-69.28181935,-32.95725295],[-69.28183743,-32.95724575],[-69.28186725,-32.95723291],[-69.28189158,-32.95722127],[-69.2819166,-32.95720806],[-69.28192246,-32.95720488],[-69.28194635,-32.95719028],[-69.28199943,-32.95715458],[-69.28200465,-32.95715107],[-69.2820239,-32.95713702],[-69.28209424,-32.95708081],[-69.28210511,-32.9570717],[-69.28217413,-32.95701099],[-69.28217845,-32.95700712],[-69.28234343,-32.95685618],[-69.28242132,-32.95679022],[-69.28249743,-32.9567274],[-69.28250768,-32.95671854],[-69.28261922,-32.95661766],[-69.28265245,-32.9565902],[-69.28267191,-32.95657611],[-69.28269514,-32.95656094],[-69.2827684,-32.95651889],[-69.28280494,-32.95650174],[-69.28285981,-32.95648141],[-69.28293184,-32.956459],[-69.28314851,-32.95639721],[-69.28316245,-32.95639293],[-69.28322108,-32.95637362],[-69.28323612,-32.95636829],[-69.28328586,-32.95634905],[-69.28329158,-32.95634678],[-69.28339967,-32.95630274],[-69.28350121,-32.95626518],[-69.28359991,-32.95623246],[-69.28369487,-32.95620478],[-69.28378511,-32.95618227],[-69.28387028,-32.95616484],[-69.28394985,-32.95615237],[-69.28402669,-32.95614433],[-69.28420779,-32.95613244],[-69.28457766,-32.95611378],[-69.28473307,-32.95610464],[-69.284739,-32.95610425],[-69.28490149,-32.95609173],[-69.28491121,-32.95609086],[-69.28505694,-32.95607585],[-69.28507676,-32.95607328],[-69.2851349,-32.95606415],[-69.2851519,-32.95606094],[-69.28515773,-32.95605983],[-69.28522227,-32.95604517],[-69.28524234,-32.95604001],[-69.28531006,-32.95602054],[-69.28532599,-32.95601556],[-69.2854002,-32.95599045],[-69.28541301,-32.95598582],[-69.28555777,-32.95592926],[-69.28556821,-32.95592498],[-69.28565337,-32.95588848],[-69.28583407,-32.95581102],[-69.28593369,-32.95576997],[-69.28599616,-32.95574643],[-69.28626705,-32.95561715],[-69.28674144,-32.95571598],[-69.2867902,-32.95571949],[-69.28679515,-32.9557198],[-69.28696735,-32.95572953],[-69.2871502,-32.95573747],[-69.28735187,-32.95574402],[-69.28780551,-32.95575383],[-69.28813993,-32.95576105],[-69.28837425,-32.95576852],[-69.28847359,-32.95577168],[-69.28865177,-32.95578011],[-69.28881672,-32.95579031],[-69.28897136,-32.95580244],[-69.28911995,-32.95581684],[-69.29003447,-32.95591175],[-69.29047756,-32.95596228],[-69.2906961,-32.9559904],[-69.29084947,-32.95601214],[-69.29133361,-32.95601101],[-69.29194866,-32.95622961],[-69.29200253,-32.95624349],[-69.29217346,-32.95629172],[-69.29234148,-32.95634335],[-69.29250721,-32.95639859],[-69.29267511,-32.95645901],[-69.29268254,-32.95646159],[-69.29277328,-32.956492],[-69.29279532,-32.95649862],[-69.29289231,-32.9565244],[-69.29291185,-32.95652903],[-69.29301698,-32.95655064],[-69.29303536,-32.95655394],[-69.29314852,-32.95657135],[-69.29316328,-32.95657332],[-69.29326967,-32.95658541],[-69.29328095,-32.95658652],[-69.29340035,-32.95659647],[-69.29340867,-32.95659707],[-69.29361499,-32.95660841],[-69.29378604,-32.95661781],[-69.29384139,-32.95662086],[-69.29400569,-32.95663338],[-69.29401242,-32.95663412],[-69.29408618,-32.95664215],[-69.29415929,-32.95665235],[-69.29422557,-32.95666396],[-69.29425777,-32.9566709],[-69.29428415,-32.95667658],[-69.29437147,-32.9567003],[-69.29448921,-32.95673816],[-69.2946279,-32.95678691],[-69.29501233,-32.95692667],[-69.2950929,-32.95695596],[-69.29510666,-32.95696096],[-69.29511418,-32.9569636],[-69.29514245,-32.95697317],[-69.29526673,-32.95701522],[-69.29527541,-32.95701804],[-69.29540879,-32.95705943],[-69.29542161,-32.95706315],[-69.29556235,-32.95710122],[-69.29557599,-32.95710463],[-69.29563972,-32.95711927],[-69.2956485,-32.95712117],[-69.29571043,-32.95713344],[-69.29572344,-32.95713578],[-69.29577923,-32.95714478],[-69.29579457,-32.95714693],[-69.29584655,-32.95715313],[-69.29586467,-32.95715485],[-69.29591358,-32.95715831],[-69.29593436,-32.95715918],[-69.29597901,-32.95715982],[-69.29598788,-32.95715984],[-69.29613464,-32.95715852],[-69.29628019,-32.95715966],[-69.29670158,-32.95717136],[-69.2968289,-32.95717331],[-69.29683899,-32.9571733],[-69.29684106,-32.9571733],[-69.29686062,-32.95717297],[-69.29697785,-32.95717101],[-69.29699588,-32.95717028],[-69.29712171,-32.95716218],[-69.29713702,-32.95716083],[-69.29721918,-32.95715186],[-69.29723292,-32.95715011],[-69.29731502,-32.95713807],[-69.29732827,-32.95713589],[-69.29741167,-32.9571206],[-69.29742357,-32.95711821],[-69.29750975,-32.95709937],[-69.29752101,-32.95709672],[-69.29761023,-32.95707426],[-69.29762029,-32.95707158],[-69.29771364,-32.95704523],[-69.29772249,-32.95704261],[-69.29782077,-32.95701214],[-69.29782849,-32.95700966],[-69.29792996,-32.95697568],[-69.29799853,-32.95695383],[-69.29806834,-32.95693498],[-69.29807144,-32.95693414],[-69.29815833,-32.9569139],[-69.29844303,-32.95685273],[-69.29845634,-32.9568496],[-69.29854787,-32.9568263],[-69.29856197,-32.95682241],[-69.29864421,-32.95679793],[-69.29866289,-32.95679181],[-69.29873761,-32.95676501],[-69.29960554,-32.95591586],[-69.2996191,-32.95589118],[-69.29962181,-32.95588346],[-69.29962763,-32.95586443],[-69.29964542,-32.95579601],[-69.29964863,-32.95578186],[-69.29964966,-32.95577615],[-69.29966148,-32.95570597],[-69.29967009,-32.95564974],[-69.29968029,-32.95560194],[-69.29969336,-32.95555427],[-69.29970929,-32.95550692],[-69.29972801,-32.95546006],[-69.29974945,-32.95541391],[-69.29977354,-32.95536866],[-69.29980015,-32.95532451],[-69.29982917,-32.95528166],[-69.29986046,-32.95524029],[-69.29989386,-32.95520058],[-69.29992922,-32.95516268],[-69.29996636,-32.95512674],[-69.30000511,-32.95509289],[-69.3000453,-32.95506123],[-69.300087,-32.95503167],[-69.30009367,-32.95502741],[-69.30012701,-32.95500614],[-69.30013008,-32.95500436],[-69.30017284,-32.95497956],[-69.30022381,-32.95495251],[-69.30027923,-32.95492549],[-69.30033838,-32.95489892],[-69.30040056,-32.9548732],[-69.30040153,-32.95487283],[-69.30092094,-32.95462116],[-69.30160097,-32.95454514],[-69.30220544,-32.95447756],[-69.30224299,-32.95446448],[-69.30225033,-32.95446183],[-69.30232827,-32.9544327],[-69.30233573,-32.95442981],[-69.30241232,-32.95439919],[-69.30241975,-32.95439612],[-69.30249514,-32.95436394],[-69.30250824,-32.95435803],[-69.30257183,-32.95432769],[-69.30258967,-32.95431852],[-69.30265209,-32.95428403],[-69.30266831,-32.95427444],[-69.30268689,-32.95426271],[-69.30219555,-32.95388543],[-69.3021336,-32.95391187],[-69.30206446,-32.95393952],[-69.30199415,-32.95396579],[-69.30192266,-32.9539907],[-69.30184997,-32.95401424],[-69.30177791,-32.95403586],[-69.3016245,-32.95407659],[-69.30146797,-32.9541113],[-69.30130633,-32.95414046],[-69.3011395,-32.95416403],[-69.3010321,-32.95417573],[-69.30097918,-32.95417636],[-69.30096756,-32.95417738],[-69.30089778,-32.95418459],[-69.30088522,-32.9541861],[-69.30081349,-32.95419595],[-69.30080177,-32.95419775],[-69.30072838,-32.95421021],[-69.30071737,-32.95421225],[-69.30064266,-32.95422724],[-69.30063478,-32.95422892],[-69.3005565,-32.95424698],[-69.30054655,-32.95424942],[-69.3004703,-32.95426928],[-69.30046071,-32.95427192],[-69.3003844,-32.95429404],[-69.30037506,-32.95429688],[-69.30029921,-32.9543211],[-69.30028999,-32.95432418],[-69.30021469,-32.9543505],[-69.30020665,-32.95435342],[-69.30013176,-32.95438193],[-69.30012248,-32.95438562],[-69.30005091,-32.95441522],[-69.30004144,-32.95441931],[-69.29997263,-32.95445021],[-69.29996282,-32.9544548],[-69.29989734,-32.95448672],[-69.29988705,-32.95449196],[-69.29982546,-32.95452465],[-69.29982013,-32.95452754],[-69.29981452,-32.95453072],[-69.29975732,-32.9545639],[-69.29974555,-32.95457106],[-69.2996932,-32.95460446],[-69.29968035,-32.95461311],[-69.2996259,-32.9546517],[-69.29961386,-32.95466068],[-69.29956092,-32.95470239],[-69.29954911,-32.95471218],[-69.29949894,-32.95475602],[-69.2994879,-32.95476616],[-69.29944011,-32.95481241],[-69.29942983,-32.95482288],[-69.29938378,-32.95487224],[-69.29937503,-32.95488216],[-69.29933245,-32.95493278],[-69.29932364,-32.95494382],[-69.29928389,-32.95499637],[-69.2992758,-32.95500767],[-69.29923903,-32.95506197],[-69.29923504,-32.95506803],[-69.29923163,-32.95507353],[-69.29919796,-32.95512937],[-69.29919126,-32.95514119],[-69.29916081,-32.95519839],[-69.2991548,-32.95521047],[-69.29912768,-32.95526882],[-69.29912251,-32.95528077],[-69.29909866,-32.95534046],[-69.29909404,-32.95535304],[-69.29907384,-32.9554131],[-69.29906993,-32.95542592],[-69.2990533,-32.95548654],[-69.29905012,-32.95549961],[-69.29903669,-32.95556266],[-69.29903467,-32.9555739],[-69.29902559,-32.95563333],[-69.29901603,-32.95569004],[-69.2990033,-32.95573899],[-69.2989859,-32.95578842],[-69.29896383,-32.95583796],[-69.29893713,-32.95588726],[-69.29890594,-32.95593583],[-69.29887047,-32.95598323],[-69.29883102,-32.95602897],[-69.2987879,-32.95607266],[-69.29874155,-32.95611381],[-69.29869244,-32.95615206],[-69.29864105,-32.95618705],[-69.29858792,-32.95621851],[-69.29853351,-32.95624624],[-69.2984783,-32.9562701],[-69.29842106,-32.95629061],[-69.29835528,-32.9563102],[-69.29827756,-32.95632998],[-69.29799654,-32.95639036],[-69.29799052,-32.95639171],[-69.29789426,-32.95641413],[-69.29788183,-32.95641726],[-69.2977949,-32.95644074],[-69.29777936,-32.95644531],[-69.29769808,-32.95647123],[-69.29759545,-32.95650557],[-69.29750545,-32.95653347],[-69.29742156,-32.95655715],[-69.297343,-32.95657693],[-69.29726908,-32.95659309],[-69.29719848,-32.95660603],[-69.29712987,-32.95661609],[-69.29706299,-32.95662339],[-69.29695609,-32.95663026],[-69.2968344,-32.9566323],[-69.29671795,-32.95663053],[-69.29629754,-32.95661885],[-69.29628996,-32.95661871],[-69.29613741,-32.95661751],[-69.29613099,-32.95661752],[-69.29598547,-32.95661883],[-69.29595597,-32.95661841],[-69.29592746,-32.95661639],[-69.2958922,-32.95661218],[-69.29585058,-32.95660547],[-69.29580298,-32.95659605],[-69.29575161,-32.95658424],[-69.2956241,-32.95654975],[-69.29550145,-32.95651169],[-69.29535701,-32.95646281],[-69.29519343,-32.95640335],[-69.2944139,-32.95615083],[-69.29425954,-32.95611798],[-69.29418535,-32.95610762],[-69.29417404,-32.95610622],[-69.29408179,-32.95609617],[-69.2940696,-32.95609504],[-69.29389353,-32.95608163],[-69.29388715,-32.95608122],[-69.29345813,-32.95605765],[-69.29334973,-32.95604861],[-69.29325638,-32.95603801],[-69.29315984,-32.95602315],[-69.29307514,-32.95600574],[-69.29299946,-32.95598562],[-69.29292334,-32.95596011],[-69.29275515,-32.95589958],[-69.29274714,-32.95589681],[-69.29257337,-32.9558389],[-69.29256531,-32.95583631],[-69.29238922,-32.9557822],[-69.29238115,-32.95577982],[-69.29220219,-32.95572933],[-69.2921942,-32.95572717],[-69.29201197,-32.95568019],[-69.29200414,-32.95567826],[-69.29181764,-32.95563452],[-69.29181004,-32.95563283],[-69.29161813,-32.95559206],[-69.29161108,-32.95559064],[-69.29141295,-32.95555269],[-69.29140634,-32.95555148],[-69.29121444,-32.95551831],[-69.29101124,-32.95548649],[-69.2907977,-32.95545621],[-69.29056897,-32.95542679],[-69.29011668,-32.95537521],[-69.28919581,-32.95527963],[-69.2890412,-32.95526464],[-69.28903427,-32.95526403],[-69.28887304,-32.95525139],[-69.28886787,-32.95525102],[-69.28869321,-32.95524023],[-69.28850368,-32.95523127],[-69.28816026,-32.95522032],[-69.28737245,-32.9552033],[-69.28717906,-32.95519701],[-69.28700533,-32.95518947],[-69.286841,-32.95518017],[-69.28668735,-32.95516913],[-69.28663967,-32.95516489],[-69.28598146,-32.95517469],[-69.28584117,-32.95517677],[-69.28460113,-32.955526],[-69.28383336,-32.95558692],[-69.28247637,-32.95599556],[-69.2822262,-32.95618569],[-69.28221617,-32.9561933],[-69.28221077,-32.95619763],[-69.28216488,-32.95623556],[-69.28215475,-32.95624431],[-69.28204327,-32.95634514],[-69.28196946,-32.95640607],[-69.28188429,-32.95647819],[-69.28187573,-32.95648572],[-69.28170868,-32.95663854],[-69.28164714,-32.95669267],[-69.28159373,-32.95673537],[-69.28156137,-32.95675714],[-69.28155515,-32.95675981],[-69.28153857,-32.95676579],[-69.28151664,-32.95677254],[-69.28144147,-32.95679127],[-69.28134222,-32.95681066],[-69.28123077,-32.95682851],[-69.28109429,-32.95684715],[-69.28058582,-32.9569068],[-69.28049472,-32.95691541],[-69.28037708,-32.95692136],[-69.28023942,-32.95692479],[-69.27984431,-32.95693036],[-69.27983703,-32.95693053],[-69.27972681,-32.9569342],[-69.27971761,-32.95693462],[-69.27962672,-32.95693985],[-69.27962033,-32.95694027],[-69.2787145,-32.95700991],[-69.27753954,-32.95710846],[-69.27716281,-32.95713821],[-69.27664612,-32.95717324],[-69.27605163,-32.95720641],[-69.27596664,-32.9572123],[-69.27595352,-32.95721346],[-69.275871,-32.95722219],[-69.27585782,-32.95722382],[-69.27577453,-32.95723561],[-69.27576189,-32.95723762],[-69.27567762,-32.9572525],[-69.27566561,-32.95725482],[-69.27557933,-32.957273],[-69.27556892,-32.95727538],[-69.275482,-32.95729656],[-69.27547146,-32.95729929],[-69.27538265,-32.95732375],[-69.27537293,-32.95732657],[-69.27528169,-32.95735446],[-69.2752698,-32.95735832],[-69.27510306,-32.95741568],[-69.27509258,-32.95741948],[-69.27490773,-32.95749095],[-69.27489894,-32.95749449],[-69.27471385,-32.9575719],[-69.27421866,-32.9577863],[-69.27407388,-32.95784526],[-69.27394467,-32.9578944],[-69.27379741,-32.9579452],[-69.27366043,-32.95798645],[-69.27353017,-32.95801947],[-69.27340008,-32.95804589],[-69.27257606,-32.95819237],[-69.27231594,-32.95823604],[-69.2720824,-32.95827282],[-69.27184683,-32.95830689],[-69.27162626,-32.95833538],[-69.27141709,-32.9583588],[-69.27121755,-32.95837738],[-69.27101425,-32.95839203],[-69.27081896,-32.95840155],[-69.2706306,-32.95840603],[-69.27044851,-32.95840556],[-69.27027195,-32.95840015],[-69.27010065,-32.95838985],[-69.26997251,-32.95837816],[-69.26993417,-32.95837467],[-69.26977263,-32.95835468],[-69.26972742,-32.95834744],[-69.26967503,-32.95833724],[-69.26951125,-32.95829993],[-69.26921983,-32.95825246],[-69.26881024,-32.95827218],[-69.2687186,-32.95828341],[-69.26870943,-32.95828546],[-69.26869774,-32.95828826],[-69.26849411,-32.95834068],[-69.26849104,-32.95834044],[-69.26849026,-32.9583404],[-69.26841672,-32.95833665],[-69.26839884,-32.95833616],[-69.26832297,-32.95833585],[-69.26829965,-32.95833648],[-69.26827876,-32.95833826],[-69.26825805,-32.95834118],[-69.26823762,-32.95834525],[-69.26822931,-32.95834739],[-69.26818758,-32.95833178],[-69.26814442,-32.95831283],[-69.26809128,-32.95828695],[-69.26790353,-32.95818707],[-69.26788957,-32.95817965],[-69.2678842,-32.95817686],[-69.26781146,-32.95813983],[-69.26779959,-32.95813407],[-69.26773028,-32.95810211],[-69.26771295,-32.95809468],[-69.26765014,-32.95806976],[-69.26764164,-32.95806651],[-69.26762722,-32.95806156],[-69.26756661,-32.9580422],[-69.26753755,-32.95803422],[-69.26748015,-32.95802099],[-69.26747346,-32.95801951],[-69.26746721,-32.95801843],[-69.26744535,-32.95801468],[-69.26739034,-32.95800739],[-69.26736616,-32.95800497],[-69.26735059,-32.95800424],[-69.26733298,-32.95800377],[-69.2672975,-32.95800283],[-69.26726008,-32.95800367],[-69.26725315,-32.95800424],[-69.26720603,-32.9580085],[-69.267176,-32.95801293],[-69.26716416,-32.95801467],[-69.26711324,-32.95802517],[-69.26708013,-32.95803377],[-69.26702833,-32.95804986],[-69.26700963,-32.95805624],[-69.26700071,-32.95805969],[-69.26694529,-32.95808206],[-69.26692613,-32.95809047],[-69.26687788,-32.95811343],[-69.26686502,-32.95811989],[-69.26681128,-32.95814832],[-69.26680568,-32.95815136],[-69.26680032,-32.95815439],[-69.26662689,-32.9582547],[-69.266572,-32.95828496],[-69.26652588,-32.95830775],[-69.26649328,-32.95832131],[-69.26646894,-32.95832907],[-69.26645724,-32.95833146],[-69.26644512,-32.95832768],[-69.26641436,-32.95831543],[-69.26631467,-32.95827037],[-69.2663055,-32.95826639],[-69.26625887,-32.95824692],[-69.26624459,-32.95824131],[-69.2662379,-32.95823893],[-69.26618846,-32.95822189],[-69.26615522,-32.95821218],[-69.26611047,-32.95820139],[-69.26610022,-32.95819908],[-69.26607573,-32.95819475],[-69.26598331,-32.95818158],[-69.26595491,-32.95817862],[-69.26586079,-32.95817254],[-69.26583187,-32.95817178],[-69.26573725,-32.95817288],[-69.26571173,-32.95817404],[-69.26561337,-32.95818248],[-69.26558656,-32.95818576],[-69.26548975,-32.95820113],[-69.26546715,-32.95820544],[-69.26536681,-32.95822849],[-69.26534383,-32.95823456],[-69.26524482,-32.95826421],[-69.26523805,-32.95826646],[-69.26510008,-32.95822931],[-69.26484475,-32.95816486],[-69.26458903,-32.95810464],[-69.2643346,-32.95804901],[-69.26433,-32.95804805],[-69.26407647,-32.95799694],[-69.26381964,-32.95794946],[-69.26356244,-32.95790623],[-69.2633049,-32.95786725],[-69.26305007,-32.95783291],[-69.26304394,-32.95783214],[-69.26279185,-32.9578024],[-69.26278694,-32.95780186],[-69.26278568,-32.95780172],[-69.2625333,-32.95777614],[-69.2625271,-32.95777557],[-69.26227441,-32.95775415],[-69.26226819,-32.95775367],[-69.26201511,-32.95773641],[-69.26200896,-32.95773604],[-69.26175567,-32.95772294],[-69.26174942,-32.95772267],[-69.26149583,-32.95771373],[-69.26148958,-32.95771356],[-69.26123383,-32.95770876],[-69.26092949,-32.95770599],[-69.26071041,-32.95770584],[-69.26051325,-32.95770824],[-69.26050695,-32.95770837],[-69.26032953,-32.95771348],[-69.260322,-32.95771377],[-69.26014999,-32.95772214],[-69.26014128,-32.95772267],[-69.26007385,-32.9577275],[-69.25997914,-32.95773429],[-69.25996953,-32.95773511],[-69.2598154,-32.95775013],[-69.25980489,-32.9577513],[-69.25965761,-32.95776984],[-69.25964856,-32.95777109],[-69.25946591,-32.95779859],[-69.25945848,-32.95779978],[-69.25928422,-32.95782961],[-69.25927619,-32.95783107],[-69.25910962,-32.95786334],[-69.25910147,-32.95786502],[-69.25894172,-32.95789991],[-69.25893249,-32.95790205],[-69.25878006,-32.95793947],[-69.25877023,-32.95794203],[-69.25862462,-32.9579821],[-69.25861417,-32.95798514],[-69.25847522,-32.95802788],[-69.25846417,-32.95803148],[-69.25833179,-32.95807694],[-69.25832186,-32.95808052],[-69.25824939,-32.95810817],[-69.25823873,-32.95811244],[-69.25816753,-32.95814232],[-69.25815748,-32.95814673],[-69.25808604,-32.95817941],[-69.25807662,-32.95818389],[-69.25800474,-32.95821948],[-69.25799599,-32.95822397],[-69.25794386,-32.9582517],[-69.25770411,-32.95840973],[-69.25705647,-32.95889817],[-69.25646865,-32.95930691],[-69.25629746,-32.95938057],[-69.25622812,-32.95941631],[-69.25612647,-32.95946543],[-69.2560154,-32.95951602],[-69.25578886,-32.95961244],[-69.25534781,-32.95979026],[-69.25528413,-32.95981661],[-69.25517069,-32.95986356],[-69.25516423,-32.95986631],[-69.25498617,-32.95994426],[-69.25497696,-32.95994845],[-69.254821,-32.96002226],[-69.25481228,-32.96002654],[-69.25472434,-32.96007129],[-69.25471705,-32.96007511],[-69.25463269,-32.96012068],[-69.25462645,-32.96012418],[-69.25454817,-32.96016921],[-69.25454001,-32.96017406],[-69.25446591,-32.9602196],[-69.25445742,-32.96022499],[-69.25441941,-32.96025002],[-69.25438712,-32.96027128],[-69.25437839,-32.96027724],[-69.25431176,-32.96032436],[-69.25430288,-32.96033088],[-69.25423835,-32.96038004],[-69.2542308,-32.96038605],[-69.25417103,-32.9604352],[-69.25415979,-32.96044492],[-69.25410829,-32.96049174],[-69.25409628,-32.96050331],[-69.25404547,-32.96055512],[-69.25403726,-32.96056388],[-69.25398478,-32.96062324],[-69.25397659,-32.96063296],[-69.25392514,-32.96069691],[-69.25391701,-32.96070755],[-69.25382689,-32.96083169],[-69.25382131,-32.96083967],[-69.25367087,-32.9610638],[-69.25361637,-32.96114251],[-69.25356239,-32.96121551],[-69.25351416,-32.9612751],[-69.2534617,-32.9613329],[-69.2534123,-32.96138019],[-69.2533647,-32.96141912],[-69.25331672,-32.96145205],[-69.25329508,-32.96146458],[-69.25326679,-32.96147876],[-69.25323213,-32.96149391],[-69.25319135,-32.96150961],[-69.25309738,-32.96154093],[-69.25284634,-32.96161639],[-69.25283484,-32.96162006],[-69.25277101,-32.96164161],[-69.25275991,-32.96164556],[-69.25270337,-32.9616669],[-69.25268844,-32.96167293],[-69.25263449,-32.96169618],[-69.25261659,-32.96170451],[-69.25256841,-32.96172865],[-69.25255622,-32.96173508],[-69.25254863,-32.96173942],[-69.25250548,-32.96176482],[-69.25248446,-32.96177832],[-69.25244595,-32.96180522],[-69.25243283,-32.96181491],[-69.25242733,-32.9618193],[-69.25240118,-32.96184068],[-69.25238648,-32.96185352],[-69.25236161,-32.96187673],[-69.2523485,-32.96188976],[-69.25232359,-32.96191619],[-69.25231334,-32.96192783],[-69.25229086,-32.96195485],[-69.25228093,-32.96196753],[-69.25225959,-32.96199651],[-69.25225113,-32.9620087],[-69.25223009,-32.96204092],[-69.25222063,-32.96205678],[-69.25218286,-32.96212569],[-69.2521734,-32.96214485],[-69.25214093,-32.96221845],[-69.25213794,-32.96222553],[-69.25213486,-32.96223355],[-69.25210386,-32.96231892],[-69.25210025,-32.96232963],[-69.25207125,-32.96242313],[-69.25199927,-32.96267427],[-69.2519777,-32.96273944],[-69.25195758,-32.96279202],[-69.25193263,-32.96284643],[-69.25190897,-32.96288806],[-69.25188658,-32.96291955],[-69.25186353,-32.96294522],[-69.25184634,-32.96296093],[-69.25182427,-32.96297832],[-69.25179908,-32.96299549],[-69.25177025,-32.96301252],[-69.25173738,-32.96302942],[-69.25169995,-32.96304617],[-69.25165758,-32.9630627],[-69.25160972,-32.96307899],[-69.25155806,-32.96309437],[-69.25150025,-32.9631095],[-69.25143572,-32.96312436],[-69.25136452,-32.96313886],[-69.25120431,-32.96316676],[-69.25086071,-32.96321875],[-69.25071449,-32.96324274],[-69.25070422,-32.96324457],[-69.2505573,-32.96327292],[-69.25054939,-32.96327454],[-69.25054202,-32.9632762],[-69.250415,-32.96330632],[-69.25039986,-32.96331025],[-69.25032806,-32.96333055],[-69.25031487,-32.96333455],[-69.25024809,-32.96335621],[-69.25023369,-32.96336122],[-69.25017144,-32.9633844],[-69.2501559,-32.96339061],[-69.25009795,-32.9634154],[-69.25008148,-32.96342296],[-69.25002748,-32.96344951],[-69.25001166,-32.96345782],[-69.24996021,-32.96348692],[-69.24994271,-32.96349755],[-69.24989632,-32.96352779],[-69.24987885,-32.96354004],[-69.24983405,-32.96357381],[-69.24981602,-32.96358875],[-69.24976171,-32.96363748],[-69.24974208,-32.96365685],[-69.24969046,-32.96371292],[-69.24967519,-32.96373102],[-69.24962588,-32.96379482],[-69.24961428,-32.96381106],[-69.24956515,-32.96388558],[-69.24955849,-32.96389642],[-69.24951992,-32.96396281],[-69.24951492,-32.96397184],[-69.24947454,-32.96404836],[-69.24947042,-32.96405654],[-69.24934722,-32.96431234],[-69.24930399,-32.96439776],[-69.24926187,-32.96447298],[-69.24922349,-32.96453298],[-69.24918462,-32.96458493],[-69.24914541,-32.96462873],[-69.24913008,-32.96464354],[-69.24911271,-32.9646587],[-69.24909562,-32.96467208],[-69.24907942,-32.96468343],[-69.24902624,-32.96471612],[-69.24896562,-32.9647486],[-69.24889577,-32.96478149],[-69.24881536,-32.96481507],[-69.24872759,-32.96484798],[-69.24862519,-32.96488296],[-69.24850801,-32.96492008],[-69.24832791,-32.96497445],[-69.24824728,-32.96499668],[-69.24816434,-32.96501573],[-69.24807402,-32.96503277],[-69.24797433,-32.965048],[-69.24787121,-32.9650607],[-69.24785418,-32.96506239],[-69.24775395,-32.96507235],[-69.24726599,-32.96510957],[-69.24725827,-32.96511024],[-69.24705014,-32.9651304],[-69.24703854,-32.9651317],[-69.24692657,-32.96514605],[-69.24691574,-32.9651476],[-69.24681223,-32.96516394],[-69.24679999,-32.96516608],[-69.24670291,-32.96518473],[-69.24669209,-32.96518699],[-69.24659779,-32.96520874],[-69.2465824,-32.96521264],[-69.24648505,-32.9652396],[-69.24646979,-32.96524419],[-69.24636943,-32.9652768],[-69.24635598,-32.96528147],[-69.24625122,-32.96532019],[-69.24624004,-32.96532456],[-69.24612958,-32.96536987],[-69.24612086,-32.96537359],[-69.24602508,-32.96541597],[-69.24601878,-32.96541883],[-69.24591287,-32.96546826],[-69.24590716,-32.96547099],[-69.24556144,-32.96564023],[-69.2454383,-32.96569891],[-69.2453198,-32.96575216],[-69.24521565,-32.96579511],[-69.2451089,-32.96583425],[-69.24501082,-32.9658649],[-69.24491904,-32.96588821],[-69.24490528,-32.96589085],[-69.24432059,-32.96591794],[-69.24428171,-32.96591577],[-69.24382944,-32.96587973],[-69.24382349,-32.9658793],[-69.24363114,-32.96586778],[-69.24361981,-32.96586728],[-69.24351722,-32.9658642],[-69.24350659,-32.96586403],[-69.24341125,-32.96586384],[-69.24339912,-32.965864],[-69.24330919,-32.96586669],[-69.2432957,-32.96586733],[-69.24320906,-32.96587301],[-69.24319427,-32.96587431],[-69.24305908,-32.96588894],[-69.24304256,-32.96589109],[-69.24290303,-32.96591246],[-69.24288805,-32.96591507],[-69.24274303,-32.96594335],[-69.24273587,-32.96594482],[-69.24272975,-32.96594619],[-69.24257719,-32.96598179],[-69.24256595,-32.9659846],[-69.24240839,-32.96602665],[-69.24239925,-32.96602922],[-69.24222595,-32.96608034],[-69.2422193,-32.96608237],[-69.24203713,-32.96613994],[-69.24153372,-32.9663041],[-69.24138377,-32.96635008],[-69.24125098,-32.96638803],[-69.24109864,-32.96642725],[-69.24104539,-32.96643904],[-69.24095862,-32.96645825],[-69.24082722,-32.96648205],[-69.24070233,-32.96649919],[-69.24062308,-32.96650654],[-69.24053689,-32.9665111],[-69.24044266,-32.96651275],[-69.24033787,-32.96651136],[-69.24024239,-32.96650781],[-69.24013333,-32.96650182],[-69.23986588,-32.96648275],[-69.23946065,-32.96649776],[-69.23896578,-32.96664781],[-69.23804744,-32.96718635],[-69.23712884,-32.96763541],[-69.23564381,-32.96793644],[-69.23531516,-32.96792329],[-69.23515855,-32.96793532],[-69.23500429,-32.96794465],[-69.23485516,-32.96795109],[-69.23471099,-32.96795467],[-69.23457153,-32.96795542],[-69.23443682,-32.96795337],[-69.23430678,-32.96794854],[-69.23418141,-32.96794096],[-69.2340605,-32.96793066],[-69.23394424,-32.96791769],[-69.23383262,-32.96790208],[-69.23372562,-32.9678839],[-69.23362324,-32.9678632],[-69.23352546,-32.96784004],[-69.23343225,-32.96781447],[-69.23334659,-32.96778752],[-69.23328216,-32.96776313],[-69.23321679,-32.96773289],[-69.23314613,-32.96769447],[-69.23306781,-32.96764592],[-69.2329995,-32.96759934],[-69.23292139,-32.9675424],[-69.23277448,-32.96742868],[-69.23264963,-32.96733205],[-69.23264602,-32.96732929],[-69.23263797,-32.96732325],[-69.23254574,-32.96725408],[-69.23253765,-32.96724821],[-69.23243947,-32.96717936],[-69.2324279,-32.96717162],[-69.23233691,-32.96711357],[-69.23232196,-32.96710459],[-69.23222906,-32.9670521],[-69.23221238,-32.96704342],[-69.23220746,-32.96704103],[-69.23185554,-32.96681032],[-69.23118424,-32.96679136],[-69.23021608,-32.966764],[-69.23017729,-32.96676579],[-69.23016931,-32.96676624],[-69.23002112,-32.96677622],[-69.23001449,-32.96677674],[-69.22986494,-32.96678977],[-69.229858,-32.96679044],[-69.22970387,-32.96680673],[-69.22969741,-32.96680747],[-69.22953515,-32.96682749],[-69.22936413,-32.96685134],[-69.22918773,-32.96687858],[-69.22900289,-32.96690964],[-69.22880707,-32.9669449],[-69.22859303,-32.96698567],[-69.22844926,-32.96701471],[-69.22844442,-32.96701573],[-69.22830052,-32.96704691],[-69.22815484,-32.96708058],[-69.22800972,-32.96711627],[-69.22788604,-32.96714851],[-69.22767106,-32.96722015],[-69.22662797,-32.96756778],[-69.22658978,-32.96758302],[-69.22645098,-32.96764065],[-69.22643212,-32.96764878],[-69.22693847,-32.96804241],[-69.22699936,-32.96801811],[-69.22705523,-32.96799669],[-69.22713026,-32.96796793],[-69.22726162,-32.96791965],[-69.22739345,-32.96787325],[-69.22752575,-32.96782873],[-69.22765852,-32.96778611],[-69.22779177,-32.96774536],[-69.22792549,-32.96770649],[-69.2280597,-32.9676695],[-69.22819439,-32.96763439],[-69.22832957,-32.96760116],[-69.22846524,-32.96756979],[-69.22860141,-32.9675403],[-69.22873856,-32.96751259],[-69.22894485,-32.96747329],[-69.22913267,-32.96743946],[-69.2293083,-32.96740995],[-69.22947435,-32.96738431],[-69.22963394,-32.96736205],[-69.22978699,-32.96734319],[-69.22993441,-32.9673276],[-69.23007676,-32.9673152],[-69.2302164,-32.9673058],[-69.23035169,-32.96729955],[-69.23048298,-32.9672964],[-69.23061049,-32.96729632],[-69.23073448,-32.96729928],[-69.23085508,-32.96730524],[-69.23094287,-32.96731194],[-69.23097245,-32.9673142],[-69.23101694,-32.96731883],[-69.23103921,-32.96732116],[-69.23108798,-32.96732624],[-69.2312906,-32.96735193],[-69.23144455,-32.96737571],[-69.23157832,-32.9674017],[-69.23163461,-32.96741474],[-69.23168455,-32.96742775],[-69.23174992,-32.96744855],[-69.23181414,-32.9674744],[-69.23188264,-32.96750765],[-69.23195693,-32.96754964],[-69.23200515,-32.9675804],[-69.2320347,-32.96759925],[-69.2321231,-32.96766124],[-69.23215013,-32.96768151],[-69.23221751,-32.96773206],[-69.23249093,-32.96794369],[-69.23249794,-32.96794895],[-69.23258365,-32.96801144],[-69.23259177,-32.96801717],[-69.23266994,-32.96807047],[-69.23268163,-32.96807807],[-69.23277381,-32.96813522],[-69.2327895,-32.96814434],[-69.23287848,-32.96819273],[-69.23289804,-32.96820256],[-69.23298463,-32.96824261],[-69.23300754,-32.96825223],[-69.23309475,-32.96828524],[-69.2331124,-32.9682913],[-69.23319699,-32.96831792],[-69.23400212,-32.96844175],[-69.23506886,-32.96848314],[-69.23520755,-32.96847475],[-69.23521274,-32.9684744],[-69.23537937,-32.96846161],[-69.23538564,-32.96846108],[-69.23550733,-32.9684497],[-69.23551399,-32.96844902],[-69.23563595,-32.96843543],[-69.23564254,-32.96843464],[-69.2357645,-32.96841888],[-69.23577104,-32.96841798],[-69.23589275,-32.96840008],[-69.23589926,-32.96839906],[-69.23602045,-32.96837906],[-69.23602695,-32.96837793],[-69.23608287,-32.96836768],[-69.23614739,-32.96835586],[-69.23615389,-32.96835461],[-69.23627335,-32.96833052],[-69.23627902,-32.96832933],[-69.23639813,-32.96830307],[-69.23640469,-32.96830157],[-69.2365214,-32.9682736],[-69.236528,-32.96827195],[-69.23657754,-32.9682591],[-69.23664309,-32.96824211],[-69.23664976,-32.96824031],[-69.23676305,-32.96820863],[-69.2367698,-32.96820668],[-69.23688111,-32.96817322],[-69.23688794,-32.96817109],[-69.23699709,-32.96813592],[-69.23700403,-32.9681336],[-69.23711087,-32.96809674],[-69.23711792,-32.96809423],[-69.23713963,-32.96808623],[-69.23722281,-32.96805556],[-69.23722948,-32.96805301],[-69.2373313,-32.96801294],[-69.23734483,-32.96800729],[-69.23743463,-32.96796751],[-69.23745257,-32.96795893],[-69.23754376,-32.967912],[-69.23754892,-32.96790925],[-69.23755267,-32.96790725],[-69.23755917,-32.96790356],[-69.23765269,-32.96784899],[-69.23766556,-32.96784108],[-69.23776322,-32.96777784],[-69.23777269,-32.96777146],[-69.2378564,-32.9677129],[-69.23786309,-32.96770808],[-69.2379549,-32.96764017],[-69.23796086,-32.96763565],[-69.23825601,-32.96740608],[-69.23835958,-32.96732773],[-69.23844073,-32.96726991],[-69.23844705,-32.96726435],[-69.23845105,-32.96726256],[-69.2384587,-32.96725711],[-69.23854585,-32.96720012],[-69.23863448,-32.96714841],[-69.23871868,-32.96710605],[-69.23875473,-32.96709019],[-69.23879223,-32.9670753],[-69.23882872,-32.9670624],[-69.2388643,-32.96705137],[-69.23890687,-32.96704005],[-69.2389516,-32.96703004],[-69.23899891,-32.96702132],[-69.23904908,-32.96701392],[-69.2391023,-32.96700788],[-69.23915897,-32.96700323],[-69.23921946,-32.96700003],[-69.23928284,-32.96699835],[-69.23940477,-32.96699898],[-69.23954518,-32.96700431],[-69.23968944,-32.96701309],[-69.24008295,-32.96704117],[-69.24008852,-32.96704152],[-69.24020405,-32.96704786],[-69.24021076,-32.96704816],[-69.24031414,-32.96705201],[-69.24032321,-32.96705224],[-69.2404384,-32.96705377],[-69.24045013,-32.96705374],[-69.24055694,-32.96705187],[-69.24057037,-32.9670514],[-69.24067078,-32.96704609],[-69.24067791,-32.96704564],[-69.24068576,-32.967045],[-69.24078077,-32.96703619],[-69.24079728,-32.96703429],[-69.24093834,-32.96701493],[-69.24095415,-32.96701241],[-69.24110051,-32.96698591],[-69.24111361,-32.96698329],[-69.24126781,-32.96694915],[-69.24128005,-32.96694623],[-69.24135768,-32.96692624],[-69.24144313,-32.96690423],[-69.2414524,-32.96690172],[-69.24159317,-32.96686149],[-69.24159986,-32.96685951],[-69.24175618,-32.96681157],[-69.24176225,-32.96680965],[-69.24197364,-32.96674071],[-69.24226555,-32.96664552],[-69.24244126,-32.96658999],[-69.24260668,-32.9665412],[-69.24275405,-32.96650187],[-69.24289436,-32.96646913],[-69.24302527,-32.9664436],[-69.24314905,-32.96642465],[-69.24326797,-32.96641178],[-69.24333866,-32.96640715],[-69.24341577,-32.96640485],[-69.24349972,-32.96640502],[-69.24359134,-32.96640777],[-69.24377277,-32.96641863],[-69.24422801,-32.96645489],[-69.24423475,-32.96645534],[-69.24435528,-32.96646208],[-69.24436463,-32.96646248],[-69.24447279,-32.96646586],[-69.2444848,-32.96646605],[-69.24459645,-32.96646602],[-69.24461124,-32.96646572],[-69.2447153,-32.96646164],[-69.24472982,-32.96646079],[-69.24483019,-32.96645243],[-69.24484855,-32.96645044],[-69.24494174,-32.96643806],[-69.24496294,-32.96643462],[-69.24507217,-32.96641368],[-69.2450805,-32.96641198],[-69.24509356,-32.96640892],[-69.24518152,-32.96638658],[-69.24520555,-32.96638048],[-69.24522456,-32.9663751],[-69.24534034,-32.9663389],[-69.24535676,-32.96633333],[-69.245479,-32.96628851],[-69.24549123,-32.96628373],[-69.24560683,-32.96623606],[-69.24561675,-32.96623179],[-69.24574369,-32.96617475],[-69.24575067,-32.96617152],[-69.24588051,-32.96610964],[-69.2458969,-32.96610161],[-69.2462266,-32.96594022],[-69.24632652,-32.96589359],[-69.2464148,-32.96585453],[-69.24651514,-32.96581337],[-69.24660704,-32.9657794],[-69.24669305,-32.96575145],[-69.24677507,-32.96572874],[-69.24685229,-32.96571091],[-69.2469365,-32.96569473],[-69.24702845,-32.96568022],[-69.24712921,-32.9656673],[-69.24732769,-32.96564808],[-69.24781612,-32.96561082],[-69.24782477,-32.96561006],[-69.24795075,-32.96559754],[-69.24795954,-32.96559657],[-69.24807249,-32.96558266],[-69.24808336,-32.96558117],[-69.24819492,-32.96556412],[-69.24820779,-32.96556193],[-69.24825144,-32.96555369],[-69.248687,-32.96543126],[-69.24934943,-32.96518398],[-69.24938114,-32.96516698],[-69.24939606,-32.96515835],[-69.24940877,-32.96515054],[-69.24964483,-32.96488473],[-69.24990159,-32.96459561],[-69.24993971,-32.96452025],[-69.25006306,-32.96426417],[-69.25009889,-32.96419626],[-69.2501312,-32.96414066],[-69.25016976,-32.96408217],[-69.25020569,-32.96403568],[-69.25023981,-32.96399861],[-69.25027414,-32.9639678],[-69.25029793,-32.96394989],[-69.25032678,-32.96393108],[-69.25035954,-32.96391254],[-69.25039669,-32.96389428],[-69.25043861,-32.96387635],[-69.25048582,-32.96385877],[-69.25053876,-32.9638416],[-69.25059639,-32.96382531],[-69.25070818,-32.9637988],[-69.2508423,-32.96377292],[-69.25097871,-32.96375053],[-69.25132178,-32.96369864],[-69.25133003,-32.9636973],[-69.25149961,-32.96366777],[-69.25151007,-32.96366579],[-69.25159316,-32.96364885],[-69.25160028,-32.96364729],[-69.25167468,-32.96363016],[-69.2516852,-32.96362757],[-69.25175418,-32.96360953],[-69.25176597,-32.96360623],[-69.25183016,-32.96358711],[-69.25184339,-32.96358289],[-69.25190522,-32.96356185],[-69.25191728,-32.96355749],[-69.25197744,-32.96353405],[-69.25199315,-32.96352748],[-69.25204674,-32.96350349],[-69.25206332,-32.96349553],[-69.25211312,-32.96346993],[-69.25212222,-32.96346507],[-69.25213031,-32.96346045],[-69.25217651,-32.96343314],[-69.25219398,-32.96342204],[-69.25222743,-32.96339924],[-69.25235998,-32.96327677],[-69.25251586,-32.96303439],[-69.25265351,-32.96266058],[-69.25270048,-32.96253302],[-69.25271942,-32.96247199],[-69.25274573,-32.96239957],[-69.25277061,-32.96234318],[-69.25279846,-32.96229236],[-69.25280926,-32.96227583],[-69.25282143,-32.9622593],[-69.25283321,-32.96224513],[-69.25284458,-32.96223308],[-69.25285556,-32.96222284],[-69.25286512,-32.96221502],[-69.2528838,-32.96220197],[-69.25290645,-32.96218863],[-69.25293571,-32.96217397],[-69.25297319,-32.96215781],[-69.25301554,-32.96214183],[-69.25306768,-32.96212423],[-69.25331805,-32.96204896],[-69.25332825,-32.96204574],[-69.25343504,-32.96201014],[-69.25344854,-32.96200534],[-69.25349064,-32.96198913],[-69.25362882,-32.96191336],[-69.25394743,-32.96168651],[-69.25395065,-32.96168342],[-69.25396407,-32.96166968],[-69.25402912,-32.96159803],[-69.25403935,-32.9615861],[-69.25409624,-32.9615158],[-69.25410348,-32.96150645],[-69.25416343,-32.96142537],[-69.25416825,-32.96141864],[-69.25422726,-32.96133339],[-69.25437713,-32.96111014],[-69.25446046,-32.96099535],[-69.25450373,-32.96094157],[-69.25452015,-32.96092298],[-69.25456039,-32.96083889],[-69.25466204,-32.96078719],[-69.25467452,-32.96077693],[-69.25472873,-32.96073564],[-69.25478654,-32.96069475],[-69.25484823,-32.96065414],[-69.254914,-32.96061372],[-69.25498432,-32.96057327],[-69.25505961,-32.9605326],[-69.25513956,-32.96049193],[-69.25528655,-32.96042236],[-69.25545676,-32.96034785],[-69.25562766,-32.96027711],[-69.25564119,-32.96027166],[-69.25605797,-32.96004855],[-69.25676448,-32.95977025],[-69.25677284,-32.95976546],[-69.25685836,-32.95971476],[-69.25686609,-32.95971003],[-69.25695374,-32.95965471],[-69.25696057,-32.95965028],[-69.25697425,-32.95964115],[-69.25750727,-32.95923271],[-69.25773384,-32.95907807],[-69.25781012,-32.95902049],[-69.25794536,-32.95892278],[-69.25806739,-32.95884009],[-69.25813669,-32.95879598],[-69.25820436,-32.95875519],[-69.25827004,-32.95871788],[-69.25833409,-32.95868382],[-69.25839688,-32.95865273],[-69.25845859,-32.9586245],[-69.25851943,-32.95859897],[-69.25856045,-32.95858331],[-69.25880259,-32.958457],[-69.25927766,-32.95838589],[-69.25941592,-32.95835911],[-69.25958245,-32.95833061],[-69.25975687,-32.95830435],[-69.25989438,-32.95828704],[-69.26003842,-32.958273],[-69.26019132,-32.95826204],[-69.26035521,-32.95825406],[-69.26052571,-32.95824915],[-69.2605287,-32.95824912],[-69.26067045,-32.95823433],[-69.26079214,-32.95824689],[-69.26092576,-32.95824699],[-69.26122321,-32.95824969],[-69.26147214,-32.95825438],[-69.2617195,-32.95826309],[-69.26196655,-32.95827587],[-69.26221332,-32.9582927],[-69.2624598,-32.9583136],[-69.262706,-32.95833855],[-69.26295193,-32.95836756],[-69.2631976,-32.95840064],[-69.263443,-32.95843778],[-69.26368816,-32.95847899],[-69.26393307,-32.95852427],[-69.26417774,-32.95857362],[-69.26442218,-32.95862704],[-69.26466638,-32.95868455],[-69.26491036,-32.95874614],[-69.26503709,-32.95878034],[-69.26536067,-32.95879329],[-69.26548036,-32.9587678],[-69.26554724,-32.95874777],[-69.26562114,-32.95873079],[-69.26569201,-32.95871953],[-69.2657602,-32.95871367],[-69.26579752,-32.95871323],[-69.26586214,-32.95870471],[-69.26590741,-32.95871944],[-69.26595116,-32.95872568],[-69.26596183,-32.95872825],[-69.26598432,-32.95873601],[-69.26601602,-32.95874924],[-69.26605981,-32.95876903],[-69.26617386,-32.95880615],[-69.26625158,-32.95884415],[-69.26625511,-32.95884525],[-69.26629019,-32.95885428],[-69.26633369,-32.958863],[-69.26638287,-32.95886951],[-69.26643338,-32.95887275],[-69.26647003,-32.95887257],[-69.26720382,-32.95857957],[-69.26723214,-32.9585661],[-69.26726428,-32.95855312],[-69.2672849,-32.95854672],[-69.26728716,-32.95854629],[-69.26728817,-32.95854589],[-69.26728834,-32.95854607],[-69.2672976,-32.95854433],[-69.26731037,-32.95854444],[-69.26732801,-32.95854678],[-69.26735346,-32.95855265],[-69.26738812,-32.95856373],[-69.26743085,-32.95858068],[-69.26748562,-32.95860594],[-69.26754979,-32.95863861],[-69.26772743,-32.9587331],[-69.26837531,-32.95887707],[-69.26838686,-32.95887712],[-69.26844202,-32.95887994],[-69.26849393,-32.95888519],[-69.26854275,-32.95889275],[-69.2685887,-32.95890249],[-69.26863204,-32.95891435],[-69.26867308,-32.9589283],[-69.26871006,-32.9589435],[-69.26871842,-32.95894772],[-69.26872798,-32.95895364],[-69.26874142,-32.95896353],[-69.26875697,-32.95897677],[-69.26880333,-32.95902319],[-69.26890905,-32.95914301],[-69.26891245,-32.95914679],[-69.26891519,-32.95914975],[-69.26896246,-32.95919995],[-69.26897308,-32.95921065],[-69.26897709,-32.95921442],[-69.26902925,-32.95926245],[-69.26903963,-32.95927157],[-69.26905349,-32.95928253],[-69.26910416,-32.95932027],[-69.26910566,-32.95932138],[-69.26912192,-32.95933257],[-69.26912663,-32.95933554],[-69.2691622,-32.95935757],[-69.26917459,-32.95936487],[-69.26917607,-32.9593657],[-69.26921356,-32.95938645],[-69.2692274,-32.95939369],[-69.26926689,-32.95941321],[-69.26926943,-32.95941445],[-69.2692805,-32.95941956],[-69.26932209,-32.95943789],[-69.26932957,-32.95944108],[-69.2693417,-32.95944583],[-69.26943161,-32.95947913],[-69.26943862,-32.95948164],[-69.26945549,-32.95948703],[-69.26955585,-32.95951638],[-69.26955865,-32.95951718],[-69.26957484,-32.95952138],[-69.2696697,-32.95954367],[-69.26967361,-32.95954457],[-69.26968399,-32.95954674],[-69.26979212,-32.95956768],[-69.26980213,-32.95956948],[-69.26991125,-32.95958755],[-69.26991131,-32.95958756],[-69.26991585,-32.95958829],[-69.27019855,-32.9596315],[-69.27034416,-32.95965824],[-69.2704124,-32.95967366],[-69.27047326,-32.95968988],[-69.27052683,-32.95970672],[-69.27057521,-32.95972463],[-69.2706344,-32.9597499],[-69.27069764,-32.95978001],[-69.27076504,-32.95981526],[-69.27083717,-32.95985608],[-69.27097619,-32.95994137],[-69.2713042,-32.9601535],[-69.27130482,-32.9601539],[-69.27131074,-32.96015762],[-69.27139236,-32.96020767],[-69.27139899,-32.96021163],[-69.27147383,-32.96025513],[-69.27147838,-32.96025772],[-69.27148182,-32.96025962],[-69.27155116,-32.96029739],[-69.2715604,-32.96030224],[-69.2716271,-32.96033592],[-69.27163227,-32.96033848],[-69.27163763,-32.96034101],[-69.27170253,-32.96037104],[-69.27171432,-32.96037623],[-69.27177793,-32.96040282],[-69.27177933,-32.96040341],[-69.27179129,-32.96040809],[-69.27186948,-32.96043709],[-69.27187667,-32.96043967],[-69.27188339,-32.96044193],[-69.2719644,-32.96046822],[-69.27197735,-32.96047216],[-69.27197806,-32.96047236],[-69.27206204,-32.960496],[-69.27207532,-32.96049948],[-69.27216246,-32.96052052],[-69.27216858,-32.96052194],[-69.27217523,-32.96052336],[-69.27226568,-32.96054185],[-69.27227782,-32.96054412],[-69.27237196,-32.96056013],[-69.27237363,-32.96056041],[-69.27238341,-32.9605619],[-69.2724816,-32.96057549],[-69.27249227,-32.96057682],[-69.27252237,-32.96058011],[-69.27261404,-32.96058786],[-69.27262217,-32.96058845],[-69.27272461,-32.96059489],[-69.27272831,-32.96059511],[-69.27273194,-32.96059528],[-69.27284041,-32.9606],[-69.27284688,-32.96060023],[-69.27296321,-32.9606033],[-69.27297053,-32.96060343],[-69.273203,-32.9606051],[-69.27320657,-32.96060511],[-69.27320874,-32.9606051],[-69.27366049,-32.96060153],[-69.27384238,-32.96060155],[-69.27402749,-32.96060479],[-69.27418994,-32.96061175],[-69.27428073,-32.96061788],[-69.27436731,-32.96062556],[-69.27443472,-32.9606331],[-69.27445507,-32.96063491],[-69.27453711,-32.96064409],[-69.27461508,-32.96065478],[-69.27468948,-32.960667],[-69.27476052,-32.96068074],[-69.27482849,-32.960696],[-69.27489204,-32.96071239],[-69.27496137,-32.9607334],[-69.27503387,-32.9607592],[-69.27511221,-32.96079092],[-69.27519845,-32.96082967],[-69.27527724,-32.96086789],[-69.27536662,-32.96091369],[-69.27569296,-32.96108949],[-69.27569704,-32.96109165],[-69.27582568,-32.96115867],[-69.27583465,-32.96116317],[-69.27583486,-32.96116327],[-69.27596694,-32.96122706],[-69.27598074,-32.96123335],[-69.27610028,-32.96128472],[-69.27610483,-32.96128664],[-69.27611414,-32.96129033],[-69.27618289,-32.96131645],[-69.27619272,-32.96132002],[-69.27619502,-32.96132081],[-69.27626156,-32.96134336],[-69.27627513,-32.96134766],[-69.2763399,-32.9613668],[-69.27634369,-32.9613679],[-69.27635489,-32.96137089],[-69.27641819,-32.9613867],[-69.2764271,-32.9613888],[-69.27643456,-32.96139039],[-69.27649673,-32.96140295],[-69.27650973,-32.96140534],[-69.27651439,-32.96140608],[-69.27657314,-32.96141504],[-69.27658503,-32.96141595],[-69.27658656,-32.96141603],[-69.27664612,-32.96141895],[-69.27666558,-32.9614194],[-69.27666939,-32.96141938],[-69.27674092,-32.9614185],[-69.27675809,-32.9614179],[-69.27676542,-32.96141741],[-69.27684031,-32.96141165],[-69.27685387,-32.96141036],[-69.27686206,-32.96140934],[-69.27694102,-32.96139865],[-69.27695353,-32.96139674],[-69.27695975,-32.96139563],[-69.27704407,-32.96137982],[-69.27705829,-32.96137687],[-69.27705885,-32.96137674],[-69.27713987,-32.96135811],[-69.27715105,-32.96135536],[-69.27724111,-32.96133166],[-69.27724944,-32.96132936],[-69.27725159,-32.96132873],[-69.27758932,-32.96122898],[-69.27772259,-32.96119321],[-69.27778738,-32.96117842],[-69.27784632,-32.96116714],[-69.27789951,-32.96115918],[-69.27795081,-32.96115386],[-69.27806701,-32.96114574],[-69.27818415,-32.96113977],[-69.278299,-32.96113614],[-69.27841126,-32.96113485],[-69.27852063,-32.96113588],[-69.27862696,-32.96113921],[-69.27873005,-32.96114481],[-69.27882977,-32.96115263],[-69.27892579,-32.96116261],[-69.27893411,-32.9611637],[-69.27901354,-32.96117195],[-69.27910595,-32.96118406],[-69.27919466,-32.96119822],[-69.27927958,-32.9612144],[-69.27936064,-32.9612325],[-69.27943783,-32.96125246],[-69.2795111,-32.96127421],[-69.27957796,-32.96129683],[-69.27963351,-32.96131907],[-69.2796896,-32.96134602],[-69.27974978,-32.96137962],[-69.27981545,-32.96142118],[-69.27988143,-32.96146729],[-69.27995672,-32.9615241],[-69.28003619,-32.96158743],[-69.28026488,-32.96177433],[-69.28027031,-32.96177867],[-69.2803417,-32.96183434],[-69.28034781,-32.96183899],[-69.28041289,-32.9618872],[-69.28041377,-32.96188785],[-69.28042153,-32.96189338],[-69.28049773,-32.96194592],[-69.28050624,-32.96195159],[-69.28050948,-32.96195365],[-69.28058249,-32.96199939],[-69.28059634,-32.9620076],[-69.28059655,-32.96200771],[-69.28066779,-32.96204755],[-69.28068416,-32.96205612],[-69.28075439,-32.96209045],[-69.28075567,-32.96209108],[-69.28076929,-32.9620973],[-69.28082121,-32.96211968],[-69.28082615,-32.96212176],[-69.28083276,-32.96212442],[-69.28088681,-32.96214546],[-69.28089806,-32.96214962],[-69.28095433,-32.96216936],[-69.28095561,-32.96216981],[-69.28096519,-32.96217298],[-69.28102385,-32.96219148],[-69.28103394,-32.9621945],[-69.28103922,-32.96219595],[-69.28116433,-32.96222942],[-69.28117916,-32.96223306],[-69.28118272,-32.96223384],[-69.28132052,-32.96226321],[-69.2813346,-32.96226593],[-69.28145625,-32.962287],[-69.28145907,-32.96228748],[-69.28146645,-32.96228863],[-69.28160413,-32.96230858],[-69.28161338,-32.96230981],[-69.28205976,-32.96236326],[-69.28220948,-32.96238306],[-69.28234369,-32.96240434],[-69.28245904,-32.96242682],[-69.28255817,-32.9624505],[-69.2826468,-32.96247624],[-69.28272657,-32.9625042],[-69.28279937,-32.96253476],[-69.28282786,-32.96254883],[-69.28285983,-32.96256687],[-69.28289541,-32.96258933],[-69.28293402,-32.96261613],[-69.28301764,-32.96268026],[-69.28318186,-32.96281587],[-69.28318573,-32.96281901],[-69.28325238,-32.96287223],[-69.28326115,-32.96287898],[-69.28333063,-32.96293049],[-69.28333161,-32.96293121],[-69.28334409,-32.96293993],[-69.28340809,-32.96298239],[-69.28341187,-32.96298486],[-69.28342786,-32.9629945],[-69.28350211,-32.96303646],[-69.28350322,-32.96303709],[-69.28352109,-32.9630464],[-69.28352243,-32.96304705],[-69.28355871,-32.9630644],[-69.28357433,-32.9630714],[-69.2836103,-32.96308645],[-69.28361187,-32.96308711],[-69.28362754,-32.96309314],[-69.28366338,-32.96310598],[-69.28366686,-32.9631072],[-69.28368215,-32.96311212],[-69.28371793,-32.96312276],[-69.28372231,-32.96312403],[-69.28373804,-32.96312811],[-69.28377385,-32.96313657],[-69.28377823,-32.96313758],[-69.28379503,-32.96314093],[-69.28383095,-32.96314724],[-69.28383461,-32.96314786],[-69.28384832,-32.96314987],[-69.28388287,-32.96315428],[-69.28391135,-32.96315791],[-69.28391837,-32.96315874],[-69.28392442,-32.96315935],[-69.2839872,-32.96316515],[-69.2840008,-32.96316616],[-69.28406218,-32.96316962],[-69.28406343,-32.96316968],[-69.2840767,-32.96317015],[-69.28413597,-32.96317122],[-69.28414369,-32.96317128],[-69.28415173,-32.96317118],[-69.28420808,-32.96316986],[-69.28422102,-32.96316934],[-69.28422543,-32.96316906],[-69.28427871,-32.96316537],[-69.28429519,-32.96316387],[-69.28429801,-32.96316354],[-69.28434791,-32.9631575],[-69.28436581,-32.9631549],[-69.28436949,-32.96315425],[-69.28441581,-32.9631459],[-69.28443256,-32.96314248],[-69.28444976,-32.96313811],[-69.28449497,-32.96312546],[-69.28449785,-32.96312465],[-69.28451748,-32.96311837],[-69.28453542,-32.9631115],[-69.28458021,-32.96309294],[-69.28458137,-32.96309246],[-69.28459986,-32.96308407],[-69.284614,-32.96307673],[-69.28465878,-32.9630521],[-69.28466245,-32.96305006],[-69.28467948,-32.96303971],[-69.28468553,-32.96303568],[-69.28473103,-32.96300458],[-69.28474118,-32.96299734],[-69.28475023,-32.96299035],[-69.28479192,-32.96295688],[-69.28479816,-32.96295174],[-69.28480527,-32.96294552],[-69.28485,-32.9629051],[-69.28485719,-32.96289838],[-69.28486153,-32.9628941],[-69.2850167,-32.96273768],[-69.2850719,-32.9626867],[-69.28509367,-32.9626692],[-69.28511161,-32.96265663],[-69.28512432,-32.96264911],[-69.28513343,-32.96264473],[-69.28514904,-32.96263882],[-69.28516737,-32.96263342],[-69.28518799,-32.96262894],[-69.28521164,-32.96262548],[-69.28523888,-32.96262325],[-69.28527028,-32.96262253],[-69.28530623,-32.96262364],[-69.28530927,-32.96262388],[-69.28534738,-32.96262691],[-69.28538971,-32.96263207],[-69.28543733,-32.96263961],[-69.28549044,-32.96264975],[-69.28554873,-32.96266253],[-69.28567884,-32.96269525],[-69.28595302,-32.96277114],[-69.28595759,-32.96277237],[-69.28607365,-32.96280288],[-69.28608384,-32.9628054],[-69.28620391,-32.96283332],[-69.28620703,-32.96283403],[-69.2862194,-32.96283658],[-69.28632572,-32.96285656],[-69.28633381,-32.96285799],[-69.28634147,-32.96285918],[-69.28640119,-32.96286779],[-69.28640278,-32.96286802],[-69.28641585,-32.96286967],[-69.28641682,-32.96286977],[-69.28647508,-32.96287595],[-69.28649083,-32.96287729],[-69.28654644,-32.96288085],[-69.28655062,-32.96288109],[-69.2865639,-32.96288156],[-69.28661711,-32.96288252],[-69.28662482,-32.96288258],[-69.28663621,-32.96288238],[-69.28668731,-32.96288073],[-69.2866969,-32.9628803],[-69.28670791,-32.96287951],[-69.28675698,-32.96287525],[-69.28676685,-32.96287426],[-69.28677884,-32.96287271],[-69.286826,-32.96286582],[-69.28683472,-32.96286445],[-69.28684879,-32.96286177],[-69.28689415,-32.96285225],[-69.28690052,-32.96285086],[-69.28692059,-32.96284567],[-69.28692142,-32.96284543],[-69.28698426,-32.96282713],[-69.28700306,-32.96282109],[-69.28701224,-32.96281772],[-69.28707669,-32.96279302],[-69.28708662,-32.96278904],[-69.28710006,-32.96278308],[-69.28716679,-32.96275174],[-69.28717184,-32.96274932],[-69.2871857,-32.96274213],[-69.287256,-32.96270355],[-69.28725996,-32.96270135],[-69.28726945,-32.96269576],[-69.28732992,-32.96265876],[-69.28733745,-32.962654],[-69.28733916,-32.96265288],[-69.28740586,-32.96260889],[-69.28741389,-32.96260341],[-69.28762651,-32.96245361],[-69.28769702,-32.96240562],[-69.28776071,-32.96236546],[-69.28781326,-32.96233583],[-69.28786122,-32.96231263],[-69.28790058,-32.96229721],[-69.28793261,-32.96228783],[-69.28796288,-32.96228211],[-69.28797985,-32.96228033],[-69.28800288,-32.96227924],[-69.28802805,-32.96227944],[-69.2880283,-32.96227944],[-69.28805646,-32.96228111],[-69.28808763,-32.96228447],[-69.28812214,-32.96228975],[-69.28816026,-32.96229718],[-69.28820066,-32.96230661],[-69.28828089,-32.96232899],[-69.28837533,-32.96235977],[-69.2884726,-32.96239466],[-69.28873602,-32.96249306],[-69.28874404,-32.96249594],[-69.28874552,-32.96249645],[-69.28888967,-32.96254569],[-69.28890252,-32.96254981],[-69.28897735,-32.96257228],[-69.28898269,-32.96257384],[-69.2889894,-32.96257567],[-69.28905938,-32.96259409],[-69.28907279,-32.96259734],[-69.28907353,-32.96259751],[-69.2891399,-32.96261219],[-69.28915615,-32.96261541],[-69.28921955,-32.9626265],[-69.28922302,-32.96262709],[-69.28923378,-32.96262871],[-69.28943821,-32.96265644],[-69.28944818,-32.96265766],[-69.28944896,-32.96265774],[-69.28956632,-32.96267025],[-69.28957714,-32.96267125],[-69.28978295,-32.96268722],[-69.28979225,-32.96268783],[-69.28979379,-32.9626879],[-69.2900003,-32.96269799],[-69.29001113,-32.96269837],[-69.29021833,-32.96270257],[-69.29022694,-32.96270265],[-69.29022912,-32.96270264],[-69.290437,-32.96270097],[-69.29044771,-32.96270073],[-69.29065629,-32.96269317],[-69.29066438,-32.96269279],[-69.29066688,-32.96269264],[-69.29087615,-32.96267921],[-69.29088659,-32.96267839],[-69.29109655,-32.96265908],[-69.2911045,-32.96265826],[-69.29110681,-32.96265799],[-69.29131746,-32.96263279],[-69.29132753,-32.96263145],[-69.29153887,-32.96260037],[-69.2915472,-32.96259905],[-69.2915487,-32.96259879],[-69.29176073,-32.96256184],[-69.29177031,-32.96256004],[-69.29198304,-32.9625172],[-69.29199235,-32.9625152],[-69.29220577,-32.96246648],[-69.2922058,-32.96246647],[-69.2922148,-32.96246429],[-69.29242891,-32.96240969],[-69.29243765,-32.96240734],[-69.29265245,-32.96234686],[-69.29265478,-32.9623462],[-69.29267441,-32.96233992],[-69.29269351,-32.96233257],[-69.292712,-32.96232418],[-69.2927298,-32.96231479],[-69.29274683,-32.96230444],[-69.29276303,-32.96229317],[-69.29277831,-32.96228104],[-69.29279263,-32.96226808],[-69.2928059,-32.96225437],[-69.29281808,-32.96223995],[-69.29282912,-32.96222489],[-69.29283897,-32.96220926],[-69.29284758,-32.96219312],[-69.29284889,-32.96219016],[-69.29293896,-32.96219429],[-69.29294268,-32.96218587],[-69.29294872,-32.96216892],[-69.29295343,-32.96215167],[-69.2929568,-32.96213419],[-69.2929588,-32.96211657],[-69.29295943,-32.96209888],[-69.29295868,-32.96208119],[-69.29295656,-32.96206358],[-69.29295309,-32.96204612],[-69.29294826,-32.96202889],[-69.29294211,-32.96201197],[-69.29293466,-32.96199542],[-69.29292594,-32.96197932],[-69.29291599,-32.96196373],[-69.29290485,-32.96194872],[-69.29289257,-32.96193436],[-69.29287921,-32.96192071],[-69.29286481,-32.96190783],[-69.29284945,-32.96189576],[-69.29283318,-32.96188457],[-69.2928213,-32.96187744],[-69.29281608,-32.9618743],[-69.29279822,-32.96186499],[-69.29277967,-32.96185669],[-69.29276052,-32.96184943],[-69.29274085,-32.96184324],[-69.29272074,-32.96183815],[-69.29270028,-32.96183418],[-69.29267955,-32.96183135],[-69.29265865,-32.96182966],[-69.29263766,-32.96182913],[-69.29263458,-32.96182922],[-69.29263339,-32.96182926],[-69.29261667,-32.96182976],[-69.29259578,-32.96183154],[-69.29257508,-32.96183447],[-69.29255464,-32.96183854],[-69.29253689,-32.96184306],[-69.29232645,-32.96190232],[-69.29212124,-32.96195465],[-69.29191701,-32.96200128],[-69.29171374,-32.96204221],[-69.29151141,-32.96207748],[-69.29131002,-32.9621071],[-69.2912342,-32.96211617],[-69.29110954,-32.96213108],[-69.29090994,-32.96214944],[-69.2907112,-32.9621622],[-69.29051327,-32.96216937],[-69.29031614,-32.96217096],[-69.29011977,-32.96216697],[-69.28992411,-32.96215741],[-69.28972913,-32.96214228],[-69.28964168,-32.96213297],[-69.28964138,-32.96213293],[-69.2895348,-32.96212158],[-69.28944704,-32.96211224],[-69.28925512,-32.96208621],[-69.28920698,-32.96207778],[-69.2891558,-32.96206646],[-69.28909891,-32.96205149],[-69.28903654,-32.96203277],[-69.28897787,-32.96201273],[-69.28890354,-32.96198734],[-69.28864265,-32.96188988],[-69.28863826,-32.96188828],[-69.28853388,-32.96185084],[-69.28853025,-32.96184956],[-69.288524,-32.96184746],[-69.28841719,-32.96181264],[-69.28840377,-32.96180855],[-69.28840224,-32.96180813],[-69.28830697,-32.96178155],[-69.28829185,-32.96177768],[-69.28823718,-32.96176491],[-69.28823371,-32.96176412],[-69.2882238,-32.96176205],[-69.28817149,-32.96175185],[-69.28816094,-32.96174995],[-69.28815649,-32.96174924],[-69.28810795,-32.96174182],[-69.28810617,-32.96174155],[-69.2880899,-32.96173942],[-69.28808956,-32.96173938],[-69.28804101,-32.96173415],[-69.28802284,-32.96173264],[-69.28797578,-32.96172985],[-69.28797338,-32.96172971],[-69.28795618,-32.96172919],[-69.28791053,-32.96172884],[-69.28790674,-32.96172883],[-69.28788971,-32.96172925],[-69.28788896,-32.96172929],[-69.28780925,-32.96175671],[-69.28758531,-32.96183375],[-69.28756742,-32.96183146],[-69.28755378,-32.9618376],[-69.28748431,-32.96187121],[-69.28748282,-32.96187193],[-69.28746562,-32.96188098],[-69.28739689,-32.96191974],[-69.28739629,-32.96192008],[-69.28738309,-32.96192797],[-69.2873659,-32.96193881],[-69.28730789,-32.96197539],[-69.28730405,-32.96197785],[-69.28729852,-32.96198153],[-69.28724677,-32.96201675],[-69.28722127,-32.9620341],[-69.28721705,-32.96203702],[-69.28700631,-32.9621855],[-69.28694824,-32.9622238],[-69.28689907,-32.96225389],[-69.28684486,-32.96228364],[-69.28679922,-32.96230507],[-69.28676041,-32.96231994],[-69.28672528,-32.96233018],[-69.28670504,-32.96233442],[-69.28668024,-32.96233804],[-69.28665244,-32.96234046],[-69.28662122,-32.96234146],[-69.28658631,-32.96234084],[-69.28654732,-32.96233834],[-69.28650396,-32.96233374],[-69.28648023,-32.96233032],[-69.28645756,-32.96232705],[-69.28636687,-32.96231001],[-69.28625962,-32.96228507],[-69.28618888,-32.96226647],[-69.2857859,-32.96221488],[-69.28526188,-32.96211544],[-69.2850872,-32.9620946],[-69.28506548,-32.96209778],[-69.28505694,-32.96209913],[-69.28504035,-32.96210234],[-69.28502917,-32.96210477],[-69.28499422,-32.96211236],[-69.28499038,-32.96211321],[-69.28497031,-32.9621184],[-69.28496846,-32.96211893],[-69.28492433,-32.96213193],[-69.28490654,-32.96213767],[-69.28489859,-32.96214058],[-69.28485637,-32.96215657],[-69.28484522,-32.96216102],[-69.28482911,-32.96216825],[-69.28479355,-32.96218533],[-69.28479116,-32.96218648],[-69.28477336,-32.96219587],[-69.28476799,-32.96219898],[-69.28473219,-32.96222016],[-69.28472053,-32.9622274],[-69.28471145,-32.96223353],[-69.28467504,-32.96225905],[-69.28466792,-32.96226418],[-69.28465869,-32.96227132],[-69.28462095,-32.96230166],[-69.2846149,-32.96230666],[-69.28460542,-32.96231504],[-69.28453804,-32.96237727],[-69.2845332,-32.96238184],[-69.28452887,-32.96238611],[-69.28437481,-32.96254141],[-69.2843425,-32.96257061],[-69.28431695,-32.96259112],[-69.28429426,-32.96260663],[-69.28427966,-32.96261465],[-69.28427201,-32.96261782],[-69.28426431,-32.96261998],[-69.28424594,-32.96262329],[-69.28421651,-32.96262685],[-69.28418157,-32.96262927],[-69.28414179,-32.9626302],[-69.28409767,-32.9626294],[-69.28405035,-32.96262674],[-69.28400091,-32.96262217],[-69.28396423,-32.96261749],[-69.28395313,-32.96261607],[-69.28393653,-32.96261316],[-69.28392138,-32.96260958],[-69.28390506,-32.96260473],[-69.28388723,-32.96259834],[-69.2838677,-32.96259017],[-69.28384951,-32.96258147],[-69.28379535,-32.96255086],[-69.28376304,-32.96252943],[-69.28370084,-32.96254269],[-69.28320396,-32.96211004],[-69.28317686,-32.96209474],[-69.28317592,-32.96209422],[-69.2831606,-32.96208615],[-69.2831144,-32.96206333],[-69.28311186,-32.96206209],[-69.28309518,-32.96205456],[-69.28300282,-32.9620158],[-69.28300096,-32.96201502],[-69.28298299,-32.96200817],[-69.28297761,-32.96200629],[-69.28154759,-32.96176505],[-69.28154993,-32.96175516]]]]},"geometry_name":"the_geom","properties":{"fid":84,"id":88,"distrito_":"POTRERILLOS","zona_":"CONSERVACION NATURAL","codigo":"ZCN","lote_min":"5000","lado_min":"30","fos":"0","retiro_fro":"3","retiro_lat":"3","retiro_pos":"3","alt_max":"8","ordenanza":"14106-2021","sup_m2":598790}},{"type":"Feature","id":"Zonas.9","geometry":{"type":"MultiPolygon","coordinates":[[[[-68.86789169,-33.04045642],[-68.86853149,-33.04300119],[-68.86925739,-33.04588592],[-68.86925978,-33.04588573],[-68.87458718,-33.04618384],[-68.88100315,-33.04663884],[-68.88741948,-33.04597763],[-68.89182186,-33.04596587],[-68.8944394,-33.04600713],[-68.89578287,-33.04606678],[-68.89768229,-33.04612688],[-68.89955573,-33.04619565],[-68.90479499,-33.0463009],[-68.90917091,-33.04645095],[-68.92230473,-33.04778342],[-68.93041845,-33.04844579],[-68.93323791,-33.04868717],[-68.9355989,-33.05124412],[-68.93784976,-33.05131567],[-68.93733535,-33.05004172],[-68.9369531,-33.04953924],[-68.93675351,-33.04925682],[-68.93654831,-33.04909361],[-68.93609669,-33.04873641],[-68.93585632,-33.04858422],[-68.93567881,-33.04849904],[-68.93526419,-33.04828271],[-68.93479355,-33.04809762],[-68.93461512,-33.04807817],[-68.93413461,-33.04802579],[-68.93361257,-33.04800604],[-68.93358459,-33.04800403],[-68.93216047,-33.04794458],[-68.93150787,-33.04784945],[-68.93108036,-33.04771654],[-68.93071389,-33.04751463],[-68.93055112,-33.04739237],[-68.93020743,-33.04718088],[-68.92986213,-33.04691379],[-68.92978476,-33.0468678],[-68.92964731,-33.0467861],[-68.92932078,-33.04664837],[-68.92913302,-33.04656917],[-68.92770536,-33.04664372],[-68.92691765,-33.04666221],[-68.92585991,-33.04663316],[-68.92466725,-33.04647133],[-68.9228012,-33.04609509],[-68.9226871,-33.04607209],[-68.92220352,-33.0459438],[-68.91848836,-33.04500327],[-68.91445461,-33.04395057],[-68.91392859,-33.04388912],[-68.91229957,-33.04371827],[-68.91126792,-33.0437426],[-68.91110828,-33.04372454],[-68.9110939,-33.04372479],[-68.91098161,-33.04371021],[-68.91035033,-33.04363877],[-68.9102371,-33.04361354],[-68.91021305,-33.04361041],[-68.90933054,-33.0434218],[-68.90875041,-33.0430404],[-68.90827888,-33.04271498],[-68.90791532,-33.04239015],[-68.90779379,-33.04237971],[-68.90758227,-33.04236153],[-68.90702414,-33.04231357],[-68.90551436,-33.04210055],[-68.90528499,-33.04207326],[-68.90511078,-33.04205253],[-68.90430616,-33.0419655],[-68.90349215,-33.04188328],[-68.90265702,-33.04188594],[-68.90165029,-33.04188915],[-68.90107806,-33.04193839],[-68.90046522,-33.04199112],[-68.90028412,-33.04202435],[-68.89866001,-33.04232228],[-68.89803233,-33.04244643],[-68.89699015,-33.04264502],[-68.89655068,-33.04272746],[-68.89614338,-33.04280387],[-68.89480515,-33.04302713],[-68.89451575,-33.04307207],[-68.89450619,-33.04307356],[-68.89433044,-33.04310085],[-68.89161468,-33.04261055],[-68.89147734,-33.04258514],[-68.88963501,-33.04224428],[-68.8894484,-33.04220975],[-68.88843156,-33.04205876],[-68.88806335,-33.04200408],[-68.88797841,-33.04199078],[-68.88657327,-33.04178483],[-68.88608521,-33.04168515],[-68.88534661,-33.04154289],[-68.88492515,-33.04147318],[-68.88386445,-33.04141852],[-68.88313038,-33.04135179],[-68.88210621,-33.04125096],[-68.88158466,-33.0412009],[-68.88158405,-33.04120084],[-68.88066038,-33.04107262],[-68.88062777,-33.0410686],[-68.88015024,-33.04100969],[-68.879773,-33.04097936],[-68.87941095,-33.04094156],[-68.87891761,-33.04091058],[-68.87866161,-33.04089],[-68.87778838,-33.04087394],[-68.87762473,-33.04086907],[-68.87751495,-33.04086891],[-68.87692737,-33.0408581],[-68.87685376,-33.04086794],[-68.87626845,-33.04094301],[-68.8760607,-33.04095429],[-68.87571005,-33.04099962],[-68.87534028,-33.04099072],[-68.87503867,-33.04098347],[-68.8747241,-33.0409166],[-68.87463562,-33.04089265],[-68.87441363,-33.04083159],[-68.87427987,-33.04075929],[-68.87421978,-33.04072682],[-68.87417533,-33.04070912],[-68.87415606,-33.04070859],[-68.87375969,-33.04058891],[-68.87358977,-33.04056488],[-68.87336322,-33.04052887],[-68.87313669,-33.04048092],[-68.87293846,-33.04045686],[-68.87276856,-33.04042091],[-68.87266949,-33.04037309],[-68.87254203,-33.04037296],[-68.8723919,-33.04028208],[-68.87227317,-33.04021762],[-68.87207514,-33.04005042],[-68.87200739,-33.03970063],[-68.87124882,-33.0396259],[-68.87057827,-33.03979888],[-68.87038333,-33.03984639],[-68.87013129,-33.03991102],[-68.86935138,-33.04018885],[-68.86894679,-33.04025758],[-68.86827704,-33.04037094],[-68.86789169,-33.04045642]]]]},"geometry_name":"the_geom","properties":{"fid":9,"id":8,"distrito_":"CIUDAD","zona_":"RECREACION 3","codigo":"ZREC3","lote_min":"500","lado_min":"12","fos":"45","retiro_fro":"3","retiro_lat":"0","retiro_pos":"0","alt_max":"8","ordenanza":"14106-2021","sup_m2":2503130}},{"type":"Feature","id":"Zonas.10","geometry":{"type":"MultiPolygon","coordinates":[[[[-68.85704652,-33.00294295],[-68.8570544,-33.00296903],[-68.86633505,-33.0010085],[-68.86633479,-33.00100769],[-68.86312822,-32.99139208],[-68.86253386,-32.9896564],[-68.85841517,-32.99060131],[-68.85372237,-32.99169126],[-68.85497992,-32.99610309],[-68.85531783,-32.99722154],[-68.85556834,-32.9980507],[-68.85560528,-32.99817296],[-68.85572602,-32.99857259],[-68.85575916,-32.99868228],[-68.85596691,-32.99936988],[-68.85602525,-32.99956297],[-68.85609742,-32.99980185],[-68.85622343,-33.00021889],[-68.85632886,-33.00056782],[-68.85633856,-33.00059992],[-68.85655367,-33.00131187],[-68.85704652,-33.00294295]]]]},"geometry_name":"the_geom","properties":{"fid":10,"id":9,"distrito_":"MAYOR DRUMMOND","zona_":"RESIDENCIAL 2","codigo":"ZR2","lote_min":"500","lado_min":"12","fos":"45","retiro_fro":"3","retiro_lat":"0","retiro_pos":"0","alt_max":"8","ordenanza":"14106-2021","sup_m2":1138500}},{"type":"Feature","id":"Zonas.11","geometry":{"type":"MultiPolygon","coordinates":[[[[-68.9316419,-33.03062546],[-68.93287694,-33.03320598],[-68.93144642,-33.03360368],[-68.92940679,-33.03409877],[-68.92851521,-33.03425374],[-68.92703956,-33.0349239],[-68.91198481,-33.03564985],[-68.91198208,-33.03564961],[-68.91147096,-33.03560493],[-68.91123023,-33.03558388],[-68.91102908,-33.03584285],[-68.90739227,-33.03608392],[-68.9070445,-33.03609811],[-68.90457597,-33.03619886],[-68.90417343,-33.03622601],[-68.90420915,-33.03625878],[-68.90421879,-33.03626763],[-68.90460211,-33.03661928],[-68.9048095,-33.03680953],[-68.90498422,-33.03697662],[-68.90557346,-33.03754013],[-68.9062739,-33.03823753],[-68.90641859,-33.03838159],[-68.90647841,-33.0384408],[-68.9068071,-33.03875775],[-68.90726548,-33.03920183],[-68.90726682,-33.03920336],[-68.90728669,-33.03922233],[-68.90777411,-33.03978154],[-68.90821879,-33.04027943],[-68.90825601,-33.04101888],[-68.90825654,-33.04102941],[-68.90834713,-33.041169],[-68.90839078,-33.04122952],[-68.90850553,-33.0413886],[-68.90872053,-33.04164641],[-68.90888533,-33.04184631],[-68.90890159,-33.04186603],[-68.9089137,-33.04187253],[-68.90894056,-33.04190237],[-68.90907717,-33.04196771],[-68.90912564,-33.04199838],[-68.90941746,-33.04216254],[-68.90972882,-33.04226114],[-68.91004019,-33.04230905],[-68.91048161,-33.0423963],[-68.91148279,-33.04266237],[-68.91227027,-33.04285247],[-68.91311402,-33.04302365],[-68.91392401,-33.04321375],[-68.91485773,-33.04344184],[-68.91576355,-33.04362603],[-68.91655649,-33.04382207],[-68.91873909,-33.04423102],[-68.92039426,-33.04443255],[-68.92185581,-33.04447942],[-68.92202616,-33.04448058],[-68.92239662,-33.04449524],[-68.92291105,-33.044656],[-68.92359185,-33.04483507],[-68.92449077,-33.04509364],[-68.92606991,-33.04542365],[-68.92662945,-33.04556627],[-68.92710973,-33.04570514],[-68.92727614,-33.0457311],[-68.9273235,-33.04574318],[-68.92797519,-33.04584016],[-68.92899995,-33.04600002],[-68.92938251,-33.04603815],[-68.92964129,-33.0460762],[-68.92999497,-33.04606856],[-68.93028268,-33.04609552],[-68.93108398,-33.04619567],[-68.93127962,-33.04622801],[-68.93131659,-33.04627561],[-68.93143714,-33.0464493],[-68.93144543,-33.04645089],[-68.93145797,-33.0464576],[-68.93148642,-33.04649422],[-68.93181259,-33.04670289],[-68.93199238,-33.04703469],[-68.93242545,-33.0471104],[-68.93281372,-33.04718677],[-68.93355783,-33.04731892],[-68.93410865,-33.04743091],[-68.93497231,-33.04767082],[-68.93569607,-33.0478645],[-68.9360151,-33.04796236],[-68.93608537,-33.04798801],[-68.93665794,-33.04821662],[-68.9368618,-33.04835987],[-68.9371363,-33.04854457],[-68.93736011,-33.0487132],[-68.93747327,-33.04892319],[-68.93761476,-33.04913797],[-68.93782981,-33.0494673],[-68.93805065,-33.04983006],[-68.93819198,-33.05008299],[-68.93863905,-33.05081322],[-68.93878337,-33.05104126],[-68.93910311,-33.05028743],[-68.9386231,-33.04597286],[-68.93599166,-33.03980497],[-68.94402897,-33.03879087],[-68.94867525,-33.03818051],[-68.94451452,-33.03001873],[-68.94404028,-33.03013048],[-68.94289494,-33.02751764],[-68.93921536,-33.02819274],[-68.93941356,-33.0287673],[-68.9316419,-33.03062546]]]]},"geometry_name":"the_geom","properties":{"fid":11,"id":10,"distrito_":"VISTALBA","zona_":"RESERVA AMBIENTAL 1","codigo":"ZRA1","lote_min":"1000","lado_min":"22","fos":"35","retiro_fro":"6","retiro_lat":"3","retiro_pos":"3","alt_max":"8","ordenanza":"14106-2021","sup_m2":4362120}},{"type":"Feature","id":"Zonas.12","geometry":{"type":"MultiPolygon","coordinates":[[[[-68.85430532,-32.96093435],[-68.8549936,-32.96240869],[-68.85562393,-32.96382805],[-68.85590886,-32.96446462],[-68.85641207,-32.96563072],[-68.85667413,-32.96637478],[-68.85679098,-32.96671951],[-68.85696817,-32.967342],[-68.85782237,-32.96739176],[-68.86154103,-32.96751096],[-68.86352306,-32.96756292],[-68.86560988,-32.96761154],[-68.86776695,-32.96767311],[-68.86752989,-32.9666108],[-68.86918347,-32.96646165],[-68.87027138,-32.96633573],[-68.87129066,-32.96622401],[-68.87227322,-32.96613633],[-68.87172852,-32.96559742],[-68.87054827,-32.96446017],[-68.86590335,-32.96185434],[-68.86536802,-32.9618758],[-68.86463996,-32.96189093],[-68.86462858,-32.96189098],[-68.86423625,-32.96188686],[-68.86393249,-32.96188367],[-68.86289341,-32.96187276],[-68.8620617,-32.96186401],[-68.8605651,-32.96184254],[-68.85884399,-32.96177254],[-68.85711198,-32.96170207],[-68.85660949,-32.961682],[-68.85631743,-32.96168241],[-68.85565027,-32.9616479],[-68.85553897,-32.96164034],[-68.85553645,-32.96119262],[-68.85553621,-32.961151],[-68.85553602,-32.96111677],[-68.85614787,-32.9611355],[-68.85756045,-32.96117873],[-68.85756479,-32.96117886],[-68.86077445,-32.96130941],[-68.86401326,-32.96134347],[-68.86437658,-32.96134729],[-68.86476601,-32.96131546],[-68.86492896,-32.9613033],[-68.86317094,-32.9603213],[-68.8630567,-32.96025582],[-68.8601706,-32.95862711],[-68.86015176,-32.95862722],[-68.85739843,-32.95864329],[-68.85516679,-32.9586568],[-68.85453361,-32.95867549],[-68.85331277,-32.95876499],[-68.85430532,-32.96093435]]]]},"geometry_name":"the_geom","properties":{"fid":12,"id":11,"distrito_":"LA PUNTILLA","zona_":"RESIDENCIAL 2","codigo":"ZR2","lote_min":"500","lado_min":"12","fos":"45","retiro_fro":"3","retiro_lat":"0","retiro_pos":"0","alt_max":"8","ordenanza":"14106-2021","sup_m2":1023730}},{"type":"Feature","id":"Zonas.13","geometry":{"type":"MultiPolygon","coordinates":[[[[-68.87311916,-33.00003272],[-68.86949095,-33.00022317],[-68.8676722,-33.00034785],[-68.86780152,-33.00088185],[-68.86794036,-33.00181988],[-68.86820246,-33.00381653],[-68.86847005,-33.00437138],[-68.86864968,-33.00478592],[-68.87410761,-33.00478417],[-68.8741019,-33.0047567],[-68.87411214,-33.00475667],[-68.87312905,-33.00006063],[-68.87312501,-33.00006084],[-68.87311916,-33.00003272]]]]},"geometry_name":"the_geom","properties":{"fid":13,"id":12,"distrito_":"CHACRAS DE CORIA","zona_":"EDUCACION Y DESARROLLO","codigo":"ZED","lote_min":"0","lado_min":"0","fos":"10","retiro_fro":"5","retiro_lat":"5","retiro_pos":"5","alt_max":"12","ordenanza":"14106-2021","sup_m2":266459}},{"type":"Feature","id":"Zonas.14","geometry":{"type":"MultiPolygon","coordinates":[[[[-68.87213785,-33.01237733],[-68.87251311,-33.01267237],[-68.87332044,-33.01270686],[-68.87379636,-33.01272386],[-68.87446626,-33.01277929],[-68.87447286,-33.0131133],[-68.8745896,-33.01318996],[-68.87496457,-33.01338921],[-68.87683965,-33.01438554],[-68.87730594,-33.01468559],[-68.87736982,-33.01472096],[-68.87739716,-33.01474429],[-68.87766881,-33.01508121],[-68.87784852,-33.01520206],[-68.8779601,-33.0152795],[-68.87803681,-33.01536587],[-68.87837318,-33.01559721],[-68.87839094,-33.01502468],[-68.87869639,-33.01504988],[-68.87885422,-33.01411927],[-68.87885531,-33.01411179],[-68.87817385,-33.01408913],[-68.87809558,-33.0143813],[-68.87674261,-33.01416739],[-68.87640669,-33.0124748],[-68.87733769,-33.01257762],[-68.88012118,-33.01296118],[-68.8801372,-33.01296339],[-68.87987018,-33.00827653],[-68.87977064,-33.00631074],[-68.8797671,-33.00603422],[-68.86903472,-33.00603413],[-68.8693847,-33.00726532],[-68.86962757,-33.00809954],[-68.86988136,-33.00895948],[-68.87026677,-33.01004328],[-68.87066485,-33.01092995],[-68.87078473,-33.01112961],[-68.87106643,-33.01148657],[-68.87167771,-33.01203888],[-68.87213785,-33.01237733]]]]},"geometry_name":"the_geom","properties":{"fid":14,"id":13,"distrito_":"CHACRAS DE CORIA","zona_":"EDUCACION Y DESARROLLO","codigo":"ZED","lote_min":"0","lado_min":"0","fos":"10","retiro_fro":"5","retiro_lat":"5","retiro_pos":"5","alt_max":"12","ordenanza":"14106-2021","sup_m2":708923}},{"type":"Feature","id":"Zonas.15","geometry":{"type":"MultiPolygon","coordinates":[[[[-68.85553621,-32.961151],[-68.85553897,-32.96164034],[-68.85565027,-32.9616479],[-68.85631743,-32.96168241],[-68.85660949,-32.961682],[-68.85711198,-32.96170207],[-68.85884399,-32.96177254],[-68.8605651,-32.96184254],[-68.8620617,-32.96186401],[-68.86289341,-32.96187276],[-68.86393249,-32.96188367],[-68.86423625,-32.96188686],[-68.86462858,-32.96189098],[-68.86463996,-32.96189093],[-68.8653652,-32.9618832],[-68.86591396,-32.96186029],[-68.86590335,-32.96185434],[-68.86493033,-32.96130319],[-68.86476601,-32.96131546],[-68.86437658,-32.96134729],[-68.86401326,-32.96134347],[-68.86077445,-32.96130941],[-68.85756479,-32.96117886],[-68.85756045,-32.96117873],[-68.85614787,-32.9611355],[-68.85553602,-32.96111677],[-68.85553621,-32.961151]]]]},"geometry_name":"the_geom","properties":{"fid":15,"id":34,"distrito_":"LA PUNTILLA","zona_":"COMERCIAL MIXTA 2","codigo":"ZCM2","lote_min":"300","lado_min":"12","fos":"80","retiro_fro":"0","retiro_lat":"0","retiro_pos":"0","alt_max":"8","ordenanza":"14106-2021","sup_m2":55715.3}},{"type":"Feature","id":"Zonas.85","geometry":{"type":"MultiPolygon","coordinates":[[[[-69.36454232,-32.97416347],[-69.36478798,-32.97409445],[-69.3645516,-32.97411339],[-69.36454232,-32.97416347]]],[[[-69.36454232,-32.97416347],[-69.36349867,-32.97445668],[-69.36174791,-32.97583114],[-69.36015545,-32.97700956],[-69.3589812,-32.97866175],[-69.35808592,-32.97938985],[-69.35461499,-32.98038848],[-69.35122614,-32.98211973],[-69.3498997,-32.98298835],[-69.34985494,-32.98307533],[-69.34951785,-32.98373035],[-69.34948884,-32.98378673],[-69.34965767,-32.98461202],[-69.34983557,-32.98657014],[-69.34888659,-32.98721433],[-69.34715247,-32.98803911],[-69.34549441,-32.9879931],[-69.34368505,-32.98894827],[-69.34290555,-32.9901603],[-69.34254145,-32.99049892],[-69.34242765,-32.99053356],[-69.34185727,-32.99105582],[-69.34078516,-32.99206743],[-69.33933453,-32.99331966],[-69.33931028,-32.99334317],[-69.33928143,-32.99338065],[-69.33926029,-32.99342162],[-69.33924744,-32.99346496],[-69.33924419,-32.99348775],[-69.33908192,-32.99525437],[-69.33770008,-32.99580236],[-69.33567482,-32.99538149],[-69.33381371,-32.99403297],[-69.33377874,-32.99401093],[-69.33167613,-32.9928687],[-69.33163023,-32.992848],[-69.33161096,-32.99284155],[-69.32958437,-32.99222659],[-69.32955344,-32.99221866],[-69.32950112,-32.99221145],[-69.32944811,-32.99221158],[-69.32941248,-32.99221587],[-69.32661702,-32.99268847],[-69.32660039,-32.99269167],[-69.3265503,-32.99270631],[-69.32650376,-32.99272769],[-69.32649824,-32.99273082],[-69.32429458,-32.99400824],[-69.32425837,-32.99403266],[-69.32422258,-32.99406562],[-69.32420124,-32.99409194],[-69.32321601,-32.99547575],[-69.32196648,-32.99564646],[-69.32193809,-32.99565145],[-69.321888,-32.99566609],[-69.32184146,-32.99568747],[-69.32179972,-32.99571502],[-69.32179036,-32.99572263],[-69.32029516,-32.99698822],[-69.31777731,-32.99782714],[-69.31587063,-32.99694372],[-69.31588713,-32.99694248],[-69.31582551,-32.99691161],[-69.31579397,-32.99690821],[-69.31558817,-32.99688598],[-69.31530136,-32.99680918],[-69.31505346,-32.9967428],[-69.31448736,-32.99607382],[-69.31356478,-32.9954232],[-69.31258062,-32.99489304],[-69.31153608,-32.99448483],[-69.31038458,-32.99419236],[-69.30999513,-32.99414457],[-69.3099357,-32.99413415],[-69.30978673,-32.99411042],[-69.30963457,-32.9940885],[-69.30947916,-32.99406836],[-69.30932043,-32.99404999],[-69.30915855,-32.9940334],[-69.30899318,-32.99401854],[-69.30882358,-32.99400534],[-69.30865138,-32.99399391],[-69.3084747,-32.99398411],[-69.30829289,-32.99397593],[-69.30791945,-32.99396455],[-69.30755562,-32.99395714],[-69.30730952,-32.99395456],[-69.30708678,-32.99395576],[-69.30707882,-32.99395589],[-69.30687977,-32.99396114],[-69.30687011,-32.99396152],[-69.30667661,-32.99397155],[-69.30666709,-32.99397217],[-69.30648388,-32.99398714],[-69.30647127,-32.99398839],[-69.30629963,-32.99400823],[-69.30628583,-32.99401008],[-69.30612271,-32.99403507],[-69.30611308,-32.99403667],[-69.30597066,-32.99406232],[-69.30583208,-32.99408921],[-69.30570048,-32.99411675],[-69.30569583,-32.99411777],[-69.30557326,-32.99414549],[-69.30556706,-32.99414695],[-69.30544916,-32.99417577],[-69.30544256,-32.99417745],[-69.30532931,-32.99420736],[-69.3053223,-32.99420929],[-69.30521352,-32.99424035],[-69.3052061,-32.99424256],[-69.3051017,-32.9942748],[-69.30509384,-32.99427732],[-69.30499338,-32.99431088],[-69.30498508,-32.99431377],[-69.30488728,-32.99434915],[-69.30488015,-32.99435185],[-69.30478816,-32.99438789],[-69.304779,-32.99439163],[-69.30469118,-32.99442893],[-69.30468159,-32.99443318],[-69.30459791,-32.99447176],[-69.30458792,-32.99447657],[-69.30451527,-32.99451297],[-69.30440113,-32.9945577],[-69.30432912,-32.99461874],[-69.30432688,-32.99462015],[-69.30424866,-32.99467214],[-69.30423342,-32.99468293],[-69.30415556,-32.99474166],[-69.30414383,-32.99475111],[-69.30407023,-32.99481358],[-69.30405797,-32.99482458],[-69.3039864,-32.99489252],[-69.30397563,-32.9949033],[-69.30390444,-32.99497844],[-69.30389661,-32.99498718],[-69.30382848,-32.99506664],[-69.30382043,-32.99507647],[-69.30375351,-32.99516226],[-69.30374668,-32.99517141],[-69.30368049,-32.99526411],[-69.30367541,-32.99527151],[-69.30362563,-32.99534649],[-69.30362246,-32.9953514],[-69.30357183,-32.99543224],[-69.30356861,-32.99543753],[-69.30351784,-32.99552313],[-69.30351511,-32.99552783],[-69.3034628,-32.99562047],[-69.30345981,-32.99562592],[-69.3033568,-32.99581932],[-69.30316385,-32.99619923],[-69.30308494,-32.99635058],[-69.30300086,-32.99650289],[-69.30292093,-32.99663643],[-69.30283829,-32.99677302],[-69.30266851,-32.99703109],[-69.30246938,-32.99748819],[-69.30239636,-32.9976478],[-69.30211211,-32.99829273],[-69.30199838,-32.99854405],[-69.30187677,-32.99879826],[-69.30181948,-32.99891152],[-69.30176284,-32.999019],[-69.30169386,-32.99914373],[-69.30162505,-32.99926137],[-69.30155583,-32.99937302],[-69.30148588,-32.99947925],[-69.30141482,-32.99958068],[-69.30134254,-32.99967755],[-69.30126882,-32.99977017],[-69.30119312,-32.99985928],[-69.30108259,-32.9999821],[-69.30096468,-33.00010717],[-69.30083947,-33.00023432],[-69.30070661,-33.00036391],[-69.30056593,-33.00049608],[-69.30041648,-33.00063168],[-69.30025741,-33.00077149],[-69.30008801,-33.00091611],[-69.29989455,-33.0010747],[-69.29968993,-33.00123393],[-69.2994723,-33.00139522],[-69.29924008,-33.00155972],[-69.29899359,-33.00172724],[-69.29872714,-33.0019017],[-69.29843594,-33.00208623],[-69.29810368,-33.00229109],[-69.29790037,-33.00241886],[-69.29750201,-33.00267885],[-69.29733804,-33.00278368],[-69.29716923,-33.0028868],[-69.29701882,-33.00297261],[-69.29693571,-33.00301689],[-69.29685561,-33.00305707],[-69.29677898,-33.00309296],[-69.2967055,-33.00312479],[-69.29663479,-33.0031528],[-69.29656676,-33.00317712],[-69.29650123,-33.00319792],[-69.29643806,-33.00321534],[-69.29639002,-33.00322652],[-69.29634134,-33.00323579],[-69.29629177,-33.00324317],[-69.29624115,-33.00324869],[-69.29618934,-33.00325231],[-69.29613619,-33.00325402],[-69.29608467,-33.00325379],[-69.29568263,-33.00314722],[-69.29352863,-33.00221764],[-69.29303504,-33.00206986],[-69.29253341,-33.00198929],[-69.29247178,-33.00198662],[-69.29240049,-33.00197611],[-69.29238793,-33.00197447],[-69.29223036,-33.0019566],[-69.29221939,-33.00195552],[-69.29205827,-33.00194199],[-69.29204987,-33.00194138],[-69.29188273,-33.00193203],[-69.29187258,-33.0019316],[-69.29170339,-33.00192667],[-69.29169373,-33.00192651],[-69.29152004,-33.00192585],[-69.29151092,-33.00192592],[-69.29133196,-33.00192953],[-69.29132342,-33.0019298],[-69.2911385,-33.00193768],[-69.29113056,-33.0019381],[-69.29093705,-33.00195041],[-69.29093173,-33.00195081],[-69.29074905,-33.00196582],[-69.29055559,-33.00198479],[-69.29035287,-33.00200762],[-69.29013692,-33.00203476],[-69.28971402,-33.00209414],[-69.28890297,-33.00221754],[-69.28857232,-33.0022658],[-69.28823065,-33.0023111],[-69.28792578,-33.00234567],[-69.28775047,-33.00236232],[-69.28758204,-33.00237569],[-69.28742004,-33.00238583],[-69.28726365,-33.0023928],[-69.28711199,-33.00239668],[-69.28696475,-33.00239747],[-69.2868215,-33.00239521],[-69.2866759,-33.00238971],[-69.28651259,-33.00238489],[-69.28650002,-33.00238473],[-69.28631456,-33.00238539],[-69.28630624,-33.00238551],[-69.2861227,-33.00239018],[-69.28566974,-33.00240609],[-69.28544047,-33.00240976],[-69.28533122,-33.00240881],[-69.28523877,-33.00240596],[-69.28516583,-33.00239794],[-69.28488516,-33.00230682],[-69.28473252,-33.00219956],[-69.28430624,-33.00171434],[-69.28407061,-33.00159186],[-69.28377072,-33.00151],[-69.28349549,-33.00148295],[-69.28348524,-33.00148067],[-69.28346768,-33.00147729],[-69.28336341,-33.00145987],[-69.28334823,-33.00145765],[-69.28322929,-33.00144274],[-69.28321879,-33.00144157],[-69.28309839,-33.00142989],[-69.28282441,-33.00140693],[-69.28275412,-33.00140188],[-69.28274023,-33.00140117],[-69.28266958,-33.00139884],[-69.28265634,-33.00139864],[-69.28258153,-33.00139878],[-69.28256991,-33.00139898],[-69.28248945,-33.00140158],[-69.28247714,-33.00140218],[-69.28232763,-33.00141188],[-69.28232083,-33.0014124],[-69.28198247,-33.00144168],[-69.28190593,-33.00144655],[-69.28185463,-33.00144865],[-69.28097924,-33.00113972],[-69.28057348,-33.00107188],[-69.2805524,-33.00107452],[-69.2805469,-33.00107323],[-69.28053782,-33.00107143],[-69.28045024,-33.00105521],[-69.28042001,-33.00105088],[-69.28033634,-33.00104232],[-69.28032334,-33.00104122],[-69.28031106,-33.00104059],[-69.28027044,-33.00103916],[-69.28025262,-33.00103895],[-69.28021269,-33.00103942],[-69.28018825,-33.00104049],[-69.28012639,-33.00104544],[-69.2800959,-33.00104914],[-69.28003236,-33.00105948],[-69.28001361,-33.00106302],[-69.28000644,-33.00106465],[-69.27993907,-33.00108059],[-69.27991775,-33.00108632],[-69.27984525,-33.00110817],[-69.27982988,-33.00111319],[-69.27976656,-33.00113542],[-69.2797581,-33.00113852],[-69.27968521,-33.00116677],[-69.27967701,-33.00117007],[-69.27937961,-33.00129408],[-69.27932042,-33.00131594],[-69.27930527,-33.0013208],[-69.27906337,-33.00117984],[-69.27816919,-33.00034234],[-69.27728498,-32.99980438],[-69.27677544,-32.99954729],[-69.27610956,-32.9993176],[-69.27497766,-32.99915427],[-69.27394836,-32.99847462],[-69.27335566,-32.99820179],[-69.27271295,-32.99797783],[-69.27169198,-32.99774567],[-69.27154511,-32.9977395],[-69.27139983,-32.99771463],[-69.27138895,-32.99771293],[-69.27131601,-32.99770264],[-69.27130327,-32.99770107],[-69.27122615,-32.99769285],[-69.27121468,-32.9976918],[-69.27113102,-32.99768546],[-69.27112251,-32.99768494],[-69.27103384,-32.99768058],[-69.27102308,-32.9976802],[-69.27085723,-32.99767673],[-69.27085011,-32.99767664],[-69.27045576,-32.99767576],[-69.27040728,-32.99767455],[-69.2701044,-32.99760252],[-69.26963391,-32.99733687],[-69.26845772,-32.99645782],[-69.26764163,-32.99601973],[-69.26703067,-32.99576239],[-69.26624996,-32.99559509],[-69.26611074,-32.99558559],[-69.26538522,-32.99553609],[-69.26511641,-32.99551775],[-69.2650255,-32.99552608],[-69.26485288,-32.99552128],[-69.2640268,-32.99551837],[-69.2637439,-32.99558577],[-69.26328001,-32.99572035],[-69.26244794,-32.9957624],[-69.25987948,-32.99485967],[-69.25974903,-32.99478086],[-69.25954167,-32.99441824],[-69.25938796,-32.99429958],[-69.25888325,-32.99414711],[-69.25858799,-32.99412992],[-69.25856926,-32.99412478],[-69.25782962,-32.99403209],[-69.25728263,-32.99349203],[-69.2562617,-32.99318434],[-69.25603214,-32.99311515],[-69.25577269,-32.99299575],[-69.25556052,-32.9928981],[-69.2549829,-32.99238965],[-69.25359945,-32.9906211],[-69.25276804,-32.99002835],[-69.25214091,-32.98990708],[-69.25195085,-32.98990977],[-69.25183199,-32.98987051],[-69.25070806,-32.9898956],[-69.25071139,-32.98990139],[-69.25028741,-32.99005039],[-69.25015141,-32.99007443],[-69.2496097,-32.99028169],[-69.24944063,-32.99034637],[-69.24854116,-32.99028561],[-69.24849775,-32.99027035],[-69.24825942,-32.99018658],[-69.24807114,-32.99004354],[-69.24800404,-32.98975178],[-69.24814821,-32.9885596],[-69.24776914,-32.9870727],[-69.24729074,-32.98644842],[-69.245891,-32.98534435],[-69.24513517,-32.98435992],[-69.24481038,-32.98352745],[-69.24473085,-32.98303137],[-69.24488667,-32.98029611],[-69.24466636,-32.97964901],[-69.24425327,-32.97909731],[-69.24373831,-32.9786413],[-69.2430437,-32.97830959],[-69.24256173,-32.97764296],[-69.24153134,-32.97726908],[-69.24122754,-32.97647597],[-69.24014286,-32.97570918],[-69.2397223,-32.97501649],[-69.23893603,-32.97451471],[-69.23815587,-32.97357709],[-69.23761995,-32.97339412],[-69.2374386,-32.97338896],[-69.23740731,-32.97337873],[-69.23736932,-32.97336855],[-69.23731702,-32.97336129],[-69.23730196,-32.97336057],[-69.23635414,-32.97333386],[-69.23612365,-32.97320961],[-69.2349378,-32.97227283],[-69.23449971,-32.97213861],[-69.2342699,-32.97212589],[-69.23365186,-32.97209169],[-69.2336159,-32.97207214],[-69.23334893,-32.97205885],[-69.23264842,-32.97167817],[-69.23226494,-32.97123546],[-69.23153797,-32.96968214],[-69.23152134,-32.96965214],[-69.23149226,-32.9696148],[-69.23147953,-32.96960192],[-69.23120042,-32.96933666],[-69.23113363,-32.96923897],[-69.23106246,-32.96916302],[-69.23104557,-32.96914856],[-69.23100368,-32.96912119],[-69.23095657,-32.96909985],[-69.23005691,-32.96877187],[-69.22833251,-32.96865032],[-69.22828741,-32.96863476],[-69.22805346,-32.96855405],[-69.22715507,-32.96805244],[-69.22705523,-32.96799669],[-69.22699936,-32.96801811],[-69.2267151,-32.9678858],[-69.22643212,-32.96764878],[-69.22616162,-32.96749774],[-69.22405137,-32.96631942],[-69.22405022,-32.96631878],[-69.22404921,-32.96631815],[-69.22188161,-32.96496969],[-69.22123699,-32.96448309],[-69.22081252,-32.96392622],[-69.2205158,-32.96353693],[-69.21986876,-32.96281282],[-69.21890408,-32.96230539],[-69.21861404,-32.96215282],[-69.21834992,-32.96201389],[-69.21670354,-32.9615943],[-69.21666862,-32.96159244],[-69.21580903,-32.96138092],[-69.21415921,-32.96103824],[-69.21340261,-32.96077566],[-69.21311692,-32.96068299],[-69.21244189,-32.9605753],[-69.21165946,-32.96043983],[-69.211591,-32.96042761],[-69.21094237,-32.96048628],[-69.20672986,-32.95980624],[-69.20406585,-32.95930552],[-69.20402483,-32.95929781],[-69.20401198,-32.9592954],[-69.20371998,-32.95919152],[-69.20117364,-32.95830368],[-69.20104267,-32.95819278],[-69.19905927,-32.95736069],[-69.19873757,-32.95723401],[-69.19873404,-32.95723316],[-69.19413444,-32.95624145],[-69.19415418,-32.95625854],[-69.19415701,-32.95628443],[-69.19411872,-32.95631266],[-69.19404885,-32.95631889],[-69.19393025,-32.95630375],[-69.19388291,-32.95630176],[-69.19383703,-32.95630931],[-69.19378994,-32.95633556],[-69.1937722,-32.956366],[-69.1938041,-32.95645009],[-69.19390202,-32.95653508],[-69.19399666,-32.95663264],[-69.19403494,-32.95671494],[-69.19404167,-32.95676168],[-69.1940136,-32.9568029],[-69.1939805,-32.9568211],[-69.19392581,-32.95680723],[-69.19384953,-32.95677245],[-69.19379812,-32.95674741],[-69.19375004,-32.95672934],[-69.19366399,-32.95672006],[-69.19362292,-32.95671865],[-69.19355457,-32.95672476],[-69.19352562,-32.95673962],[-69.1935128,-32.95677982],[-69.19352826,-32.95681579],[-69.19363968,-32.95691924],[-69.19367108,-32.95694887],[-69.19368302,-32.95697284],[-69.19366539,-32.95700941],[-69.19362581,-32.9570246],[-69.19355529,-32.95702304],[-69.19334497,-32.95697932],[-69.19307525,-32.95691481],[-69.19286873,-32.95684238],[-69.19277214,-32.95681456],[-69.19266017,-32.95678794],[-69.1925704,-32.95677534],[-69.1925311,-32.95677562],[-69.19249521,-32.95678809],[-69.19249086,-32.95686814],[-69.19249545,-32.95686979],[-69.19249544,-32.9568684],[-69.1939763,-32.9573995],[-69.19457059,-32.95760293],[-69.19548476,-32.95790714],[-69.19660676,-32.95828346],[-69.19663696,-32.9582913],[-69.19597407,-32.95802218],[-69.19683756,-32.95834344],[-69.19698563,-32.95838193],[-69.196984,-32.95839793],[-69.19748235,-32.95858333],[-69.20116876,-32.95970887],[-69.2035441,-32.96033919],[-69.20627779,-32.96087163],[-69.20633159,-32.96088211],[-69.20789756,-32.96104384],[-69.21023657,-32.96128536],[-69.21034934,-32.961297],[-69.2108243,-32.96134604],[-69.21371024,-32.96175812],[-69.21599347,-32.96221008],[-69.21743256,-32.96259528],[-69.21815357,-32.96300735],[-69.21816276,-32.96301144],[-69.21840069,-32.96309691],[-69.21840393,-32.9630981],[-69.21898501,-32.96335142],[-69.2191669,-32.9634913],[-69.21992541,-32.96419565],[-69.22033686,-32.96463663],[-69.22049225,-32.96480316],[-69.22052901,-32.96483638],[-69.22058046,-32.96487522],[-69.22107482,-32.96524841],[-69.22152263,-32.96554607],[-69.22114361,-32.96526402],[-69.22154813,-32.96556194],[-69.22214048,-32.96599817],[-69.22327938,-32.96683688],[-69.22462176,-32.96743513],[-69.22462538,-32.96743773],[-69.22678901,-32.96898977],[-69.22733961,-32.96901909],[-69.22777436,-32.96904225],[-69.22864184,-32.96932951],[-69.22866497,-32.96932826],[-69.22876169,-32.96935083],[-69.22888851,-32.96936317],[-69.22934212,-32.96934088],[-69.2293861,-32.96937807],[-69.22943472,-32.96942192],[-69.22948083,-32.96946634],[-69.22952444,-32.96951133],[-69.22956562,-32.96955691],[-69.22960438,-32.96960308],[-69.22964077,-32.96964987],[-69.22967483,-32.96969729],[-69.22970659,-32.96974538],[-69.22973608,-32.96979415],[-69.22976332,-32.96984365],[-69.22976704,-32.96985113],[-69.22978835,-32.9698939],[-69.22981068,-32.96994386],[-69.22983084,-32.96999602],[-69.22984886,-32.97005215],[-69.22986512,-32.97011382],[-69.22987954,-32.97018155],[-69.22989194,-32.97025496],[-69.22990257,-32.97033619],[-69.22991154,-32.97042691],[-69.22991908,-32.97052938],[-69.22992028,-32.97059943],[-69.22991525,-32.97066978],[-69.22990357,-32.97074588],[-69.22988455,-32.97082925],[-69.22985727,-32.97092195],[-69.22982002,-32.97102827],[-69.22977425,-32.97114484],[-69.22963123,-32.97149124],[-69.22962848,-32.97149826],[-69.22958818,-32.97160638],[-69.22958511,-32.97161514],[-69.22955312,-32.97171232],[-69.22954945,-32.97172459],[-69.22951906,-32.97183707],[-69.22951529,-32.97185331],[-69.22949482,-32.97195876],[-69.22949255,-32.97197277],[-69.22948591,-32.97202346],[-69.22948482,-32.97203355],[-69.22948055,-32.97208311],[-69.22947988,-32.97209372],[-69.22947797,-32.97214229],[-69.2294778,-32.97215261],[-69.22947824,-32.97220105],[-69.22947843,-32.97220843],[-69.22948672,-32.97240774],[-69.22948719,-32.97241566],[-69.22949271,-32.97248793],[-69.22949342,-32.97249556],[-69.22950059,-32.97256057],[-69.22950182,-32.97256994],[-69.22951133,-32.97263251],[-69.22951326,-32.97264343],[-69.22952502,-32.9727015],[-69.22952796,-32.97271415],[-69.22954202,-32.97276797],[-69.22954618,-32.9727821],[-69.22956268,-32.97283223],[-69.22956877,-32.97284867],[-69.22958229,-32.97288134],[-69.2295905,-32.97289913],[-69.22960673,-32.97293094],[-69.22961611,-32.97294771],[-69.22963522,-32.97297906],[-69.22963874,-32.97298467],[-69.22964548,-32.97299459],[-69.22966752,-32.97302555],[-69.22967833,-32.97303972],[-69.22970332,-32.97307033],[-69.22971437,-32.97308306],[-69.22974266,-32.97311371],[-69.22975343,-32.97312474],[-69.22978461,-32.973155],[-69.22979534,-32.9731649],[-69.2298298,-32.97319518],[-69.22984462,-32.97320738],[-69.22992246,-32.97326744],[-69.22993959,-32.97327975],[-69.23003358,-32.97334265],[-69.23004623,-32.97335069],[-69.23015143,-32.97341422],[-69.23015863,-32.97341844],[-69.23037337,-32.97354076],[-69.23045637,-32.97358964],[-69.23053534,-32.97363962],[-69.23059841,-32.97368398],[-69.23062872,-32.97370762],[-69.23065572,-32.97373069],[-69.2306786,-32.97375231],[-69.23069775,-32.97377255],[-69.23071363,-32.97379156],[-69.23072662,-32.97380942],[-69.23073712,-32.97382634],[-69.23074607,-32.97384364],[-69.23075952,-32.97387496],[-69.23077281,-32.97391177],[-69.23078553,-32.97395392],[-69.23079758,-32.97400176],[-69.23081588,-32.97409213],[-69.23085171,-32.97430859],[-69.23085272,-32.97431427],[-69.23087122,-32.97441095],[-69.23087229,-32.97441613],[-69.23091932,-32.97463012],[-69.23097456,-32.9748709],[-69.23116564,-32.97567284],[-69.23123557,-32.97597268],[-69.2313008,-32.97626556],[-69.23135564,-32.97652887],[-69.23141486,-32.97684317],[-69.23146228,-32.97713537],[-69.2314817,-32.97727368],[-69.23149856,-32.97740887],[-69.2315128,-32.97754052],[-69.23152446,-32.97766878],[-69.23153451,-32.97780897],[-69.23154141,-32.97794552],[-69.23154518,-32.9780788],[-69.23154586,-32.978209],[-69.23154344,-32.97833631],[-69.23153796,-32.97846086],[-69.23152941,-32.97858277],[-69.23151781,-32.97870215],[-69.23150314,-32.97881926],[-69.23148542,-32.97893404],[-69.23146466,-32.97904657],[-69.23144085,-32.97915695],[-69.23141399,-32.97926525],[-69.23138408,-32.97937155],[-69.23135112,-32.9794759],[-69.23131491,-32.97957893],[-69.23128287,-32.97966262],[-69.23124829,-32.97974735],[-69.23116891,-32.97992578],[-69.23107787,-32.98011133],[-69.23097348,-32.98030729],[-69.2308579,-32.9805101],[-69.23072492,-32.98073102],[-69.23057152,-32.98097524],[-69.23036701,-32.98129159],[-69.2303203,-32.98136043],[-69.23026908,-32.98143051],[-69.23021148,-32.98150438],[-69.23014691,-32.98158269],[-69.23001023,-32.98173864],[-69.2297365,-32.98203687],[-69.22962703,-32.98215883],[-69.22962249,-32.98216402],[-69.22951479,-32.98229016],[-69.22950846,-32.98229786],[-69.22941732,-32.98241281],[-69.22941148,-32.98242045],[-69.22936171,-32.98248803],[-69.22935696,-32.98249469],[-69.22931158,-32.98256045],[-69.22930668,-32.98256782],[-69.22926527,-32.9826324],[-69.22926042,-32.98264027],[-69.22922303,-32.98270357],[-69.22921809,-32.98271233],[-69.22918439,-32.98277491],[-69.22917957,-32.98278434],[-69.22914952,-32.98284629],[-69.22914491,-32.98285636],[-69.22911843,-32.98291785],[-69.22911634,-32.98292287],[-69.22911413,-32.98292851],[-69.22909116,-32.98298969],[-69.22908888,-32.98299604],[-69.22903377,-32.98315637],[-69.22899213,-32.9832835],[-69.22895686,-32.98339904],[-69.22895518,-32.9834048],[-69.22892614,-32.98350948],[-69.22892435,-32.98351632],[-69.22889959,-32.98361733],[-69.22889778,-32.98362532],[-69.22887766,-32.98372199],[-69.22887624,-32.98372968],[-69.22886119,-32.98381989],[-69.22885971,-32.98383018],[-69.22884939,-32.98391568],[-69.22884828,-32.98392744],[-69.22884258,-32.98401056],[-69.22884206,-32.98402397],[-69.2288413,-32.98410398],[-69.22884165,-32.9841176],[-69.22884583,-32.98419185],[-69.22884739,-32.98420858],[-69.22885651,-32.98427854],[-69.22885939,-32.98429556],[-69.22887378,-32.9843628],[-69.22887905,-32.98438298],[-69.2288981,-32.98444458],[-69.22890566,-32.9844655],[-69.22893,-32.98452373],[-69.22894094,-32.98454653],[-69.22896995,-32.98459989],[-69.22898104,-32.98461836],[-69.22900256,-32.9846505],[-69.22901441,-32.9846668],[-69.22903779,-32.98469654],[-69.22905017,-32.98471121],[-69.22907787,-32.98474181],[-69.22908924,-32.98475353],[-69.229119,-32.9847825],[-69.22913137,-32.98479387],[-69.22916441,-32.98482255],[-69.22917633,-32.98483238],[-69.22921356,-32.9848615],[-69.2292241,-32.98486934],[-69.22926421,-32.98489788],[-69.22927467,-32.98490502],[-69.22931869,-32.98493377],[-69.22933095,-32.98494139],[-69.22941141,-32.98498897],[-69.2294224,-32.98499518],[-69.22951915,-32.98504686],[-69.22952774,-32.98505128],[-69.22962561,-32.98509997],[-69.22986941,-32.98521744],[-69.22998817,-32.98527863],[-69.23004136,-32.9853085],[-69.23008806,-32.98533681],[-69.2301282,-32.98536336],[-69.23016409,-32.98538951],[-69.2302529,-32.98545965],[-69.23034183,-32.98553383],[-69.23042946,-32.98561096],[-69.23051579,-32.98569105],[-69.23060081,-32.9857741],[-69.2306845,-32.98586012],[-69.23076685,-32.98594913],[-69.23084785,-32.98604111],[-69.23092749,-32.98613608],[-69.23100574,-32.98623404],[-69.23108259,-32.98633497],[-69.23115802,-32.98643889],[-69.23123202,-32.98654578],[-69.23130456,-32.98665565],[-69.23137563,-32.98676847],[-69.23144521,-32.98688424],[-69.23151334,-32.98700305],[-69.23157994,-32.98712478],[-69.231645,-32.98724944],[-69.23170849,-32.98737698],[-69.2317704,-32.98750741],[-69.23183072,-32.9876407],[-69.23188942,-32.98777683],[-69.23194648,-32.98791576],[-69.2320019,-32.9880575],[-69.23205565,-32.988202],[-69.23210771,-32.98834921],[-69.23215806,-32.98849911],[-69.2322067,-32.98865166],[-69.23225358,-32.98880681],[-69.23229871,-32.98896451],[-69.23234171,-32.98912343],[-69.23236757,-32.98922971],[-69.23239059,-32.98934103],[-69.23241129,-32.98945998],[-69.23242999,-32.98958893],[-69.23244493,-32.98971168],[-69.23245924,-32.98984954],[-69.23250459,-32.99037345],[-69.23252637,-32.99059092],[-69.23252714,-32.99059759],[-69.23255617,-32.9908212],[-69.23255719,-32.99082821],[-69.23257364,-32.99093017],[-69.23257456,-32.99093547],[-69.2325926,-32.99103282],[-69.23264505,-32.99131293],[-69.23275868,-32.9919624],[-69.23281576,-32.99225988],[-69.23285419,-32.99243978],[-69.23289283,-32.99260421],[-69.23289414,-32.99260951],[-69.23293372,-32.99276178],[-69.23293534,-32.99276768],[-69.23297679,-32.99291166],[-69.23297889,-32.99291855],[-69.2330286,-32.99307333],[-69.23303132,-32.99308131],[-69.23308422,-32.99322804],[-69.23308751,-32.99323663],[-69.23314415,-32.99337672],[-69.23314783,-32.9933853],[-69.23320796,-32.99351814],[-69.23321259,-32.99352782],[-69.23327672,-32.99365459],[-69.23328213,-32.99366471],[-69.23335036,-32.99378558],[-69.23335661,-32.99379606],[-69.23342992,-32.99391261],[-69.23343623,-32.99392206],[-69.2335131,-32.9940319],[-69.23352076,-32.99404229],[-69.23355831,-32.99409079],[-69.23356591,-32.99410017],[-69.23360682,-32.99414845],[-69.23361446,-32.9941571],[-69.23365918,-32.99420565],[-69.2336664,-32.99421318],[-69.23371432,-32.99426137],[-69.23372174,-32.99426856],[-69.23377331,-32.99431684],[-69.23378047,-32.99432333],[-69.23383595,-32.99437198],[-69.23384278,-32.99437779],[-69.23390243,-32.99442702],[-69.23390885,-32.99443218],[-69.23397375,-32.99448285],[-69.23398073,-32.99448811],[-69.2340951,-32.99457186],[-69.23410312,-32.99457754],[-69.23423567,-32.99466838],[-69.23424127,-32.99467212],[-69.23437324,-32.99475851],[-69.23469252,-32.99496319],[-69.23484866,-32.99506731],[-69.23492193,-32.9951187],[-69.2349885,-32.99516748],[-69.23504892,-32.99521403],[-69.23510373,-32.99525866],[-69.23515874,-32.99530642],[-69.2352082,-32.99535265],[-69.23525272,-32.99539775],[-69.23529262,-32.99544191],[-69.23532827,-32.99548534],[-69.23535988,-32.99552816],[-69.23538772,-32.99557054],[-69.23541289,-32.99561416],[-69.23545069,-32.99568739],[-69.23548668,-32.99576333],[-69.23552012,-32.99584052],[-69.235551,-32.99591898],[-69.23557931,-32.99599874],[-69.23560507,-32.99607981],[-69.23562825,-32.99616222],[-69.23564886,-32.99624597],[-69.23566689,-32.9963311],[-69.23568232,-32.99641761],[-69.23569515,-32.99650552],[-69.23570536,-32.99659483],[-69.23571294,-32.99668557],[-69.23571787,-32.99677774],[-69.23572015,-32.99687134],[-69.23571974,-32.99697033],[-69.23572424,-32.99701562],[-69.23573737,-32.9970589],[-69.23575877,-32.99709977],[-69.23578787,-32.99713712],[-69.23582386,-32.99716992],[-69.23586577,-32.99719728],[-69.23591246,-32.99721846],[-69.23596264,-32.99723287],[-69.23601495,-32.99724012],[-69.23606797,-32.99724002],[-69.23612024,-32.99723257],[-69.23617035,-32.99721797],[-69.23621692,-32.99719662],[-69.23625868,-32.9971691],[-69.2362945,-32.99713616],[-69.2363234,-32.99709871],[-69.23634459,-32.99705775],[-69.23635749,-32.99701442],[-69.23636174,-32.99697144],[-69.23636216,-32.99686921],[-69.2363621,-32.9968635],[-69.23635966,-32.99676332],[-69.2363594,-32.99675668],[-69.23635411,-32.99665778],[-69.23635364,-32.99665098],[-69.23634549,-32.99655337],[-69.2363448,-32.99654643],[-69.23633379,-32.9964501],[-69.23633287,-32.99644303],[-69.236319,-32.99634798],[-69.23631783,-32.99634078],[-69.2363011,-32.99624701],[-69.23629993,-32.99624091],[-69.23628009,-32.99614722],[-69.2362784,-32.99613982],[-69.23625596,-32.99604862],[-69.23625398,-32.99604114],[-69.23622868,-32.99595121],[-69.23622643,-32.99594367],[-69.23619827,-32.99585503],[-69.23619572,-32.99584745],[-69.2361647,-32.99576009],[-69.23616185,-32.99575248],[-69.23612733,-32.99566477],[-69.23612484,-32.99565879],[-69.2360881,-32.995574],[-69.23608466,-32.99556641],[-69.23604507,-32.99548289],[-69.23604134,-32.99547534],[-69.23599889,-32.99539311],[-69.23599321,-32.99538271],[-69.23596135,-32.9953275],[-69.23595407,-32.99531565],[-69.23591759,-32.99526011],[-69.23590932,-32.99524824],[-69.23586927,-32.995194],[-69.23586073,-32.99518303],[-69.23581647,-32.99512909],[-69.23580783,-32.99511906],[-69.23575804,-32.99506399],[-69.2357507,-32.99505626],[-69.23569768,-32.99500254],[-69.23568929,-32.99499438],[-69.23563159,-32.99494045],[-69.23562353,-32.99493319],[-69.23556083,-32.99487875],[-69.23555355,-32.99487263],[-69.23549185,-32.99482238],[-69.23548552,-32.99481737],[-69.23541873,-32.99476592],[-69.23541279,-32.99476145],[-69.23534058,-32.99470854],[-69.23533526,-32.99470472],[-69.23525627,-32.99464933],[-69.23525015,-32.99464515],[-69.23508608,-32.99453576],[-69.23476451,-32.9943296],[-69.23463794,-32.99424674],[-69.23451222,-32.99416059],[-69.23440568,-32.99408258],[-69.23434846,-32.99403789],[-69.23429544,-32.99399413],[-69.23424697,-32.99395164],[-69.23420271,-32.99391019],[-69.23416229,-32.99386956],[-69.23412556,-32.99382967],[-69.23409228,-32.9937904],[-69.23406238,-32.99375178],[-69.23399291,-32.99365252],[-69.2339271,-32.99354789],[-69.2338647,-32.99343733],[-69.23380558,-32.99332047],[-69.23374972,-32.99319705],[-69.23369691,-32.99306643],[-69.23364699,-32.99292799],[-69.23359967,-32.99278065],[-69.23356006,-32.99264306],[-69.23352193,-32.99249639],[-69.23348498,-32.99233927],[-69.23344859,-32.99216892],[-69.23339312,-32.99187977],[-69.23327966,-32.99123131],[-69.23322679,-32.99094892],[-69.23320932,-32.99085464],[-69.23319387,-32.99075884],[-69.23316572,-32.99054207],[-69.23314457,-32.99033101],[-69.23309914,-32.98980629],[-69.23308401,-32.9896605],[-69.23306827,-32.98953111],[-69.23306758,-32.9895259],[-69.23304803,-32.98939112],[-69.233047,-32.9893847],[-69.23302513,-32.98925894],[-69.23302389,-32.9892524],[-69.23299917,-32.98913286],[-69.23299739,-32.98912496],[-69.23296986,-32.98901184],[-69.23296838,-32.98900604],[-69.23292369,-32.98884096],[-69.23287667,-32.98867663],[-69.23282773,-32.98851471],[-69.23277689,-32.98835524],[-69.23272416,-32.98819826],[-69.23266954,-32.98804381],[-69.23261303,-32.98789192],[-69.23255542,-32.98774453],[-69.23255391,-32.98774075],[-69.23249441,-32.98759595],[-69.2324323,-32.98745192],[-69.23236833,-32.98731055],[-69.2323025,-32.98717186],[-69.2322348,-32.98703587],[-69.23216524,-32.9869026],[-69.23209383,-32.98677207],[-69.23202055,-32.98664429],[-69.23194547,-32.98651938],[-69.23187005,-32.9863996],[-69.23186777,-32.98639604],[-69.23179135,-32.98628031],[-69.23178813,-32.98627554],[-69.2317108,-32.98616383],[-69.23170736,-32.98615898],[-69.23162838,-32.98605017],[-69.23162472,-32.98604525],[-69.2315441,-32.98593936],[-69.23154021,-32.98593437],[-69.23145795,-32.9858314],[-69.23145382,-32.98582636],[-69.23136993,-32.98572631],[-69.23136556,-32.98572122],[-69.23128005,-32.98562412],[-69.23127541,-32.98561898],[-69.23118817,-32.98552469],[-69.23118339,-32.98551966],[-69.23109465,-32.98542845],[-69.23108948,-32.98542327],[-69.23099914,-32.98533502],[-69.23099368,-32.98532983],[-69.23090175,-32.98524455],[-69.23089601,-32.98523936],[-69.23080249,-32.98515705],[-69.23079646,-32.98515188],[-69.23070135,-32.98507254],[-69.23069503,-32.98506741],[-69.23059704,-32.98499004],[-69.23058883,-32.98498384],[-69.23054232,-32.98494994],[-69.23053052,-32.98494174],[-69.23047909,-32.98490773],[-69.23046837,-32.98490094],[-69.23041155,-32.98486649],[-69.23040206,-32.98486095],[-69.23033736,-32.98482463],[-69.23032831,-32.98481979],[-69.23020019,-32.98475378],[-69.23019208,-32.98474974],[-69.22994809,-32.98463219],[-69.22985844,-32.98458757],[-69.22977392,-32.98454245],[-69.22970589,-32.98450222],[-69.22967321,-32.98448087],[-69.229644,-32.98446009],[-69.22961916,-32.98444065],[-69.22959832,-32.98442256],[-69.22958107,-32.98440577],[-69.22956706,-32.98439029],[-69.22955585,-32.98437603],[-69.22954785,-32.98436409],[-69.22953057,-32.98433232],[-69.22951587,-32.98429716],[-69.22950331,-32.98425654],[-69.22949338,-32.98421015],[-69.22948655,-32.98415782],[-69.22948327,-32.98409947],[-69.22948389,-32.98403507],[-69.22948872,-32.98396454],[-69.22949771,-32.98389007],[-69.22951114,-32.98380956],[-69.22952919,-32.98372283],[-69.22955214,-32.98362924],[-69.22957943,-32.98353087],[-69.22961237,-32.98342286],[-69.22965143,-32.98330365],[-69.22970433,-32.98314978],[-69.2297241,-32.98309714],[-69.22974612,-32.98304601],[-69.22977144,-32.98299381],[-69.22980023,-32.98294033],[-69.22983265,-32.98288544],[-69.22986899,-32.98282878],[-69.22990953,-32.98277004],[-69.22995402,-32.98270961],[-69.23003907,-32.98260235],[-69.23014129,-32.98248262],[-69.23024633,-32.98236558],[-69.23052012,-32.9820673],[-69.23052443,-32.9820625],[-69.23066598,-32.98190098],[-69.23067137,-32.98189464],[-69.23074096,-32.98181024],[-69.23074562,-32.98180444],[-69.23080808,-32.98172433],[-69.23081315,-32.98171763],[-69.23086958,-32.9816404],[-69.23087492,-32.98163282],[-69.23092586,-32.98155774],[-69.23092908,-32.98155288],[-69.23113697,-32.9812313],[-69.2312948,-32.98097997],[-69.23143191,-32.98075226],[-69.23143499,-32.98074699],[-69.23155388,-32.98053839],[-69.23155737,-32.98053206],[-69.23166541,-32.98032923],[-69.2316692,-32.98032181],[-69.23176412,-32.98012836],[-69.23176805,-32.98011995],[-69.23185085,-32.97993382],[-69.23185382,-32.97992686],[-69.23189099,-32.9798358],[-69.2318928,-32.97983122],[-69.23192697,-32.97974194],[-69.23192926,-32.97973572],[-69.23196783,-32.97962596],[-69.23197025,-32.97961871],[-69.23200549,-32.97950715],[-69.23200763,-32.97949998],[-69.23203954,-32.97938656],[-69.23204141,-32.97937948],[-69.23207001,-32.97926416],[-69.23207162,-32.97925721],[-69.23209692,-32.97913994],[-69.23209806,-32.97913431],[-69.23212029,-32.97901384],[-69.23212142,-32.97900717],[-69.23214015,-32.97888581],[-69.23214106,-32.97887931],[-69.23215653,-32.9787558],[-69.23215723,-32.97874948],[-69.23216944,-32.97862387],[-69.23216995,-32.97861775],[-69.23217892,-32.97848981],[-69.23217926,-32.97848389],[-69.232185,-32.97835352],[-69.23218518,-32.97834781],[-69.2321877,-32.97821489],[-69.23218774,-32.97820968],[-69.23218703,-32.9780738],[-69.23218695,-32.97806853],[-69.23218292,-32.97792756],[-69.23217553,-32.97778114],[-69.23216483,-32.97763179],[-69.23215242,-32.97749528],[-69.23213735,-32.97735602],[-69.2321196,-32.97721362],[-69.23209899,-32.97706692],[-69.23205033,-32.97676695],[-69.23204932,-32.97676119],[-69.23198868,-32.9764395],[-69.23193232,-32.97616888],[-69.2318659,-32.97587059],[-69.23179518,-32.9755674],[-69.23160429,-32.97476627],[-69.23154997,-32.97452949],[-69.23150408,-32.97432069],[-69.23148692,-32.97423099],[-69.23145089,-32.97401329],[-69.23144943,-32.97400534],[-69.23142918,-32.97390536],[-69.23142676,-32.97389472],[-69.23141205,-32.97383629],[-69.23140913,-32.97382576],[-69.231393,-32.97377233],[-69.23138902,-32.9737603],[-69.23137116,-32.97371079],[-69.23136666,-32.97369929],[-69.23134609,-32.97365135],[-69.23133846,-32.97363522],[-69.23132085,-32.97360121],[-69.23131107,-32.97358399],[-69.23128906,-32.97354857],[-69.23127957,-32.97353459],[-69.23125556,-32.97350155],[-69.23124429,-32.9734871],[-69.23121698,-32.97345442],[-69.23120646,-32.97344254],[-69.23117486,-32.97340913],[-69.23116346,-32.97339775],[-69.23112933,-32.97336549],[-69.23111829,-32.97335558],[-69.23108051,-32.9733233],[-69.23107005,-32.97331476],[-69.23102777,-32.97328177],[-69.23101596,-32.97327304],[-69.23094022,-32.97321977],[-69.2309273,-32.97321115],[-69.23083734,-32.97315422],[-69.23082845,-32.97314879],[-69.23073685,-32.97309488],[-69.23052165,-32.97297227],[-69.23042646,-32.97291479],[-69.2303475,-32.97286195],[-69.23028573,-32.97281429],[-69.23026398,-32.97279519],[-69.23024371,-32.97277551],[-69.23022674,-32.97275712],[-69.23021271,-32.97273994],[-69.23020124,-32.97272383],[-69.23019198,-32.97270864],[-69.23018457,-32.97269413],[-69.23017837,-32.97267914],[-69.23016697,-32.97264451],[-69.23015641,-32.9726041],[-69.23014711,-32.97255814],[-69.23013915,-32.97250583],[-69.23013292,-32.97244931],[-69.23012799,-32.97238482],[-69.23012001,-32.97219315],[-69.23011966,-32.9721547],[-69.23012114,-32.97211698],[-69.23012452,-32.97207777],[-69.23012958,-32.97203914],[-69.23014707,-32.97194904],[-69.23017359,-32.97185087],[-69.23020212,-32.97176418],[-69.23023933,-32.97166435],[-69.23038197,-32.97131885],[-69.23043097,-32.97119408],[-69.23043407,-32.97118573],[-69.2304748,-32.9710695],[-69.23047851,-32.97105799],[-69.23050955,-32.97095251],[-69.23051321,-32.97093847],[-69.2305357,-32.97083989],[-69.23053721,-32.97083275],[-69.23053882,-32.97082353],[-69.23055317,-32.97073002],[-69.23055525,-32.97071158],[-69.23056166,-32.97062189],[-69.23056222,-32.97060336],[-69.23056072,-32.97051513],[-69.23056014,-32.97050231],[-69.23055192,-32.97039055],[-69.23055142,-32.9703848],[-69.2305418,-32.97028762],[-69.23054098,-32.97028044],[-69.23052932,-32.9701914],[-69.23052806,-32.97018295],[-69.23051413,-32.97010048],[-69.23051256,-32.97009214],[-69.23049568,-32.97001278],[-69.23049308,-32.97000189],[-69.2304738,-32.96992876],[-69.23047029,-32.96991675],[-69.23044823,-32.96984805],[-69.2304436,-32.96983495],[-69.23041775,-32.96976814],[-69.23041383,-32.96975882],[-69.23038682,-32.96969842],[-69.23038243,-32.96968912],[-69.23035756,-32.96963918],[-69.23035281,-32.96962964],[-69.23034801,-32.96962049],[-69.23031578,-32.96956193],[-69.2303106,-32.96955296],[-69.23027575,-32.96949532],[-69.23027097,-32.96948772],[-69.23023276,-32.96942984],[-69.23022869,-32.96942393],[-69.23089359,-32.96960533],[-69.23126466,-32.96995798],[-69.23200255,-32.97152908],[-69.2325105,-32.97211054],[-69.23341827,-32.97260425],[-69.23342054,-32.97260549],[-69.23411194,-32.97265216],[-69.23435897,-32.97266884],[-69.23459315,-32.97273652],[-69.23529552,-32.9732949],[-69.23535996,-32.97334614],[-69.23570686,-32.97362192],[-69.23616456,-32.97386982],[-69.23617471,-32.97387532],[-69.23729632,-32.97392273],[-69.23742832,-32.97396589],[-69.23813578,-32.97482683],[-69.23814679,-32.97483944],[-69.23818278,-32.97487224],[-69.23820893,-32.9748904],[-69.2389143,-32.97532954],[-69.23929671,-32.97597004],[-69.23930148,-32.97597772],[-69.23933057,-32.97601507],[-69.23936656,-32.97604787],[-69.23937843,-32.97605659],[-69.24039203,-32.97676562],[-69.24065716,-32.97751485],[-69.2406614,-32.97752595],[-69.24068281,-32.97756682],[-69.2407119,-32.97760416],[-69.24074789,-32.97763696],[-69.24078979,-32.97766432],[-69.24083646,-32.9776855],[-69.24084302,-32.97768783],[-69.24182025,-32.97802534],[-69.24223129,-32.97861377],[-69.24225504,-32.97864316],[-69.24229103,-32.97867596],[-69.24233293,-32.97870332],[-69.24234985,-32.97871198],[-69.24306029,-32.97905065],[-69.24342438,-32.97937574],[-69.24378497,-32.97985639],[-69.24394412,-32.98033866],[-69.24378529,-32.98299637],[-69.24378489,-32.9830106],[-69.24378778,-32.98304619],[-69.24387523,-32.98359173],[-69.24387684,-32.98360066],[-69.2438884,-32.98364001],[-69.24423613,-32.98453122],[-69.24425832,-32.98457406],[-69.24427077,-32.98459171],[-69.24507048,-32.98563332],[-69.24508713,-32.98565301],[-69.24512063,-32.98568386],[-69.24652019,-32.9867878],[-69.24686123,-32.98723332],[-69.24720401,-32.98858568],[-69.24705762,-32.98970033],[-69.24705568,-32.98973073],[-69.24706018,-32.98977524],[-69.24706154,-32.98978156],[-69.24715835,-32.99020253],[-69.24717012,-32.9902395],[-69.24719153,-32.99028037],[-69.24722063,-32.99031771],[-69.24725759,-32.99035124],[-69.24756733,-32.99058656],[-69.24760732,-32.99061245],[-69.24776178,-32.99067153],[-69.24803812,-32.99076867],[-69.24808362,-32.99078139],[-69.24813598,-32.99078865],[-69.24835662,-32.99080355],[-69.24838661,-32.99081419],[-69.24918273,-32.99087062],[-69.24923865,-32.99087458],[-69.24919216,-32.99085685],[-69.24924675,-32.99086054],[-69.24929966,-32.99086043],[-69.24935193,-32.99085297],[-69.24940203,-32.99083836],[-69.24944859,-32.99081701],[-69.24949041,-32.99078959],[-69.2499752,-32.99060083],[-69.24999978,-32.99059126],[-69.25005252,-32.9906154],[-69.25005952,-32.9906187],[-69.25012251,-32.99064926],[-69.25004206,-32.9905896],[-69.2500564,-32.99058565],[-69.25025814,-32.99052997],[-69.2508295,-32.99043348],[-69.25179055,-32.99042296],[-69.2521107,-32.99044479],[-69.25214188,-32.99045907],[-69.2527378,-32.99073187],[-69.25316907,-32.99107453],[-69.25357825,-32.99160809],[-69.25389651,-32.99202733],[-69.25421271,-32.99247123],[-69.25483614,-32.99315894],[-69.25510374,-32.99326896],[-69.25518813,-32.99334224],[-69.25577312,-32.99361115],[-69.2563528,-32.99378246],[-69.2569173,-32.99394928],[-69.2569556,-32.99398575],[-69.25695959,-32.99398687],[-69.25743646,-32.99442485],[-69.25764403,-32.9946026],[-69.25777638,-32.99471593],[-69.2584415,-32.99466167],[-69.25886751,-32.99471596],[-69.25895476,-32.99472708],[-69.25897118,-32.99474745],[-69.25902735,-32.99476451],[-69.25914581,-32.99496415],[-69.25924676,-32.99508942],[-69.25932203,-32.9951785],[-69.25953653,-32.99543236],[-69.26068751,-32.99575867],[-69.26202484,-32.99633372],[-69.26229784,-32.99633692],[-69.26243958,-32.99633858],[-69.26245551,-32.99633877],[-69.26271564,-32.99634181],[-69.26320241,-32.99628353],[-69.26371177,-32.99620612],[-69.2638702,-32.99616761],[-69.26450768,-32.99609159],[-69.26509151,-32.99603567],[-69.26527185,-32.9960184],[-69.2659343,-32.99611497],[-69.266067,-32.99613432],[-69.26679424,-32.99633028],[-69.26692984,-32.99639098],[-69.26706051,-32.99645425],[-69.26720725,-32.99652957],[-69.26730793,-32.99658389],[-69.26802626,-32.99687675],[-69.26805193,-32.99688991],[-69.26875244,-32.99739123],[-69.26929363,-32.99780143],[-69.26929528,-32.99780232],[-69.26970028,-32.99812062],[-69.27023763,-32.99819022],[-69.27041225,-32.99823187],[-69.27149201,-32.99827495],[-69.27163212,-32.99830211],[-69.27178691,-32.99833565],[-69.27194082,-32.99837254],[-69.27209343,-32.99841269],[-69.27224441,-32.99845601],[-69.27239341,-32.99850238],[-69.27254009,-32.99855171],[-69.27268399,-32.99860381],[-69.27282498,-32.99865864],[-69.27296279,-32.99871608],[-69.27309717,-32.99877601],[-69.27322787,-32.9988383],[-69.2733547,-32.99890284],[-69.27347747,-32.99896952],[-69.27359364,-32.99903686],[-69.27365612,-32.99907699],[-69.27372598,-32.99912741],[-69.27379622,-32.99918228],[-69.27398202,-32.99933274],[-69.27398915,-32.99933833],[-69.27409257,-32.99941615],[-69.27410432,-32.99942458],[-69.27415856,-32.9994616],[-69.27416963,-32.99946883],[-69.27422179,-32.99950135],[-69.27423486,-32.99950908],[-69.27428737,-32.99953853],[-69.2743009,-32.99954564],[-69.27435125,-32.99957061],[-69.27437206,-32.99958009],[-69.27444785,-32.99961159],[-69.2744617,-32.99961701],[-69.27447228,-32.99962071],[-69.27455443,-32.99964796],[-69.2745772,-32.99965469],[-69.27466649,-32.99967795],[-69.2746851,-32.99968229],[-69.27478486,-32.99970233],[-69.27480121,-32.99970524],[-69.27489475,-32.99971974],[-69.27490722,-32.99972146],[-69.27501286,-32.99973424],[-69.27502466,-32.99973548],[-69.27507592,-32.99974005],[-69.27572084,-32.99981537],[-69.27575339,-32.99982285],[-69.27580631,-32.99983757],[-69.27588375,-32.9998623],[-69.27596436,-32.99989036],[-69.27604637,-32.99992122],[-69.27612998,-32.99995497],[-69.27621532,-32.99999171],[-69.27630272,-33.0000316],[-69.27639249,-33.00007482],[-69.27648396,-33.00012105],[-69.27666946,-33.00022078],[-69.2768727,-33.00033764],[-69.27709136,-33.00046967],[-69.27745222,-33.00069364],[-69.27750888,-33.00073101],[-69.27756518,-33.00077249],[-69.27762558,-33.0008214],[-69.27769117,-33.00087901],[-69.27775441,-33.00093823],[-69.27782522,-33.00100788],[-69.27809824,-33.00128925],[-69.27821248,-33.00140273],[-69.27821854,-33.00140857],[-69.27827994,-33.00146611],[-69.27828599,-33.00147162],[-69.27834389,-33.00152295],[-69.27835124,-33.00152926],[-69.27840681,-33.0015754],[-69.27841546,-33.00158232],[-69.27846941,-33.00162386],[-69.27848127,-33.00163255],[-69.27854743,-33.00167869],[-69.27856337,-33.00168911],[-69.27862812,-33.00172878],[-69.278642,-33.00173682],[-69.27864724,-33.00173963],[-69.27871108,-33.0017731],[-69.27873365,-33.0017839],[-69.27879688,-33.00181136],[-69.27881576,-33.00181891],[-69.27882301,-33.00182148],[-69.27888601,-33.00184307],[-69.27891551,-33.00185179],[-69.2789784,-33.00186753],[-69.27899184,-33.00187063],[-69.27901067,-33.0018741],[-69.27907363,-33.00188405],[-69.27910741,-33.00188783],[-69.27917088,-33.00189202],[-69.27920624,-33.00189271],[-69.2792139,-33.0018925],[-69.27923614,-33.00190036],[-69.27969719,-33.00189842],[-69.28052525,-33.00162283],[-69.28057362,-33.00163836],[-69.2806589,-33.00166985],[-69.28075034,-33.00170681],[-69.28101633,-33.00181868],[-69.28102429,-33.00182191],[-69.28110582,-33.00185387],[-69.28111386,-33.00185691],[-69.28118818,-33.00188377],[-69.28120056,-33.00188799],[-69.28128461,-33.00191493],[-69.28130122,-33.00191982],[-69.28138018,-33.00194104],[-69.28139976,-33.00194573],[-69.28147515,-33.00196163],[-69.28149762,-33.00196565],[-69.28157017,-33.00197637],[-69.28159019,-33.00197879],[-69.28165244,-33.00198461],[-69.28166473,-33.00198555],[-69.28173235,-33.00198924],[-69.28174591,-33.00198973],[-69.28176671,-33.00199012],[-69.28182791,-33.00200919],[-69.28295418,-33.00197236],[-69.28343914,-33.00201978],[-69.28345808,-33.002024],[-69.28352688,-33.00204434],[-69.28355144,-33.00205322],[-69.28357629,-33.00206348],[-69.28359845,-33.00207388],[-69.28361573,-33.0020831],[-69.28363095,-33.00209267],[-69.28364668,-33.00210453],[-69.28366578,-33.0021214],[-69.28368872,-33.00214466],[-69.28371251,-33.00217162],[-69.2837402,-33.00220595],[-69.28386384,-33.00237309],[-69.28386971,-33.00238073],[-69.28392271,-33.00244729],[-69.28392483,-33.00244994],[-69.28393457,-33.00246151],[-69.28396603,-33.00249685],[-69.28397005,-33.00250127],[-69.28397614,-33.00250763],[-69.28400686,-33.00253872],[-69.28401954,-33.0025508],[-69.28405014,-33.00257826],[-69.28406565,-33.00259126],[-69.28409732,-33.00261606],[-69.28411655,-33.00262986],[-69.28418809,-33.00267726],[-69.28421133,-33.0026913],[-69.28428877,-33.00273379],[-69.28431234,-33.00274554],[-69.28439551,-33.00278303],[-69.28441891,-33.00279258],[-69.2845083,-33.0028253],[-69.28453097,-33.00283275],[-69.28462646,-33.00286067],[-69.28464779,-33.00286622],[-69.28475297,-33.0028902],[-69.28476965,-33.00289347],[-69.28487903,-33.0029123],[-69.2848968,-33.00291493],[-69.28501407,-33.00292939],[-69.28502815,-33.00293086],[-69.28512464,-33.00293911],[-69.28513351,-33.00293976],[-69.28518043,-33.00294242],[-69.28549584,-33.00297849],[-69.28793581,-33.00294771],[-69.28837526,-33.00289096],[-69.28838121,-33.00289019],[-69.29112033,-33.00253645],[-69.29182476,-33.00249955],[-69.2921776,-33.00251445],[-69.29245492,-33.00260039],[-69.29301155,-33.00268411],[-69.29450014,-33.00333906],[-69.29495947,-33.00353837],[-69.29509556,-33.0035953],[-69.2954016,-33.00367331],[-69.29569072,-33.00377282],[-69.29682395,-33.00370746],[-69.29748447,-33.00352704],[-69.29783653,-33.00336501],[-69.29881781,-33.00273621],[-69.29995377,-33.00200827],[-69.3011865,-33.00103563],[-69.30176024,-33.00046478],[-69.30201041,-33.00021587],[-69.30236949,-32.9997203],[-69.30249888,-32.99954173],[-69.30286715,-32.99877307],[-69.30455366,-32.99556278],[-69.30458867,-32.99551098],[-69.30465602,-32.99541131],[-69.30495709,-32.99512438],[-69.30516242,-32.99501161],[-69.30528802,-32.99494263],[-69.30582788,-32.99475532],[-69.30654539,-32.99459926],[-69.30761062,-32.99452822],[-69.30911839,-32.99459211],[-69.30938879,-32.99460356],[-69.31050576,-32.99477268],[-69.31072736,-32.99483516],[-69.31095593,-32.9948996],[-69.31146786,-32.99504391],[-69.31228027,-32.99549252],[-69.31242276,-32.99557997],[-69.31335272,-32.99615066],[-69.31363655,-32.9963664],[-69.31411917,-32.99673323],[-69.31441971,-32.99704001],[-69.31502841,-32.99766135],[-69.31552425,-32.99769285],[-69.31596968,-32.99780656],[-69.31643358,-32.99792499],[-69.31712521,-32.99818861],[-69.31776067,-32.99843081],[-69.31781988,-32.99845348],[-69.3183838,-32.99860472],[-69.31870229,-32.99869013],[-69.31881279,-32.99874156],[-69.31898196,-32.99882029],[-69.3211336,-32.99881478],[-69.32252524,-32.99875413],[-69.32369614,-32.99870309],[-69.32375199,-32.99870066],[-69.32393111,-32.9985759],[-69.32454269,-32.9981499],[-69.32518526,-32.99789694],[-69.3262813,-32.99746545],[-69.32681449,-32.99746406],[-69.32893576,-32.99793085],[-69.32953659,-32.99784484],[-69.33006077,-32.99781264],[-69.33006326,-32.99781249],[-69.33137937,-32.99904498],[-69.33163559,-32.99954158],[-69.33169087,-32.999594],[-69.33173167,-32.9996327],[-69.33240129,-33.00002598],[-69.33375403,-33.00025661],[-69.33513739,-33.00066386],[-69.33568405,-33.00118693],[-69.33613422,-33.00171179],[-69.336899,-33.00241791],[-69.33728076,-33.00256145],[-69.33770276,-33.00272012],[-69.33840877,-33.00322812],[-69.33891724,-33.00359399],[-69.33936767,-33.00379484],[-69.33997682,-33.00406646],[-69.34006846,-33.00406239],[-69.3415061,-33.00384992],[-69.34175804,-33.00371488],[-69.33929617,-33.00273411],[-69.33803451,-33.0022559],[-69.33726668,-33.00196703],[-69.33549742,-33.00020496],[-69.33412068,-32.99979358],[-69.33391618,-32.99973247],[-69.33374283,-32.99970369],[-69.33265888,-32.99952371],[-69.33217644,-32.99923527],[-69.33207418,-32.9990444],[-69.33190656,-32.99873152],[-69.33175792,-32.99859569],[-69.33029404,-32.99725787],[-69.33014499,-32.99723601],[-69.32881216,-32.99730974],[-69.32842589,-32.99720278],[-69.32806251,-32.99710216],[-69.32693679,-32.99687646],[-69.32660621,-32.9968805],[-69.32607311,-32.996887],[-69.32531629,-32.99720133],[-69.32486762,-32.99737847],[-69.3241477,-32.99766271],[-69.32387973,-32.99783902],[-69.32341895,-32.99805383],[-69.32182525,-32.99820037],[-69.32152219,-32.99821202],[-69.32109352,-32.9982285],[-69.31948509,-32.99812786],[-69.31947005,-32.99812691],[-69.31929194,-32.99811577],[-69.3207754,-32.99762286],[-69.3213503,-32.99713097],[-69.32230736,-32.99631208],[-69.32378783,-32.99611211],[-69.32493701,-32.99450595],[-69.32684174,-32.99324325],[-69.32948232,-32.99279684],[-69.33139032,-32.99337582],[-69.33198892,-32.99370101],[-69.33484844,-32.99549796],[-69.33542688,-32.99591243],[-69.33768818,-32.99638629],[-69.33784483,-32.99638567],[-69.33955551,-32.99571258],[-69.33967278,-32.99563328],[-69.33967778,-32.99562234],[-69.33972336,-32.99552262],[-69.33994703,-32.9936375],[-69.34288965,-32.99098525],[-69.34291532,-32.99101956],[-69.34301071,-32.99091893],[-69.3434239,-32.99048308],[-69.34396028,-32.98963289],[-69.34414716,-32.98933668],[-69.3456612,-32.98852885],[-69.34736051,-32.9885599],[-69.34924379,-32.98766492],[-69.35042244,-32.98685691],[-69.35048852,-32.98667083],[-69.35029649,-32.98455734],[-69.35014267,-32.98381873],[-69.35037965,-32.98335788],[-69.35158488,-32.98256886],[-69.35488156,-32.98088235],[-69.3584337,-32.97985235],[-69.35948928,-32.97899637],[-69.36062383,-32.97738275],[-69.36218209,-32.97622961],[-69.36384805,-32.97491666],[-69.36440912,-32.97488283],[-69.36454232,-32.97416347]],[[-69.22946648,-32.96874182],[-69.22947674,-32.96874476],[-69.22928845,-32.96873622],[-69.22939371,-32.96872868],[-69.229446,-32.96873593],[-69.22946648,-32.96874182]]]]},"geometry_name":"the_geom","properties":{"fid":85,"id":89,"distrito_":"POTRERILLOS","zona_":"CONSERVACION NATURAL","codigo":"ZCN","lote_min":"5000","lado_min":"30","fos":"0","retiro_fro":"3","retiro_lat":"3","retiro_pos":"3","alt_max":"8","ordenanza":"14106-2021","sup_m2":1923690}},{"type":"Feature","id":"Zonas.16","geometry":{"type":"MultiPolygon","coordinates":[[[[-68.86597536,-32.98148482],[-68.86447858,-32.98149061],[-68.86418477,-32.9814849],[-68.86409663,-32.98193846],[-68.86408946,-32.98197533],[-68.86415078,-32.98322065],[-68.86413831,-32.9854758],[-68.86395706,-32.98547588],[-68.86385381,-32.98547592],[-68.86346513,-32.98548404],[-68.86351691,-32.9855839],[-68.86353954,-32.98573111],[-68.86376903,-32.98643157],[-68.86383927,-32.98669789],[-68.8639306,-32.98694532],[-68.86421497,-32.98750954],[-68.86453064,-32.9882002],[-68.86460858,-32.9886242],[-68.86467101,-32.98896378],[-68.86470231,-32.98943508],[-68.86483356,-32.9914116],[-68.86501113,-32.99279979],[-68.86513567,-32.99390088],[-68.86561512,-32.99510617],[-68.86562838,-32.99510873],[-68.86568099,-32.99511888],[-68.86616977,-32.99505134],[-68.86884364,-32.99475726],[-68.86952476,-32.99467998],[-68.87099641,-32.99451299],[-68.87169143,-32.99444223],[-68.87170266,-32.99443884],[-68.8717684,-32.99442538],[-68.87682084,-32.99385189],[-68.88029317,-32.99351106],[-68.88215883,-32.9933279],[-68.88413722,-32.9931011],[-68.88609413,-32.99286394],[-68.88609924,-32.99286331],[-68.88604998,-32.99231308],[-68.88601799,-32.99197056],[-68.88600597,-32.99192409],[-68.88597127,-32.99159846],[-68.88584906,-32.9913171],[-68.88564281,-32.99084222],[-68.88548388,-32.99064803],[-68.88525354,-32.99023616],[-68.88525171,-32.99023305],[-68.88494823,-32.98979209],[-68.88475632,-32.98951848],[-68.88453326,-32.98914211],[-68.88434056,-32.98880029],[-68.88433823,-32.98878278],[-68.88407139,-32.98863048],[-68.88381991,-32.98861947],[-68.88362326,-32.98854861],[-68.88337005,-32.98844013],[-68.88315786,-32.98834689],[-68.88292828,-32.9882615],[-68.88272782,-32.98820506],[-68.88245563,-32.98812078],[-68.88217709,-32.98803085],[-68.88213991,-32.98800702],[-68.88205151,-32.98795204],[-68.881961,-32.98791634],[-68.88188415,-32.98788528],[-68.88180201,-32.98783474],[-68.8817153,-32.9877654],[-68.88166046,-32.98772275],[-68.88158786,-32.98766629],[-68.88149016,-32.98754939],[-68.88136583,-32.98738227],[-68.88123017,-32.98721514],[-68.88107755,-32.98703846],[-68.88107044,-32.98703413],[-68.88106624,-32.9870289],[-68.88086259,-32.98690465],[-68.88084379,-32.98689435],[-68.88067026,-32.98678519],[-68.88043407,-32.98664808],[-68.88043338,-32.98664654],[-68.88031977,-32.98639389],[-68.88024778,-32.98625426],[-68.88018002,-32.98611821],[-68.87994498,-32.98574669],[-68.8796964,-32.98542936],[-68.87942428,-32.98506688],[-68.87941336,-32.9850537],[-68.8787077,-32.98417863],[-68.87845295,-32.98385577],[-68.87748321,-32.98279476],[-68.87710789,-32.98237186],[-68.87662663,-32.98185753],[-68.8764207,-32.98158356],[-68.87357613,-32.98157663],[-68.87104809,-32.98153966],[-68.87006288,-32.98152048],[-68.86710424,-32.98148992],[-68.86597536,-32.98148482]]]]},"geometry_name":"the_geom","properties":{"fid":16,"id":15,"distrito_":"CHACRAS DE CORIA","zona_":"RESIDENCIAL 5","codigo":"ZR5","lote_min":"750","lado_min":"13,5","fos":"35","retiro_fro":"3","retiro_lat":"1,5","retiro_pos":"1,5","alt_max":"8","ordenanza":"14106-2021","sup_m2":2283620}},{"type":"Feature","id":"Zonas.17","geometry":{"type":"MultiPolygon","coordinates":[[[[-68.88567245,-32.98160691],[-68.88131973,-32.98156565],[-68.87833064,-32.98153367],[-68.87834404,-32.98154966],[-68.87834454,-32.98155026],[-68.87834941,-32.98155607],[-68.87898771,-32.98233157],[-68.88045671,-32.98411536],[-68.88120895,-32.98500744],[-68.88161813,-32.98548207],[-68.88175717,-32.98563554],[-68.88176858,-32.98564495],[-68.88188205,-32.9858042],[-68.88224014,-32.9857344],[-68.88280045,-32.98562518],[-68.88315253,-32.98557617],[-68.88330981,-32.98554889],[-68.88339439,-32.98553258],[-68.8839441,-32.98541484],[-68.88433326,-32.98535248],[-68.88457273,-32.98530619],[-68.88467241,-32.98528692],[-68.88533179,-32.98595911],[-68.88537971,-32.98602664],[-68.8866009,-32.98568419],[-68.88724514,-32.98550385],[-68.88902802,-32.98497974],[-68.88966349,-32.98585299],[-68.88980452,-32.98604952],[-68.88908759,-32.98628396],[-68.88870641,-32.98640017],[-68.88869949,-32.98640232],[-68.88774506,-32.98669385],[-68.88732703,-32.98683018],[-68.88617702,-32.98718442],[-68.88601107,-32.98723553],[-68.88576863,-32.98729808],[-68.88512828,-32.98750512],[-68.88498468,-32.98753027],[-68.88533253,-32.98788143],[-68.88568447,-32.9882044],[-68.88587372,-32.98849925],[-68.8859136,-32.98853456],[-68.88609325,-32.98881953],[-68.8863278,-32.9892067],[-68.88642727,-32.98936168],[-68.88681366,-32.98996365],[-68.88681842,-32.98997391],[-68.88712407,-32.99063385],[-68.88742744,-32.99128884],[-68.88748712,-32.99181894],[-68.88756886,-32.99254496],[-68.88758882,-32.99272221],[-68.88758995,-32.99273482],[-68.88805244,-32.99272506],[-68.88842157,-32.99270709],[-68.8885754,-32.99270429],[-68.88899221,-32.9926793],[-68.88986333,-32.99263687],[-68.88988252,-32.99263547],[-68.89026629,-32.99260744],[-68.89072499,-32.99258627],[-68.89231235,-32.99252178],[-68.89488665,-32.99240683],[-68.89490351,-32.99240624],[-68.89585238,-32.99238191],[-68.89619135,-32.99240417],[-68.89627737,-32.99241742],[-68.89660067,-32.99255111],[-68.89679509,-32.9926671],[-68.89773018,-32.99326643],[-68.89829097,-32.99366771],[-68.89842875,-32.99375949],[-68.89890454,-32.99410335],[-68.89894964,-32.99413406],[-68.89902603,-32.99419115],[-68.89981237,-32.99477889],[-68.89984611,-32.99478972],[-68.89999626,-32.9948864],[-68.90026069,-32.99495826],[-68.9005497,-32.995036],[-68.90095964,-32.99515562],[-68.90094357,-32.99514196],[-68.90056482,-32.99481992],[-68.89964111,-32.99403451],[-68.89959009,-32.99399113],[-68.8982605,-32.99286056],[-68.89813584,-32.99275456],[-68.89754283,-32.9922503],[-68.89740821,-32.99213583],[-68.89740455,-32.99212778],[-68.89563892,-32.98825057],[-68.89563548,-32.9882484],[-68.89557115,-32.98820789],[-68.89197972,-32.98594643],[-68.89168141,-32.98575858],[-68.89070458,-32.98522815],[-68.89070024,-32.98522588],[-68.89055918,-32.98515474],[-68.89054343,-32.98514411],[-68.89021482,-32.98497273],[-68.88772701,-32.98367522],[-68.88705687,-32.9831236],[-68.88654803,-32.98259351],[-68.88592055,-32.98187723],[-68.88567689,-32.98161215],[-68.88567245,-32.98160691]]]]},"geometry_name":"the_geom","properties":{"fid":17,"id":16,"distrito_":"CHACRAS DE CORIA","zona_":"RESIDENCIAL 5","codigo":"ZR5","lote_min":"750","lado_min":"13,5","fos":"35","retiro_fro":"3","retiro_lat":"1,5","retiro_pos":"1,5","alt_max":"8","ordenanza":"14106-2021","sup_m2":957499}},{"type":"Feature","id":"Zonas.18","geometry":{"type":"MultiPolygon","coordinates":[[[[-68.86752625,-33.0000201],[-68.86766094,-33.00033775],[-68.86787041,-33.00033017],[-68.86949095,-33.00022317],[-68.87311916,-33.00003272],[-68.87312501,-33.00006084],[-68.8741019,-33.0047567],[-68.87410761,-33.00478417],[-68.87410861,-33.004789],[-68.87953061,-33.00480628],[-68.882836,-33.00478086],[-68.88510457,-33.00476337],[-68.88588532,-33.00477956],[-68.88624516,-33.00479198],[-68.88625892,-33.00479249],[-68.88627132,-33.0047925],[-68.88627968,-33.00476316],[-68.88635231,-33.00451715],[-68.88669678,-33.0033409],[-68.88675576,-33.00315638],[-68.88691403,-33.00287583],[-68.88711568,-33.00256019],[-68.88721036,-33.00232924],[-68.88727574,-33.00216979],[-68.88734018,-33.00189488],[-68.88737343,-33.00178332],[-68.8873997,-33.00121464],[-68.88741575,-33.00103135],[-68.88741697,-33.00100491],[-68.88742142,-33.00094231],[-68.88743723,-33.00007126],[-68.88754782,-32.9982288],[-68.88757551,-32.99680018],[-68.88754409,-32.99669171],[-68.88753211,-32.99663658],[-68.88744879,-32.99635252],[-68.88744163,-32.99632559],[-68.88741336,-32.99620723],[-68.88719085,-32.99578256],[-68.88710566,-32.99561998],[-68.88707027,-32.99555243],[-68.8870699,-32.99555173],[-68.88694568,-32.99531385],[-68.88679531,-32.99513798],[-68.88670952,-32.99503764],[-68.88666817,-32.99498368],[-68.88659928,-32.99484854],[-68.8863386,-32.9941096],[-68.88412335,-32.99437809],[-68.88371509,-32.99442836],[-68.88275235,-32.99454345],[-68.88250256,-32.99457456],[-68.88249164,-32.99457585],[-68.88247549,-32.9945775],[-68.87888254,-32.99491272],[-68.87812276,-32.99498359],[-68.87810662,-32.99498495],[-68.87783926,-32.99500496],[-68.87740146,-32.99505462],[-68.87685027,-32.99511583],[-68.87684883,-32.99511599],[-68.8759538,-32.99521865],[-68.87567619,-32.99524957],[-68.87548523,-32.99527262],[-68.8749414,-32.99533049],[-68.87323193,-32.99552933],[-68.8721957,-32.99564744],[-68.87204752,-32.99567746],[-68.87088889,-32.99579546],[-68.86612328,-32.99637275],[-68.86616799,-32.99649701],[-68.86622146,-32.99664559],[-68.86707991,-32.99883827],[-68.86752625,-33.0000201]]]]},"geometry_name":"the_geom","properties":{"fid":18,"id":17,"distrito_":"CHACRAS DE CORIA","zona_":"RESIDENCIAL 5","codigo":"ZR5","lote_min":"750","lado_min":"13,5","fos":"35","retiro_fro":"3","retiro_lat":"1,5","retiro_pos":"1,5","alt_max":"8","ordenanza":"14106-2021","sup_m2":1708480}},{"type":"Feature","id":"Zonas.19","geometry":{"type":"MultiPolygon","coordinates":[[[[-68.87987018,-33.00827653],[-68.8801372,-33.01296339],[-68.88012118,-33.01296118],[-68.87733769,-33.01257762],[-68.87640669,-33.0124748],[-68.87674376,-33.01416526],[-68.87809011,-33.01438044],[-68.8781714,-33.01409095],[-68.87885527,-33.01410738],[-68.87877486,-33.0146086],[-68.87870048,-33.01499043],[-68.87869023,-33.01503868],[-68.87839097,-33.01502108],[-68.8783733,-33.01559354],[-68.87803681,-33.01536587],[-68.8779601,-33.0152795],[-68.87784852,-33.01520206],[-68.87770275,-33.01510987],[-68.87739716,-33.01474429],[-68.87679304,-33.01436213],[-68.87496457,-33.01338921],[-68.87447321,-33.01312059],[-68.87445918,-33.01277929],[-68.87379636,-33.01272386],[-68.87251311,-33.01267237],[-68.87309577,-33.01301479],[-68.87371886,-33.01339783],[-68.87471895,-33.01401262],[-68.87567707,-33.01484082],[-68.87606112,-33.01513429],[-68.87658487,-33.0155345],[-68.87686173,-33.01577387],[-68.877162,-33.01605765],[-68.8773205,-33.0162113],[-68.87785051,-33.01682213],[-68.87869073,-33.01766041],[-68.87994306,-33.01895734],[-68.88013918,-33.01916045],[-68.88029814,-33.01934176],[-68.88081233,-33.01992826],[-68.88107461,-33.02012656],[-68.88256144,-33.02125067],[-68.88257743,-33.02124376],[-68.88277438,-33.02115862],[-68.88322476,-33.02097851],[-68.88374126,-33.02077151],[-68.88406454,-33.02062721],[-68.88414999,-33.02024558],[-68.88455332,-33.01855629],[-68.88519211,-33.01577265],[-68.88527842,-33.01539653],[-68.88528059,-33.01536111],[-68.88534685,-33.01427868],[-68.88534922,-33.01423989],[-68.88530195,-33.01353475],[-68.8853611,-33.01130382],[-68.8853649,-33.01116037],[-68.88536653,-33.01109896],[-68.88531278,-33.00985964],[-68.88531228,-33.0098359],[-68.88531407,-33.0097929],[-68.88531656,-33.00940461],[-68.88526608,-33.00921266],[-68.88527868,-33.00905591],[-68.88543532,-33.00845009],[-68.88577274,-33.00684679],[-68.88586436,-33.0063647],[-68.88591567,-33.00609278],[-68.88500502,-33.00610707],[-68.87975664,-33.00603409],[-68.87987018,-33.00827653]]]]},"geometry_name":"the_geom","properties":{"fid":19,"id":18,"distrito_":"CHACRAS DE CORIA","zona_":"RESIDENCIAL 5","codigo":"ZR5","lote_min":"750","lado_min":"13,5","fos":"35","retiro_fro":"3","retiro_lat":"1,5","retiro_pos":"1,5","alt_max":"8","ordenanza":"14106-2021","sup_m2":953429}},{"type":"Feature","id":"Zonas.20","geometry":{"type":"MultiPolygon","coordinates":[[[[-68.82840169,-32.99568626],[-68.83321628,-33.00763474],[-68.84794824,-33.00464822],[-68.84731589,-33.0017827],[-68.84659541,-32.9988646],[-68.84581442,-32.99522883],[-68.84516941,-32.99216525],[-68.84505533,-32.99161017],[-68.8448532,-32.99059319],[-68.84422004,-32.98760306],[-68.84389153,-32.98605153],[-68.84382585,-32.98575858],[-68.84316005,-32.98278859],[-68.84300713,-32.98186055],[-68.8427448,-32.98065631],[-68.84266651,-32.98044892],[-68.84259145,-32.98025009],[-68.84172366,-32.9781249],[-68.84144671,-32.97744661],[-68.83992956,-32.97574563],[-68.83523221,-32.97713911],[-68.83082909,-32.97806365],[-68.82437291,-32.97941458],[-68.8210615,-32.98014793],[-68.82566676,-32.98944479],[-68.82646963,-32.99111037],[-68.82840169,-32.99568626]]]]},"geometry_name":"the_geom","properties":{"fid":20,"id":19,"distrito_":"CARRODILLA","zona_":"RESERVA AMBIENTAL 2","codigo":"ZRA2","lote_min":"500","lado_min":"12","fos":"45","retiro_fro":"3","retiro_lat":"0","retiro_pos":"0","alt_max":"8","ordenanza":"14106-2021","sup_m2":5402360}},{"type":"Feature","id":"Zonas.21","geometry":{"type":"MultiPolygon","coordinates":[[[[-68.86991615,-33.01439856],[-68.87314642,-33.02321121],[-68.8745747,-33.02718813],[-68.87489069,-33.02784919],[-68.87536249,-33.02885889],[-68.87556514,-33.02924877],[-68.87561443,-33.02936926],[-68.87576332,-33.02961785],[-68.87589935,-33.02950341],[-68.87606316,-33.02935501],[-68.87616526,-33.0292648],[-68.87406457,-33.02427203],[-68.87210237,-33.0181436],[-68.87070976,-33.01469698],[-68.87027401,-33.01361846],[-68.86992167,-33.01301191],[-68.86946244,-33.01222133],[-68.86916746,-33.01143686],[-68.86887067,-33.01039648],[-68.86866808,-33.00968531],[-68.86824278,-33.00812291],[-68.86793411,-33.00710858],[-68.86757383,-33.00565681],[-68.86693531,-33.0057417],[-68.86693668,-33.00574576],[-68.86837818,-33.01001514],[-68.86937941,-33.01306226],[-68.86946239,-33.01322604],[-68.86952998,-33.0134262],[-68.86954007,-33.01345608],[-68.86991615,-33.01439856]]]]},"geometry_name":"the_geom","properties":{"fid":21,"id":51,"distrito_":"MAYOR DRUMMOND","zona_":"COMERCIAL MIXTA 1","codigo":"ZCM1","lote_min":"200","lado_min":"10","fos":"90","retiro_fro":"0","retiro_lat":"0","retiro_pos":"0","alt_max":"0","ordenanza":"14106-2021","sup_m2":149697}},{"type":"Feature","id":"Zonas.22","geometry":{"type":"MultiPolygon","coordinates":[[[[-68.89917827,-33.03388301],[-68.89951367,-33.03407071],[-68.8995142,-33.03407052],[-68.90015929,-33.03383566],[-68.90101545,-33.03346952],[-68.90143828,-33.03329695],[-68.90151132,-33.03326713],[-68.9016911,-33.03323991],[-68.90210194,-33.03316455],[-68.90725619,-33.03288719],[-68.90919805,-33.03278817],[-68.90868689,-33.03191439],[-68.90665409,-33.03199787],[-68.9026878,-33.03216065],[-68.9013956,-33.03233514],[-68.90080862,-33.03240777],[-68.900779,-33.0324184],[-68.90077559,-33.03241887],[-68.89998224,-33.03268544],[-68.8999204,-33.03272678],[-68.89991989,-33.03272697],[-68.89868981,-33.03354796],[-68.89866056,-33.03359474],[-68.89917827,-33.03388301]]]]},"geometry_name":"the_geom","properties":{"fid":22,"id":52,"distrito_":"VISTALBA","zona_":"COMERCIAL MIXTA 2","codigo":"ZCM2","lote_min":"300","lado_min":"12","fos":"80","retiro_fro":"0","retiro_lat":"0","retiro_pos":"0","alt_max":"8","ordenanza":"14106-2021","sup_m2":100159}},{"type":"Feature","id":"Zonas.23","geometry":{"type":"MultiPolygon","coordinates":[[[[-68.842486,-32.97698141],[-68.84250189,-32.9770092],[-68.84252407,-32.97703454],[-68.84349647,-32.97938478],[-68.84498392,-32.97902448],[-68.84595477,-32.98183556],[-68.84412871,-32.98217283],[-68.84493715,-32.98547092],[-68.84496777,-32.98560462],[-68.84517875,-32.98652569],[-68.84550557,-32.98799198],[-68.84568735,-32.98888638],[-68.84587722,-32.98982055],[-68.8462075,-32.99144556],[-68.84637518,-32.99212783],[-68.8486686,-32.99188575],[-68.8492638,-32.99149914],[-68.85033676,-32.99115204],[-68.8505667,-32.99109633],[-68.85077242,-32.99092701],[-68.85088886,-32.99086687],[-68.85094393,-32.99065995],[-68.85102334,-32.99036155],[-68.85008723,-32.98720261],[-68.84960468,-32.9859572],[-68.84934922,-32.98568632],[-68.84918183,-32.98554484],[-68.84902047,-32.98551211],[-68.84880934,-32.9854408],[-68.84861901,-32.98540167],[-68.84835389,-32.98537692],[-68.84805409,-32.98538457],[-68.84782315,-32.98539047],[-68.84744199,-32.9854002],[-68.84721703,-32.98536592],[-68.8469403,-32.98524402],[-68.84681542,-32.9851444],[-68.84677901,-32.98509308],[-68.84677298,-32.98489886],[-68.84682524,-32.98472379],[-68.84797772,-32.98425357],[-68.84824218,-32.98403133],[-68.84837929,-32.98387452],[-68.84846623,-32.98364122],[-68.8484835,-32.98328304],[-68.84814329,-32.98219008],[-68.84675294,-32.97875967],[-68.8460733,-32.97721067],[-68.84571467,-32.97706333],[-68.84546042,-32.97700031],[-68.84517332,-32.97697329],[-68.84455321,-32.97698684],[-68.84408653,-32.97669987],[-68.84385777,-32.97637025],[-68.84443726,-32.9760194],[-68.84489103,-32.97568786],[-68.84508381,-32.97532358],[-68.84509498,-32.9751],[-68.84423384,-32.97341006],[-68.84353948,-32.97204736],[-68.84245853,-32.96996962],[-68.84124449,-32.96930936],[-68.84045162,-32.96903247],[-68.83832343,-32.96915286],[-68.8367575,-32.96927386],[-68.83587607,-32.96934456],[-68.8363562,-32.96990314],[-68.83958636,-32.97367493],[-68.84046277,-32.97468032],[-68.84110192,-32.9754103],[-68.84238711,-32.97685038],[-68.8424396,-32.97691426],[-68.842486,-32.97698141]]]]},"geometry_name":"the_geom","properties":{"fid":23,"id":20,"distrito_":"CIUDAD","zona_":"INDUSTRIAL","codigo":"ZI","lote_min":"1500","lado_min":"25","fos":"0","retiro_fro":"15-5","retiro_lat":"0","retiro_pos":"3","alt_max":"0","ordenanza":"14106-2021","sup_m2":945091}},{"type":"Feature","id":"Zonas.24","geometry":{"type":"MultiPolygon","coordinates":[[[[-68.87943816,-33.03306997],[-68.88014864,-33.03476357],[-68.88016241,-33.03475966],[-68.88016499,-33.03476574],[-68.88017218,-33.0347636],[-68.88270307,-33.03403867],[-68.88300378,-33.03469213],[-68.88309826,-33.03489744],[-68.88695883,-33.03391855],[-68.88743984,-33.03524402],[-68.88783863,-33.03623626],[-68.89458682,-33.03455934],[-68.89676243,-33.03401894],[-68.89676188,-33.03401641],[-68.89647406,-33.03352865],[-68.89501006,-33.03292443],[-68.89290325,-33.03135772],[-68.89284613,-33.03131291],[-68.89250066,-33.03101115],[-68.89199139,-33.03058845],[-68.88970597,-33.0287688],[-68.88849858,-33.02783581],[-68.88629175,-33.02613045],[-68.88515713,-33.02528118],[-68.88476003,-33.02497778],[-68.88444428,-33.0246871],[-68.88291185,-33.02307839],[-68.88208724,-33.02221947],[-68.8813687,-33.02243786],[-68.88043973,-33.02272061],[-68.87930518,-33.02304649],[-68.8797457,-33.02390132],[-68.87996582,-33.02447409],[-68.87997066,-33.025597],[-68.87984066,-33.02622851],[-68.87958082,-33.02679893],[-68.87912171,-33.02734265],[-68.8787354,-33.02766057],[-68.87844889,-33.02786506],[-68.87754645,-33.02862349],[-68.8780055,-33.02973399],[-68.8785122,-33.03089911],[-68.87943816,-33.03306997]]]]},"geometry_name":"the_geom","properties":{"fid":24,"id":21,"distrito_":"CIUDAD","zona_":"RESIDENCIAL 1","codigo":"ZR1","lote_min":"200","lado_min":"10","fos":"75","retiro_fro":"0","retiro_lat":"0","retiro_pos":"0","alt_max":"0","ordenanza":"14106-2021","sup_m2":1337290}},{"type":"Feature","id":"Zonas.25","geometry":{"type":"MultiPolygon","coordinates":[[[[-68.9078802,-33.03198514],[-68.90755266,-33.03103301],[-68.90745609,-33.02984816],[-68.90749781,-33.02932244],[-68.90750996,-33.02869216],[-68.90778735,-33.02450448],[-68.9020316,-33.02436816],[-68.90202691,-33.02519254],[-68.88899325,-33.02679877],[-68.89498615,-33.0315798],[-68.89868981,-33.03354796],[-68.89998223,-33.03268544],[-68.90080862,-33.03240777],[-68.9026878,-33.03216065],[-68.9078802,-33.03198514]]]]},"geometry_name":"the_geom","properties":{"fid":25,"id":22,"distrito_":"VISTALBA","zona_":"RESIDENCIAL 3","codigo":"ZR3","lote_min":"300","lado_min":"12","fos":"60","retiro_fro":"3","retiro_lat":"0","retiro_pos":"0","alt_max":"8","ordenanza":"14106-2021","sup_m2":1124730}},{"type":"Feature","id":"Zonas.26","geometry":{"type":"MultiPolygon","coordinates":[[[[-68.88692241,-33.00954864],[-68.88690904,-33.01170767],[-68.88690153,-33.01204564],[-68.88688839,-33.01335883],[-68.88687443,-33.01466853],[-68.88686868,-33.0151623],[-68.8868371,-33.01538156],[-68.88685174,-33.01538209],[-68.88685281,-33.01536825],[-68.88826139,-33.01543576],[-68.88828118,-33.01543654],[-68.88833248,-33.01543908],[-68.88900094,-33.01547007],[-68.88994041,-33.01551849],[-68.89194116,-33.01561805],[-68.89213602,-33.01337244],[-68.89226577,-33.01187719],[-68.89238958,-33.01050178],[-68.89238522,-33.01050175],[-68.89081526,-33.01049147],[-68.89081732,-33.01047753],[-68.89080427,-33.01047741],[-68.89080206,-33.01047742],[-68.89093682,-33.00965721],[-68.88774413,-33.0095662],[-68.88692241,-33.00954864]]]]},"geometry_name":"the_geom","properties":{"fid":26,"id":23,"distrito_":"VISTALBA","zona_":"RESIDENCIAL 2","codigo":"ZR2","lote_min":"500","lado_min":"12","fos":"45","retiro_fro":"3","retiro_lat":"0","retiro_pos":"0","alt_max":"8","ordenanza":"14106-2021","sup_m2":309937}},{"type":"Feature","id":"Zonas.27","geometry":{"type":"MultiPolygon","coordinates":[[[[-68.88685496,-33.00868738],[-68.88692241,-33.00954864],[-68.89093523,-33.00966685],[-68.89081526,-33.01049147],[-68.89238958,-33.01050178],[-68.89194116,-33.01561805],[-68.88683726,-33.0153675],[-68.88624183,-33.01861362],[-68.88574435,-33.02010422],[-68.88548295,-33.02125134],[-68.88512521,-33.02160632],[-68.88360481,-33.02220944],[-68.88701987,-33.02522057],[-68.88898305,-33.02679052],[-68.90202908,-33.02518847],[-68.9020226,-33.02436964],[-68.90782003,-33.02449406],[-68.90799202,-33.02281113],[-68.90858807,-33.01697824],[-68.90935974,-33.00875206],[-68.9033623,-33.00800141],[-68.90353294,-33.00572115],[-68.89199826,-33.00545405],[-68.88764173,-33.00541968],[-68.88751293,-33.00580794],[-68.88742746,-33.00622298],[-68.88685496,-33.00868738]]]]},"geometry_name":"the_geom","properties":{"fid":27,"id":24,"distrito_":"VISTALBA","zona_":"RESERVA AMBIENTAL 3","codigo":"ZRA3","lote_min":"500","lado_min":"0","fos":"0","retiro_fro":"0","retiro_lat":"0","retiro_pos":"0","alt_max":"","ordenanza":"14106-2021","sup_m2":4136260}},{"type":"Feature","id":"Zonas.28","geometry":{"type":"MultiPolygon","coordinates":[[[[-68.86204059,-33.03699782],[-68.86022979,-33.037362],[-68.85907746,-33.03755217],[-68.85906066,-33.03783508],[-68.86123975,-33.04204285],[-68.86209143,-33.0417953],[-68.86392669,-33.04120905],[-68.86630821,-33.04064262],[-68.86606804,-33.03968931],[-68.86580047,-33.03902272],[-68.86549391,-33.03857896],[-68.86523402,-33.03832858],[-68.86501026,-33.0381969],[-68.8628694,-33.03678376],[-68.86204059,-33.03699782]]]]},"geometry_name":"the_geom","properties":{"fid":28,"id":25,"distrito_":"CIUDAD","zona_":"RESIDENCIAL MIXTA 3","codigo":"ZRM3","lote_min":"500","lado_min":"12","fos":"75","retiro_fro":"0","retiro_lat":"0","retiro_pos":"0","alt_max":"0","ordenanza":"14106-2021","sup_m2":246352}},{"type":"Feature","id":"Zonas.29","geometry":{"type":"MultiPolygon","coordinates":[[[[-68.85199199,-32.98665279],[-68.85256358,-32.98852512],[-68.85311897,-32.99034434],[-68.85683573,-32.98955877],[-68.86119494,-32.98863725],[-68.86206498,-32.98845299],[-68.862071,-32.98845171],[-68.86207334,-32.98845668],[-68.86207471,-32.98845901],[-68.86207643,-32.98845867],[-68.86207294,-32.9884513],[-68.86176862,-32.98780806],[-68.86041958,-32.98487227],[-68.86041787,-32.98486855],[-68.86039423,-32.98487356],[-68.85199816,-32.98665149],[-68.85199422,-32.98665232],[-68.85199199,-32.98665279]]]]},"geometry_name":"the_geom","properties":{"fid":29,"id":26,"distrito_":"MAYOR DRUMMOND","zona_":"RESIDENCIAL 3","codigo":"ZR3","lote_min":"300","lado_min":"12","fos":"60","retiro_fro":"3","retiro_lat":"0","retiro_pos":"0","alt_max":"8","ordenanza":"14106-2021","sup_m2":354022}},{"type":"Feature","id":"Zonas.30","geometry":{"type":"MultiPolygon","coordinates":[[[[-68.9031636,-33.03552859],[-68.90420915,-33.03625878],[-68.90417343,-33.03622601],[-68.90457597,-33.03619886],[-68.9070445,-33.03609811],[-68.91102959,-33.03583902],[-68.91123151,-33.03558053],[-68.90918433,-33.03278338],[-68.90200109,-33.03316997],[-68.9016911,-33.03323991],[-68.90151132,-33.03326713],[-68.90143828,-33.03329695],[-68.90141216,-33.03330284],[-68.90091628,-33.03350523],[-68.90015929,-33.03383566],[-68.90118791,-33.03445191],[-68.90126213,-33.03449556],[-68.90214455,-33.03499102],[-68.9031636,-33.03552859]]]]},"geometry_name":"the_geom","properties":{"fid":30,"id":27,"distrito_":"VISTALBA","zona_":"RESIDENCIAL 2","codigo":"ZR2","lote_min":"500","lado_min":"12","fos":"45","retiro_fro":"3","retiro_lat":"0","retiro_pos":"0","alt_max":"8","ordenanza":"14106-2021","sup_m2":273322}},{"type":"Feature","id":"Zonas.31","geometry":{"type":"MultiPolygon","coordinates":[[[[-68.85638081,-33.00471225],[-68.85666422,-33.00639455],[-68.85672211,-33.00705095],[-68.85683498,-33.00873876],[-68.85741589,-33.00864328],[-68.86100241,-33.0080537],[-68.86403497,-33.00753397],[-68.86408618,-33.0075252],[-68.86388774,-33.00637793],[-68.86385205,-33.00622214],[-68.86571444,-33.00593453],[-68.86693668,-33.00574576],[-68.86697359,-33.00574006],[-68.86757383,-33.00565681],[-68.86749269,-33.00534256],[-68.8673323,-33.00448166],[-68.86721577,-33.00369572],[-68.8669416,-33.00155255],[-68.86288426,-33.0024242],[-68.85806535,-33.00356697],[-68.85682609,-33.00413307],[-68.85658186,-33.00431294],[-68.85638081,-33.00471225]]]]},"geometry_name":"the_geom","properties":{"fid":31,"id":28,"distrito_":"MAYOR DRUMMOND","zona_":"RESERVA PARQUE URBANO CULTURAL","codigo":"ZRPUC","lote_min":"0","lado_min":"0","fos":"5","retiro_fro":"3","retiro_lat":"3","retiro_pos":"3","alt_max":"0","ordenanza":"14106-2021","sup_m2":525542}},{"type":"Feature","id":"Zonas.32","geometry":{"type":"MultiPolygon","coordinates":[[[[-68.85741589,-33.00864328],[-68.85825747,-33.01435988],[-68.85872597,-33.01431546],[-68.86312826,-33.013898],[-68.86534867,-33.01374857],[-68.8657053,-33.01371618],[-68.86655407,-33.01363909],[-68.86748784,-33.01357508],[-68.86952998,-33.0134262],[-68.86956261,-33.01342382],[-68.86946239,-33.01322604],[-68.86937941,-33.01306226],[-68.86837818,-33.01001514],[-68.86693668,-33.00574576],[-68.86693531,-33.0057417],[-68.86571444,-33.00593453],[-68.86385205,-33.00622214],[-68.86388774,-33.00637793],[-68.86409451,-33.00752224],[-68.86100241,-33.0080537],[-68.85741589,-33.00864328]]]]},"geometry_name":"the_geom","properties":{"fid":32,"id":29,"distrito_":"MAYOR DRUMMOND","zona_":"RESIDENCIAL 2","codigo":"ZR2","lote_min":"500","lado_min":"12","fos":"45","retiro_fro":"3","retiro_lat":"0","retiro_pos":"0","alt_max":"8","ordenanza":"14106-2021","sup_m2":728087}},{"type":"Feature","id":"Zonas.33","geometry":{"type":"MultiPolygon","coordinates":[[[[-68.85303801,-33.00945162],[-68.8503391,-33.00996517],[-68.85108042,-33.01291157],[-68.85168613,-33.01537282],[-68.85226772,-33.01773409],[-68.85333252,-33.02183194],[-68.85379212,-33.02369036],[-68.85389786,-33.02389902],[-68.85405024,-33.02419761],[-68.8560969,-33.02820793],[-68.85725425,-33.03057108],[-68.85837524,-33.03317514],[-68.85893149,-33.03443098],[-68.85922253,-33.03507032],[-68.85958335,-33.03590265],[-68.86022979,-33.037362],[-68.86199547,-33.03700862],[-68.86256271,-33.03686271],[-68.86288501,-33.03677895],[-68.86388197,-33.03572207],[-68.86412411,-33.03545938],[-68.86427027,-33.03512502],[-68.86437538,-33.03457816],[-68.86432301,-33.03399338],[-68.86259777,-33.03003933],[-68.86009093,-33.02533387],[-68.85836875,-33.02221328],[-68.85740603,-33.02056327],[-68.85659131,-33.01846246],[-68.85633785,-33.01760333],[-68.85604135,-33.01623065],[-68.8556611,-33.01584191],[-68.85521987,-33.01552649],[-68.85487631,-33.01550533],[-68.85426389,-33.01553496],[-68.85410552,-33.01539597],[-68.8539394,-33.01529265],[-68.85393985,-33.01502068],[-68.85404886,-33.01486705],[-68.85516612,-33.01450417],[-68.85581515,-33.0141104],[-68.85595478,-33.01347625],[-68.85575607,-33.00899783],[-68.85303801,-33.00945162]]]]},"geometry_name":"the_geom","properties":{"fid":33,"id":30,"distrito_":"CIUDAD","zona_":"INDUSTRIAL","codigo":"ZI","lote_min":"1500","lado_min":"25","fos":"0","retiro_fro":"15-5","retiro_lat":"0","retiro_pos":"3","alt_max":"0","ordenanza":"14106-2021","sup_m2":1395190}},{"type":"Feature","id":"Zonas.34","geometry":{"type":"MultiPolygon","coordinates":[[[[-68.84927125,-33.00502076],[-68.84810396,-33.00526862],[-68.84855489,-33.00721728],[-68.84921147,-33.01014955],[-68.85033178,-33.00996621],[-68.85303801,-33.00945162],[-68.85575891,-33.00899306],[-68.85576866,-33.00833812],[-68.85565073,-33.00644882],[-68.85558582,-33.00586157],[-68.85538306,-33.00519054],[-68.85512792,-33.00482304],[-68.8546025,-33.0046457],[-68.85402493,-33.00463071],[-68.85266088,-33.00472911],[-68.85238177,-33.00443126],[-68.84927125,-33.00502076]]]]},"geometry_name":"the_geom","properties":{"fid":34,"id":31,"distrito_":"CIUDAD","zona_":"RESERVA PARQUE URBANO CULTURAL","codigo":"ZRPUC","lote_min":"0","lado_min":"0","fos":"5","retiro_fro":"3","retiro_lat":"3","retiro_pos":"3","alt_max":"0","ordenanza":"14106-2021","sup_m2":352706}},{"type":"Feature","id":"Zonas.35","geometry":{"type":"MultiPolygon","coordinates":[[[[-68.84921196,-33.01015175],[-68.84961579,-33.01182281],[-68.85005016,-33.01361054],[-68.85056006,-33.01568257],[-68.85067441,-33.01614685],[-68.85275769,-33.02436474],[-68.85275574,-33.02436499],[-68.85276139,-33.02438695],[-68.85321878,-33.02532671],[-68.85494072,-33.02862873],[-68.8560637,-33.03103964],[-68.85705433,-33.03318788],[-68.85748597,-33.03424046],[-68.85802784,-33.03544346],[-68.85904407,-33.0375774],[-68.86022623,-33.03736213],[-68.85958335,-33.03590265],[-68.85893149,-33.03443098],[-68.85864393,-33.03379929],[-68.85837524,-33.03317514],[-68.85720323,-33.03042544],[-68.85416106,-33.02441836],[-68.85389786,-33.02389902],[-68.85378226,-33.02367248],[-68.85335635,-33.0220173],[-68.85308219,-33.02095008],[-68.85246427,-33.018532],[-68.85226772,-33.01773409],[-68.85164825,-33.0152189],[-68.85082007,-33.01186395],[-68.85033976,-33.0099647],[-68.84921196,-33.01015175]]]]},"geometry_name":"the_geom","properties":{"fid":35,"id":53,"distrito_":"","zona_":"RESIDENCIAL MIXTA 3","codigo":"ZRM3","lote_min":"500","lado_min":"12","fos":"75","retiro_fro":"0","retiro_lat":"0","retiro_pos":"0","alt_max":"0","ordenanza":"14106-2021","sup_m2":363024}},{"type":"Feature","id":"Zonas.36","geometry":{"type":"MultiPolygon","coordinates":[[[[-68.90907444,-33.00375486],[-68.90920879,-33.00386825],[-68.90930891,-33.00395277],[-68.90931028,-33.00395377],[-68.90936037,-33.00401444],[-68.90951548,-33.00412813],[-68.91008335,-33.00422054],[-68.91116282,-33.00447955],[-68.91127205,-33.00450628],[-68.91206449,-33.00470021],[-68.91297346,-33.00493401],[-68.91374366,-33.00517852],[-68.91457288,-33.00545926],[-68.91460738,-33.00547094],[-68.91490903,-33.00559569],[-68.9154439,-33.0058169],[-68.91612216,-33.00627949],[-68.91680042,-33.00674208],[-68.91957349,-33.00871559],[-68.92104204,-33.00979295],[-68.92109625,-33.00983241],[-68.9275682,-33.01442941],[-68.92779531,-33.0145907],[-68.92803167,-33.01471839],[-68.92814574,-33.0147994],[-68.92858818,-33.01500182],[-68.92916462,-33.01524706],[-68.92945457,-33.0153667],[-68.92961396,-33.01546177],[-68.92997857,-33.0156594],[-68.93013623,-33.01573056],[-68.93029758,-33.01580365],[-68.93058799,-33.01595697],[-68.93106884,-33.01619146],[-68.93388542,-33.01756589],[-68.93406575,-33.01763634],[-68.93443291,-33.01770633],[-68.93458806,-33.01774681],[-68.93485177,-33.01779644],[-68.93550121,-33.0179136],[-68.93585671,-33.01797773],[-68.93724346,-33.01824204],[-68.93785409,-33.01742497],[-68.93848897,-33.01663504],[-68.93759671,-33.0164524],[-68.93693014,-33.0163261],[-68.93514752,-33.01601575],[-68.93434343,-33.01564097],[-68.93320916,-33.01514434],[-68.93223873,-33.01466354],[-68.93199183,-33.01454121],[-68.93102404,-33.01410197],[-68.93035543,-33.01380571],[-68.92918179,-33.01328566],[-68.92896518,-33.01317244],[-68.92860276,-33.01298299],[-68.92834897,-33.0128467],[-68.92829839,-33.01282313],[-68.92822844,-33.01279052],[-68.92818082,-33.01275534],[-68.92796698,-33.01259737],[-68.91698012,-33.00447973],[-68.91579693,-33.00392125],[-68.9151112,-33.00368959],[-68.91477799,-33.00357701],[-68.91473132,-33.00356367],[-68.91196088,-33.0027717],[-68.91160742,-33.00266945],[-68.91111684,-33.00249472],[-68.91108666,-33.00247419],[-68.91053938,-33.00214067],[-68.90970754,-33.00159614],[-68.90910249,-33.00112418],[-68.90837513,-33.00060516],[-68.90659516,-32.99907937],[-68.90606345,-32.99860743],[-68.90592604,-32.99850111],[-68.90589026,-32.99845371],[-68.9058556,-32.99842294],[-68.90513877,-32.99754414],[-68.90487795,-32.9971123],[-68.90435861,-32.99642411],[-68.90373263,-32.99569562],[-68.90364387,-32.99559499],[-68.90318787,-32.99513373],[-68.90138698,-32.99331196],[-68.90008255,-32.99210589],[-68.89908483,-32.99096791],[-68.89893061,-32.99081137],[-68.89873781,-32.99059212],[-68.89837761,-32.98989831],[-68.89798988,-32.98915145],[-68.89791904,-32.98901498],[-68.89695209,-32.98737946],[-68.89664652,-32.9870303],[-68.89643943,-32.98687437],[-68.89574722,-32.98647237],[-68.8953397,-32.98620263],[-68.89515156,-32.98609092],[-68.89440483,-32.98559406],[-68.89437522,-32.98556422],[-68.89378505,-32.98496934],[-68.89366508,-32.98482748],[-68.89350977,-32.98471464],[-68.8927911,-32.98419246],[-68.89166822,-32.98368881],[-68.89042658,-32.98304094],[-68.89021219,-32.98292907],[-68.88954887,-32.98255966],[-68.88833147,-32.98183715],[-68.88787803,-32.98089609],[-68.88730618,-32.97957542],[-68.88616051,-32.97833135],[-68.88602823,-32.97818048],[-68.88533521,-32.97735234],[-68.88310305,-32.9722649],[-68.88292683,-32.97186324],[-68.88292387,-32.97185968],[-68.88128314,-32.9699713],[-68.88162396,-32.96974837],[-68.88162487,-32.96972635],[-68.88164156,-32.96971365],[-68.88165257,-32.96970528],[-68.88167432,-32.96968827],[-68.88169197,-32.96967374],[-68.88178269,-32.96959735],[-68.88183144,-32.96955346],[-68.8818363,-32.96954875],[-68.88199582,-32.96939303],[-68.88204556,-32.96934065],[-68.88211772,-32.96925859],[-68.88212305,-32.96925248],[-68.88215107,-32.96921843],[-68.88221783,-32.96913318],[-68.88224278,-32.96909975],[-68.88224853,-32.96909156],[-68.8823097,-32.96900338],[-68.88233768,-32.96896041],[-68.88239307,-32.96886956],[-68.88240492,-32.96884952],[-68.88241823,-32.96882537],[-68.88246769,-32.96873212],[-68.88248997,-32.96868685],[-68.88253334,-32.96859147],[-68.88253557,-32.96858652],[-68.88255267,-32.96854523],[-68.88258983,-32.968448],[-68.88260249,-32.96841237],[-68.88260614,-32.96840097],[-68.88263698,-32.96830218],[-68.88265438,-32.96823661],[-68.88268034,-32.96811819],[-68.88268763,-32.96808018],[-68.88271124,-32.96793792],[-68.88271651,-32.9679005],[-68.88273305,-32.96775753],[-68.88273368,-32.96775185],[-68.88273645,-32.96771997],[-68.88274589,-32.96757654],[-68.88274743,-32.96753889],[-68.88274976,-32.96739526],[-68.88274985,-32.96738398],[-68.88274943,-32.96735758],[-68.88274463,-32.96721399],[-68.88274244,-32.96717636],[-68.88273053,-32.96703307],[-68.88272895,-32.96701627],[-68.88272647,-32.96699554],[-68.88270747,-32.9668528],[-68.88270156,-32.96681545],[-68.8826755,-32.96667349],[-68.88267111,-32.96665138],[-68.88266599,-32.96662909],[-68.88263354,-32.96649659],[-68.88262146,-32.96645281],[-68.88258122,-32.96632184],[-68.88257716,-32.96630901],[-68.88256657,-32.96627863],[-68.88251864,-32.96614951],[-68.88250145,-32.96610696],[-68.88244506,-32.965978],[-68.88242627,-32.96593825],[-68.88236333,-32.9658138],[-68.8823424,-32.965775],[-68.88227098,-32.96565125],[-68.88224647,-32.96561134],[-68.88222502,-32.96557846],[-68.88216914,-32.96549279],[-68.88215068,-32.9654656],[-68.8821423,-32.96545396],[-68.88205807,-32.9653388],[-68.88202896,-32.96530114],[-68.88196376,-32.96522121],[-68.88193802,-32.96518966],[-68.88192272,-32.9651714],[-68.88186506,-32.96511011],[-68.88124544,-32.96450728],[-68.88116087,-32.964425],[-68.88114133,-32.96440656],[-68.88028299,-32.96361866],[-68.87979409,-32.96315813],[-68.87933952,-32.96272994],[-68.87836083,-32.96181829],[-68.87830285,-32.96176388],[-68.87769184,-32.96119051],[-68.87755778,-32.9610647],[-68.87749398,-32.96100483],[-68.87649589,-32.96007332],[-68.87570334,-32.95932458],[-68.87569577,-32.95931751],[-68.87461343,-32.95831646],[-68.87459917,-32.95830352],[-68.87451412,-32.95822788],[-68.87447797,-32.95819724],[-68.87446796,-32.95818926],[-68.87437762,-32.95811812],[-68.87432875,-32.95808193],[-68.87423344,-32.95801555],[-68.87422012,-32.95800642],[-68.87419815,-32.95799228],[-68.87364521,-32.95824649],[-68.87364866,-32.95825718],[-68.87257416,-32.95835104],[-68.87277774,-32.95839757],[-68.87289706,-32.95842484],[-68.87301419,-32.95845817],[-68.8731287,-32.95849744],[-68.87324017,-32.95854251],[-68.87334818,-32.95859321],[-68.87345234,-32.95864934],[-68.87355226,-32.95871071],[-68.87364757,-32.95877709],[-68.87373792,-32.95884823],[-68.87382297,-32.95892386],[-68.87490531,-32.95992493],[-68.87570001,-32.9606757],[-68.87669928,-32.96160832],[-68.87756647,-32.9624221],[-68.87854447,-32.96333311],[-68.87949052,-32.96422429],[-68.88035352,-32.96501646],[-68.88105666,-32.96570057],[-68.8811476,-32.96581205],[-68.88123183,-32.9659272],[-68.88130915,-32.96604576],[-68.88137937,-32.96616741],[-68.88144231,-32.96629186],[-68.88149781,-32.9664188],[-68.88154574,-32.96654792],[-68.88158598,-32.96667889],[-68.88161843,-32.96681138],[-68.88164449,-32.96695334],[-68.88166349,-32.96709609],[-68.8816754,-32.96723938],[-68.8816802,-32.96738297],[-68.88167787,-32.9675266],[-68.88166843,-32.96767002],[-68.8816519,-32.96781299],[-68.88162828,-32.96795525],[-68.88160252,-32.96807273],[-68.88157169,-32.96817151],[-68.88153453,-32.96826874],[-68.88149115,-32.96836413],[-68.8814417,-32.96845738],[-68.8813863,-32.96854823],[-68.88132513,-32.96863641],[-68.88125837,-32.96872166],[-68.88118621,-32.96880373],[-68.88102669,-32.96895945],[-68.88093597,-32.96903584],[-68.88092497,-32.96904421],[-68.88084077,-32.96910825],[-68.88074134,-32.9691765],[-68.88063792,-32.9692404],[-68.88053078,-32.9692998],[-68.88042021,-32.96935454],[-68.88029705,-32.96940931],[-68.88017024,-32.96945781],[-68.88004023,-32.96949985],[-68.87990747,-32.9695353],[-68.87977245,-32.96956402],[-68.87963564,-32.96958591],[-68.87949753,-32.9696009],[-68.8793586,-32.96960893],[-68.87925235,-32.96960972],[-68.87826303,-32.96949169],[-68.87723832,-32.96885208],[-68.87663592,-32.96851266],[-68.87617722,-32.96821549],[-68.87611455,-32.96815936],[-68.87451273,-32.96672455],[-68.87309888,-32.96545805],[-68.8728546,-32.9651722],[-68.87256521,-32.96494396],[-68.87214077,-32.96461789],[-68.87178649,-32.96435875],[-68.87170303,-32.96427431],[-68.8712717,-32.96382123],[-68.87115934,-32.96372056],[-68.87115071,-32.96371543],[-68.87095554,-32.9635993],[-68.87036587,-32.96324841],[-68.87000797,-32.96308656],[-68.86901707,-32.96255035],[-68.86882707,-32.96243217],[-68.86747113,-32.96168234],[-68.86618942,-32.96102016],[-68.86433531,-32.96001674],[-68.8643292,-32.96001343],[-68.86495796,-32.95968199],[-68.86414269,-32.95879286],[-68.86014138,-32.9586214],[-68.86015176,-32.95862722],[-68.8601706,-32.95862711],[-68.8630567,-32.96025582],[-68.86317094,-32.9603213],[-68.86490446,-32.96128962],[-68.86492852,-32.96130217],[-68.86590402,-32.96185432],[-68.86590335,-32.96185434],[-68.87054827,-32.96446017],[-68.87172852,-32.96559742],[-68.87239194,-32.96623666],[-68.87260822,-32.96642216],[-68.8728703,-32.9665778],[-68.8733131,-32.96691275],[-68.87335894,-32.96695524],[-68.8735915,-32.96711008],[-68.87495746,-32.96843708],[-68.87528938,-32.96872175],[-68.87573423,-32.96901304],[-68.87631941,-32.96935906],[-68.87775577,-32.97033668],[-68.87949359,-32.97144256],[-68.87949367,-32.97144261],[-68.88034979,-32.97189417],[-68.88038239,-32.97193347],[-68.88088004,-32.9725333],[-68.88098172,-32.97265585],[-68.88293625,-32.9771407],[-68.88322743,-32.97779134],[-68.88405468,-32.97936912],[-68.88433483,-32.97971428],[-68.88475025,-32.98039087],[-68.88493545,-32.9806452],[-68.88494124,-32.9806453],[-68.8854151,-32.98130389],[-68.88567689,-32.98161215],[-68.8859417,-32.98198623],[-68.88622575,-32.98227831],[-68.88698899,-32.9830806],[-68.88772701,-32.98367522],[-68.89021482,-32.98497273],[-68.89054343,-32.98514411],[-68.89055918,-32.98515474],[-68.89070024,-32.98522588],[-68.89070458,-32.98522815],[-68.89168141,-32.98575858],[-68.89197972,-32.98594643],[-68.89557115,-32.98820789],[-68.89562873,-32.98823156],[-68.89563548,-32.9882484],[-68.89563892,-32.98825057],[-68.89740455,-32.99212778],[-68.89754283,-32.9922503],[-68.89813584,-32.99275456],[-68.89821949,-32.99282305],[-68.8982605,-32.99286056],[-68.89959009,-32.99399113],[-68.89963093,-32.99402495],[-68.89964111,-32.99403451],[-68.90056482,-32.99481992],[-68.90094357,-32.99514196],[-68.90095964,-32.99515562],[-68.90105856,-32.99523973],[-68.90107371,-32.99524579],[-68.90110275,-32.99525742],[-68.90183202,-32.99589736],[-68.90262128,-32.99656842],[-68.90262507,-32.99656892],[-68.90263743,-32.99658215],[-68.90288824,-32.99679539],[-68.90293809,-32.99690371],[-68.90296055,-32.99692773],[-68.90335808,-32.99781334],[-68.90335716,-32.99781426],[-68.90337409,-32.99785104],[-68.90338027,-32.99786446],[-68.90338139,-32.99786362],[-68.90346682,-32.99801077],[-68.90346188,-32.99801115],[-68.90347248,-32.99801077],[-68.90362306,-32.99833777],[-68.90411647,-32.99940928],[-68.90419799,-32.99958218],[-68.90462248,-32.99993242],[-68.90545381,-33.0006002],[-68.90568347,-33.00079417],[-68.90610424,-33.00114954],[-68.90653597,-33.00152596],[-68.90684109,-33.0018439],[-68.90711675,-33.00207978],[-68.90723582,-33.00217609],[-68.90739888,-33.00232118],[-68.90907444,-33.00375486]]]]},"geometry_name":"the_geom","properties":{"fid":36,"id":32,"distrito_":"","zona_":"RECREACION 1","codigo":"ZREC1","lote_min":"500","lado_min":"12","fos":"45","retiro_fro":"","retiro_lat":"0","retiro_pos":"0","alt_max":"8","ordenanza":"14106-2021","sup_m2":1907890}},{"type":"Feature","id":"Zonas.37","geometry":{"type":"MultiPolygon","coordinates":[[[[-68.88224014,-32.9857344],[-68.88188205,-32.9858042],[-68.88176739,-32.98564397],[-68.88176122,-32.98563536],[-68.8817581,-32.98563632],[-68.88124524,-32.98579399],[-68.88066646,-32.98597313],[-68.88054163,-32.98601177],[-68.88029634,-32.98609263],[-68.88018732,-32.98612844],[-68.88018596,-32.98612889],[-68.88031977,-32.98639389],[-68.88043338,-32.98664654],[-68.88043407,-32.98664808],[-68.88067026,-32.98678519],[-68.88084379,-32.98689435],[-68.88093613,-32.98695244],[-68.88107044,-32.98703413],[-68.88107755,-32.98703846],[-68.88123017,-32.98721514],[-68.88136583,-32.98738227],[-68.88149016,-32.98754939],[-68.88158786,-32.98766629],[-68.88166046,-32.98772275],[-68.8817153,-32.9877654],[-68.88174461,-32.9877882],[-68.88180201,-32.98783474],[-68.88188466,-32.98788936],[-68.88205151,-32.98795204],[-68.88205437,-32.98795221],[-68.88205824,-32.98795469],[-68.88213991,-32.98800702],[-68.88217709,-32.98803085],[-68.88245563,-32.98812078],[-68.88274402,-32.98821389],[-68.88292828,-32.9882615],[-68.88315786,-32.98834689],[-68.88337005,-32.98844013],[-68.88362326,-32.98854861],[-68.88381991,-32.98861947],[-68.8840728,-32.98863048],[-68.88426723,-32.98852362],[-68.88450749,-32.98843142],[-68.88471345,-32.98835119],[-68.88483318,-32.98851285],[-68.88497202,-32.98854334],[-68.88502511,-32.988555],[-68.88515979,-32.98858924],[-68.88557478,-32.98855914],[-68.88591296,-32.98853555],[-68.88587372,-32.98849925],[-68.88568447,-32.9882044],[-68.88533253,-32.98788143],[-68.88498468,-32.98753027],[-68.88512828,-32.98750512],[-68.88576863,-32.98729808],[-68.88600939,-32.98723605],[-68.88601107,-32.98723553],[-68.88617331,-32.98717917],[-68.88618267,-32.98717592],[-68.88564015,-32.98640962],[-68.88547771,-32.9861723],[-68.88533179,-32.98595911],[-68.88467241,-32.98528692],[-68.88457273,-32.98530619],[-68.88433326,-32.98535248],[-68.8839441,-32.98541484],[-68.88339439,-32.98553258],[-68.88330981,-32.98554889],[-68.88315253,-32.98557617],[-68.88280045,-32.98562518],[-68.88224014,-32.9857344]]]]},"geometry_name":"the_geom","properties":{"fid":37,"id":33,"distrito_":"CHACRAS DE CORIA","zona_":"COMERCIAL MIXTA 4","codigo":"ZCM4","lote_min":"300","lado_min":"12","fos":"60","retiro_fro":"0","retiro_lat":"0","retiro_pos":"0","alt_max":"8","ordenanza":"14106-2021","sup_m2":130093}},{"type":"Feature","id":"Zonas.38","geometry":{"type":"MultiPolygon","coordinates":[[[[-68.84172366,-32.9781249],[-68.84259145,-32.98025009],[-68.84266651,-32.98044892],[-68.8427448,-32.98065631],[-68.84300713,-32.98186055],[-68.84316005,-32.98278859],[-68.84382585,-32.98575858],[-68.84389153,-32.98605153],[-68.84422004,-32.98760306],[-68.84453381,-32.98908487],[-68.8448532,-32.99059319],[-68.8451382,-32.99199245],[-68.84519718,-32.99225734],[-68.84581442,-32.99522883],[-68.84588033,-32.99554168],[-68.84655573,-32.99870022],[-68.84730016,-33.00171899],[-68.84788356,-33.00440617],[-68.84810552,-33.00527534],[-68.84922486,-33.00502964],[-68.84920636,-33.00494207],[-68.84882265,-33.00323401],[-68.84844752,-33.00156409],[-68.84717984,-32.99630089],[-68.84693716,-32.99532991],[-68.84764483,-32.99520743],[-68.84774463,-32.99519015],[-68.84775841,-32.99518777],[-68.84775813,-32.99527515],[-68.84776164,-32.99535245],[-68.84777014,-32.99535085],[-68.84807295,-32.99529383],[-68.8483802,-32.99523952],[-68.84849474,-32.99521928],[-68.84912838,-32.99510728],[-68.85031632,-32.99485428],[-68.84999899,-32.99374844],[-68.84992629,-32.9934899],[-68.84957967,-32.99225714],[-68.84935578,-32.9922242],[-68.84868279,-32.99189208],[-68.84638303,-32.992127],[-68.84550557,-32.98799198],[-68.84496777,-32.98560462],[-68.84493795,-32.98547225],[-68.84492186,-32.98537989],[-68.84487128,-32.98516512],[-68.84480392,-32.98483581],[-68.84455081,-32.98389076],[-68.84412923,-32.98217253],[-68.84595477,-32.98183556],[-68.84497917,-32.97902563],[-68.84349647,-32.97938478],[-68.84252407,-32.97703454],[-68.84250189,-32.9770092],[-68.842486,-32.97698141],[-68.8424396,-32.97691426],[-68.84238711,-32.97685038],[-68.84110192,-32.9754103],[-68.84093468,-32.97522291],[-68.83788241,-32.97170118],[-68.8371177,-32.97080444],[-68.83674573,-32.97035631],[-68.8363562,-32.96990314],[-68.83587607,-32.96934456],[-68.83586754,-32.9693407],[-68.83455209,-32.96951523],[-68.83491525,-32.9699232],[-68.83520472,-32.97026355],[-68.83604299,-32.97125031],[-68.83604463,-32.97125214],[-68.8360607,-32.97125764],[-68.83999196,-32.97581652],[-68.84008787,-32.97592399],[-68.84144671,-32.97744661],[-68.84172366,-32.9781249]]]]},"geometry_name":"the_geom","properties":{"fid":38,"id":35,"distrito_":"MAYOR DRUMMOND","zona_":"RESIDENCIAL MIXTA 3","codigo":"ZRM3","lote_min":"500","lado_min":"12","fos":"75","retiro_fro":"0","retiro_lat":"0","retiro_pos":"0","alt_max":"0","ordenanza":"14106-2021","sup_m2":615596}},{"type":"Feature","id":"Zonas.39","geometry":{"type":"MultiPolygon","coordinates":[[[[-68.83789293,-32.96573046],[-68.83812264,-32.96747707],[-68.83820172,-32.96805815],[-68.83867907,-32.96789883],[-68.83906299,-32.96771873],[-68.8396126,-32.96745867],[-68.83986621,-32.96725048],[-68.84006105,-32.96709054],[-68.84018761,-32.96686231],[-68.84029598,-32.96666687],[-68.8403406,-32.96637409],[-68.84030802,-32.96598863],[-68.84025841,-32.96578827],[-68.84008623,-32.96543982],[-68.83863159,-32.96249584],[-68.83794629,-32.96118883],[-68.83761174,-32.96091763],[-68.83744209,-32.96083988],[-68.83724409,-32.96078594],[-68.83704695,-32.96078082],[-68.83746916,-32.96267016],[-68.83789293,-32.96573046]]]]},"geometry_name":"the_geom","properties":{"fid":39,"id":36,"distrito_":"CIUDAD","zona_":"INDUSTRIAL","codigo":"ZI","lote_min":"1500","lado_min":"25","fos":"0","retiro_fro":"15-5","retiro_lat":"0","retiro_pos":"3","alt_max":"0","ordenanza":"14106-2021","sup_m2":118978}},{"type":"Feature","id":"Zonas.40","geometry":{"type":"MultiPolygon","coordinates":[[[[-68.83408872,-32.96835639],[-68.83458378,-32.96847037],[-68.83582943,-32.96827519],[-68.8376834,-32.96815833],[-68.83820252,-32.96806403],[-68.83812264,-32.96747707],[-68.83789293,-32.96573046],[-68.83748608,-32.96270597],[-68.83713378,-32.96112747],[-68.8370524,-32.96077984],[-68.83682778,-32.96057229],[-68.83653083,-32.96046455],[-68.8355398,-32.9603841],[-68.83534895,-32.96029439],[-68.83504508,-32.9601091],[-68.82982797,-32.96038027],[-68.83141008,-32.96307444],[-68.83265665,-32.96655008],[-68.83289319,-32.96710868],[-68.83333374,-32.96761743],[-68.83408872,-32.96835639]]]]},"geometry_name":"the_geom","properties":{"fid":40,"id":37,"distrito_":"CARRODILLA","zona_":"RESIDENCIAL MIXTA 1","codigo":"ZRM1","lote_min":"200","lado_min":"10","fos":"75","retiro_fro":"0","retiro_lat":"0","retiro_pos":"0","alt_max":"0","ordenanza":"14106-2021","sup_m2":486537}},{"type":"Feature","id":"Zonas.41","geometry":{"type":"MultiPolygon","coordinates":[[[[-68.85432832,-32.97278144],[-68.84687692,-32.97498473],[-68.84683785,-32.9750061],[-68.84754046,-32.97642264],[-68.84839128,-32.97611332],[-68.85080871,-32.97521569],[-68.85149682,-32.97494964],[-68.85164659,-32.97490456],[-68.85171404,-32.97487951],[-68.85453231,-32.97403598],[-68.85483152,-32.97394592],[-68.85483179,-32.97394634],[-68.85432449,-32.97277222],[-68.85432832,-32.97278144]]]]},"geometry_name":"the_geom","properties":{"fid":41,"id":38,"distrito_":"CARRODILLA","zona_":"COMERCIAL MIXTA 1","codigo":"ZCM1","lote_min":"200","lado_min":"10","fos":"90","retiro_fro":"0","retiro_lat":"0","retiro_pos":"0","alt_max":"0","ordenanza":"14106-2021","sup_m2":109289}},{"type":"Feature","id":"Zonas.42","geometry":{"type":"MultiPolygon","coordinates":[[[[-68.85109498,-32.98394899],[-68.8513782,-32.98458772],[-68.85161898,-32.98539491],[-68.85168458,-32.98564297],[-68.8518895,-32.98632704],[-68.85199422,-32.98665232],[-68.85200249,-32.98667802],[-68.85200596,-32.9866773],[-68.85292556,-32.98648748],[-68.86039527,-32.98487751],[-68.86046468,-32.98486255],[-68.86090971,-32.98470909],[-68.86026374,-32.98333743],[-68.85998646,-32.9827074],[-68.85945648,-32.98159913],[-68.85869795,-32.98175462],[-68.85869637,-32.98175501],[-68.85308108,-32.98293978],[-68.85086214,-32.98342766],[-68.851076,-32.98389837],[-68.85109498,-32.98394899]]]]},"geometry_name":"the_geom","properties":{"fid":42,"id":39,"distrito_":"MAYOR DRUMMOND","zona_":"COMERCIAL MIXTA 1","codigo":"ZCM1","lote_min":"200","lado_min":"10","fos":"90","retiro_fro":"0","retiro_lat":"0","retiro_pos":"0","alt_max":"0","ordenanza":"14106-2021","sup_m2":316006}},{"type":"Feature","id":"Zonas.43","geometry":{"type":"MultiPolygon","coordinates":[[[[-68.85683573,-32.98955877],[-68.85311897,-32.99034434],[-68.85311399,-32.99034897],[-68.85252597,-32.990488],[-68.85248646,-32.99049735],[-68.85288703,-32.99058312],[-68.8533131,-32.99057545],[-68.85389864,-32.99077271],[-68.85392874,-32.99080932],[-68.85392918,-32.99095336],[-68.85351896,-32.99140008],[-68.85292973,-32.99167831],[-68.85278239,-32.99193884],[-68.85278353,-32.99193845],[-68.85306633,-32.99184216],[-68.85322784,-32.99180611],[-68.85332529,-32.99178347],[-68.85365024,-32.99170801],[-68.85372237,-32.99169126],[-68.85841517,-32.99060131],[-68.86253386,-32.9896564],[-68.86252921,-32.98964563],[-68.862536,-32.98964405],[-68.86230913,-32.98899928],[-68.86216275,-32.98860801],[-68.86207807,-32.98845022],[-68.862071,-32.98845171],[-68.86206498,-32.98845299],[-68.86119494,-32.98863725],[-68.85683573,-32.98955877]]]]},"geometry_name":"the_geom","properties":{"fid":43,"id":40,"distrito_":"MAYOR DRUMMOND","zona_":"RESIDENCIAL MIXTA 1","codigo":"ZRM1","lote_min":"200","lado_min":"10","fos":"75","retiro_fro":"0","retiro_lat":"0","retiro_pos":"0","alt_max":"0","ordenanza":"14106-2021","sup_m2":128697}},{"type":"Feature","id":"Zonas.44","geometry":{"type":"MultiPolygon","coordinates":[[[[-68.8608808,-33.02310888],[-68.87256199,-33.02161822],[-68.870072,-33.0148306],[-68.86991615,-33.01439856],[-68.86509881,-33.01482735],[-68.86493344,-33.0148414],[-68.86370666,-33.01495619],[-68.86222072,-33.01507196],[-68.85870543,-33.01537063],[-68.85849918,-33.01538711],[-68.85825299,-33.01561888],[-68.85797224,-33.01591719],[-68.85793702,-33.01631689],[-68.8580249,-33.0166505],[-68.85804012,-33.0168008],[-68.85822918,-33.01770488],[-68.85836986,-33.01816676],[-68.85897883,-33.01953087],[-68.85932642,-33.02031496],[-68.86041648,-33.02222587],[-68.86064224,-33.02263469],[-68.8608316,-33.02299008],[-68.86087591,-33.02309792],[-68.8608808,-33.02310888]]]]},"geometry_name":"the_geom","properties":{"fid":44,"id":41,"distrito_":"MAYOR DRUMMOND","zona_":"RESIDENCIAL 1","codigo":"ZR1","lote_min":"200","lado_min":"10","fos":"75","retiro_fro":"0","retiro_lat":"0","retiro_pos":"0","alt_max":"0","ordenanza":"14106-2021","sup_m2":976602}},{"type":"Feature","id":"Zonas.45","geometry":{"type":"MultiPolygon","coordinates":[[[[-68.88818037,-33.0369319],[-68.88815394,-33.03693855],[-68.88589543,-33.03754727],[-68.88169901,-33.03861069],[-68.88190008,-33.03912981],[-68.88271742,-33.04131009],[-68.88392355,-33.04142364],[-68.88493229,-33.0414727],[-68.88554533,-33.04158349],[-68.88649486,-33.04177],[-68.88765881,-33.04194283],[-68.8894512,-33.04221173],[-68.89093995,-33.04247533],[-68.8925084,-33.04279581],[-68.89289313,-33.04286096],[-68.89348504,-33.0429562],[-68.89379873,-33.04302129],[-68.89433144,-33.04310651],[-68.89452131,-33.04308822],[-68.89382865,-33.04107653],[-68.89199766,-33.03601631],[-68.89041079,-33.03637255],[-68.88818037,-33.0369319]]]]},"geometry_name":"the_geom","properties":{"fid":45,"id":42,"distrito_":"CIUDAD","zona_":"RESIDENCIAL 1","codigo":"ZR1","lote_min":"200","lado_min":"10","fos":"75","retiro_fro":"0","retiro_lat":"0","retiro_pos":"0","alt_max":"0","ordenanza":"14106-2021","sup_m2":561083}},{"type":"Feature","id":"Zonas.46","geometry":{"type":"MultiPolygon","coordinates":[[[[-68.85683498,-33.00873876],[-68.85683235,-33.01331131],[-68.85683571,-33.01371047],[-68.85707412,-33.0140829],[-68.85722324,-33.01420384],[-68.8574616,-33.01427151],[-68.85776462,-33.01432163],[-68.85808724,-33.01443651],[-68.85823942,-33.01439071],[-68.85825142,-33.01437022],[-68.85741589,-33.00864328],[-68.85683498,-33.00873876]]]]},"geometry_name":"the_geom","properties":{"fid":46,"id":43,"distrito_":"MAYOR DRUMMOND","zona_":"RESIDENCIAL MIXTA 1","codigo":"ZRM1","lote_min":"200","lado_min":"10","fos":"75","retiro_fro":"0","retiro_lat":"0","retiro_pos":"0","alt_max":"0","ordenanza":"14106-2021","sup_m2":57063.2}},{"type":"Feature","id":"Zonas.47","geometry":{"type":"MultiPolygon","coordinates":[[[[-68.85825693,-33.01435857],[-68.85835791,-33.01461066],[-68.8582435,-33.01488447],[-68.85774925,-33.01520384],[-68.85735795,-33.01553261],[-68.85715769,-33.01568989],[-68.85701342,-33.01602623],[-68.85706805,-33.01639839],[-68.85716483,-33.01695682],[-68.85733077,-33.01767551],[-68.85755038,-33.01835132],[-68.85817392,-33.01995791],[-68.86029705,-33.02355887],[-68.86089319,-33.0249427],[-68.86312051,-33.0291099],[-68.86370961,-33.03021772],[-68.86370653,-33.03021787],[-68.86565331,-33.03438721],[-68.86595475,-33.03473881],[-68.86682978,-33.03534363],[-68.8677776,-33.03596674],[-68.87475104,-33.03610558],[-68.87483546,-33.03566265],[-68.87474576,-33.03500412],[-68.87457678,-33.03432642],[-68.87443071,-33.03347697],[-68.87438627,-33.03285665],[-68.87425115,-33.03227441],[-68.87420632,-33.03193082],[-68.87420688,-33.03153957],[-68.8742528,-33.0311102],[-68.87445734,-33.03067144],[-68.87505899,-33.02980366],[-68.875612,-33.02933893],[-68.87556514,-33.02924877],[-68.87536249,-33.02885889],[-68.87518456,-33.02850802],[-68.87495846,-33.02799239],[-68.87480592,-33.02771312],[-68.8745747,-33.02718813],[-68.87456055,-33.02717619],[-68.87345557,-33.02750907],[-68.86872401,-33.02886402],[-68.86883489,-33.02916655],[-68.86526799,-33.02942097],[-68.8648775,-33.0293005],[-68.86373089,-33.02939116],[-68.86366587,-33.02900193],[-68.86331286,-33.02831985],[-68.86259185,-33.02681831],[-68.86216847,-33.02602871],[-68.86215531,-33.02600446],[-68.86152831,-33.02451917],[-68.86142055,-33.02426598],[-68.86102877,-33.02344076],[-68.86079642,-33.02295137],[-68.86040232,-33.02222585],[-68.85997378,-33.02144981],[-68.85928719,-33.02020645],[-68.85920066,-33.02001361],[-68.85903312,-33.01970517],[-68.85848834,-33.01842616],[-68.85840679,-33.01824442],[-68.85822924,-33.0176667],[-68.85813305,-33.01710106],[-68.85802871,-33.01669232],[-68.8580249,-33.0166505],[-68.85797373,-33.01643693],[-68.85793916,-33.01629262],[-68.85797224,-33.01591719],[-68.85825299,-33.01561888],[-68.8584751,-33.01540978],[-68.85856734,-33.01539307],[-68.85858738,-33.01538007],[-68.85870543,-33.01537063],[-68.86222072,-33.01507196],[-68.86370666,-33.01495619],[-68.86509881,-33.01482735],[-68.86991615,-33.01439856],[-68.86952998,-33.0134262],[-68.86748784,-33.01357508],[-68.86655407,-33.01363909],[-68.8657053,-33.01371618],[-68.86311411,-33.01389798],[-68.85836649,-33.01434819],[-68.85825693,-33.01435857]]]]},"geometry_name":"the_geom","properties":{"fid":47,"id":44,"distrito_":"MAYOR DRUMMOND","zona_":"RESIDENCIAL MIXTA 1","codigo":"ZRM1","lote_min":"200","lado_min":"10","fos":"75","retiro_fro":"0","retiro_lat":"0","retiro_pos":"0","alt_max":"0","ordenanza":"14106-2021","sup_m2":1003330}},{"type":"Feature","id":"Zonas.48","geometry":{"type":"MultiPolygon","coordinates":[[[[-68.85001846,-32.99381628],[-68.85013975,-32.99421382],[-68.85031632,-32.99485428],[-68.84912838,-32.99510728],[-68.84807295,-32.99529383],[-68.847761,-32.99535376],[-68.84775841,-32.99518777],[-68.84693716,-32.99532991],[-68.84772197,-32.99855181],[-68.84843837,-33.00152336],[-68.84922703,-33.00503409],[-68.85237446,-33.00442672],[-68.85240992,-33.00403081],[-68.85408579,-33.00338029],[-68.85426597,-33.00320825],[-68.8544826,-33.0030014],[-68.85450806,-33.00268269],[-68.85448191,-33.00240608],[-68.85444813,-33.0020486],[-68.85309142,-32.998273],[-68.8527456,-32.99709662],[-68.85249615,-32.99550304],[-68.8519489,-32.99342303],[-68.85171327,-32.99283199],[-68.85160066,-32.99260372],[-68.85136266,-32.99239328],[-68.85105743,-32.99219553],[-68.84957967,-32.99225714],[-68.85001846,-32.99381628]]]]},"geometry_name":"the_geom","properties":{"fid":48,"id":59,"distrito_":"CIUDAD","zona_":"INDUSTRIAL","codigo":"ZI","lote_min":"1500","lado_min":"25","fos":"0","retiro_fro":"15-5","retiro_lat":"0","retiro_pos":"3","alt_max":"0","ordenanza":"14106-2021","sup_m2":589777}},{"type":"Feature","id":"Zonas.49","geometry":{"type":"MultiPolygon","coordinates":[[[[-68.85779898,-33.00301438],[-68.85797544,-33.00325253],[-68.85809759,-33.00356994],[-68.8664599,-33.00165272],[-68.86633946,-33.0010067],[-68.86633479,-33.00100769],[-68.8570544,-33.00296903],[-68.85750569,-33.00299381],[-68.85779898,-33.00301438]]]]},"geometry_name":"the_geom","properties":{"fid":49,"id":60,"distrito_":"MAYOR DRUMMOND","zona_":"COMERCIAL MIXTA 1","codigo":"ZCM1","lote_min":"200","lado_min":"10","fos":"90","retiro_fro":"0","retiro_lat":"0","retiro_pos":"0","alt_max":"0","ordenanza":"14106-2021","sup_m2":66488.1}},{"type":"Feature","id":"Zonas.86","geometry":{"type":"MultiPolygon","coordinates":[[[[-69.36383171,-32.67683719],[-69.36383184,-32.67686928],[-69.36422466,-32.67657105],[-69.36383171,-32.67683719]]]]},"geometry_name":"the_geom","properties":{"fid":86,"id":91,"distrito_":"POTRERILLOS","zona_":"CONSERVACION NATURAL","codigo":"ZCN","lote_min":"5000","lado_min":"30","fos":"0","retiro_fro":"3","retiro_lat":"3","retiro_pos":"3","alt_max":"8","ordenanza":"14106-2021","sup_m2":65.7473}},{"type":"Feature","id":"Zonas.50","geometry":{"type":"MultiPolygon","coordinates":[[[[-68.8890197,-32.99783704],[-68.88901757,-32.99802369],[-68.8890168,-32.99804687],[-68.88894151,-32.99941453],[-68.88894146,-32.99941537],[-68.88893885,-32.99946152],[-68.88893343,-32.99954217],[-68.88893146,-32.99959193],[-68.88890851,-32.99999706],[-68.88890265,-33.0003207],[-68.88887495,-33.00102125],[-68.88881253,-33.00154165],[-68.88879377,-33.00187719],[-68.88875957,-33.0019796],[-68.88867337,-33.00249727],[-68.88861363,-33.00267852],[-68.88854026,-33.00290111],[-68.88846914,-33.00303639],[-68.88841442,-33.00312436],[-68.88837384,-33.0031896],[-68.88833438,-33.00325303],[-68.88829699,-33.00332198],[-68.88824311,-33.00340622],[-68.88814837,-33.0036038],[-68.88795143,-33.00435831],[-68.88761825,-33.00539985],[-68.89316573,-33.00546414],[-68.89622147,-33.00556575],[-68.90287369,-33.00570975],[-68.90350832,-33.00574986],[-68.90336482,-33.00800769],[-68.90935823,-33.00874818],[-68.9094726,-33.00766039],[-68.90958561,-33.00616157],[-68.90973665,-33.00415839],[-68.90957814,-33.00412011],[-68.9093836,-33.00405778],[-68.90928197,-33.00395375],[-68.90737056,-33.00232116],[-68.90708844,-33.00207975],[-68.90681278,-33.00184388],[-68.90650766,-33.00152593],[-68.90607593,-33.00114952],[-68.90565516,-33.00079415],[-68.90542549,-33.00060018],[-68.90459417,-32.9999324],[-68.90416968,-32.99958216],[-68.90408816,-32.99940926],[-68.90359475,-32.99833775],[-68.90344417,-32.99801075],[-68.90343357,-32.99801113],[-68.90343851,-32.99801075],[-68.90335308,-32.9978636],[-68.90335196,-32.99786444],[-68.90334578,-32.99785102],[-68.90332885,-32.99781423],[-68.90332977,-32.99781332],[-68.90293224,-32.99692771],[-68.90290978,-32.99690369],[-68.90285993,-32.99679536],[-68.90260912,-32.99658213],[-68.90243862,-32.99654766],[-68.90217748,-32.99651258],[-68.89916409,-32.99588579],[-68.89916384,-32.99588564],[-68.89914793,-32.99588243],[-68.89908038,-32.99583704],[-68.89883646,-32.99569499],[-68.89823956,-32.99530518],[-68.89821076,-32.99528539],[-68.89756791,-32.99482078],[-68.89690454,-32.99434134],[-68.89684478,-32.99430304],[-68.89683705,-32.99429743],[-68.8961372,-32.99384911],[-68.89583557,-32.99363516],[-68.89547799,-32.99365369],[-68.89492919,-32.99366776],[-68.89235973,-32.99378249],[-68.8904168,-32.99386143],[-68.88995364,-32.99389526],[-68.8899322,-32.99389656],[-68.88943432,-32.99392081],[-68.88781714,-32.99397419],[-68.88788154,-32.99409915],[-68.8880126,-32.99438028],[-68.88814609,-32.99458065],[-68.88824175,-32.99475969],[-68.88842931,-32.99517591],[-68.88883212,-32.99587128],[-68.8888375,-32.99589068],[-68.88887865,-32.99606298],[-68.88896355,-32.9963524],[-68.8889712,-32.99638138],[-68.88897318,-32.99639017],[-68.8890323,-32.99666219],[-68.88903824,-32.99669415],[-68.88904299,-32.99673526],[-68.88904455,-32.99677654],[-68.88904289,-32.99681782],[-68.8890414,-32.99683369],[-68.88902733,-32.99696262],[-68.88902704,-32.99719164],[-68.88902701,-32.99719704],[-68.88902616,-32.99727113],[-68.88902111,-32.99734742],[-68.88902443,-32.99742235],[-68.8890197,-32.99783704]]]]},"geometry_name":"the_geom","properties":{"fid":50,"id":45,"distrito_":"VISTALBA","zona_":"RESIDENCIAL 5","codigo":"ZR5","lote_min":"750","lado_min":"13,5","fos":"35","retiro_fro":"3","retiro_lat":"1,5","retiro_pos":"1,5","alt_max":"8","ordenanza":"14106-2021","sup_m2":2094630}},{"type":"Feature","id":"Zonas.51","geometry":{"type":"MultiPolygon","coordinates":[[[[-68.84358507,-32.96691169],[-68.84359031,-32.96691587],[-68.85041928,-32.96580811],[-68.853409,-32.96530938],[-68.85180661,-32.95886609],[-68.84489184,-32.95964911],[-68.84364379,-32.95971825],[-68.84276083,-32.95973793],[-68.83996804,-32.9599101],[-68.83955515,-32.96013921],[-68.83936099,-32.96026974],[-68.83936034,-32.96027018],[-68.83936283,-32.96027644],[-68.83941125,-32.96039812],[-68.83980568,-32.9616855],[-68.84013542,-32.96244457],[-68.84028752,-32.96284557],[-68.84077765,-32.96366416],[-68.84107773,-32.96420972],[-68.8413118,-32.96458331],[-68.84143865,-32.96480808],[-68.84157397,-32.96510169],[-68.8418873,-32.96556014],[-68.84234502,-32.96598299],[-68.84322131,-32.96662182],[-68.84325306,-32.96664712],[-68.84358507,-32.96691169]]]]},"geometry_name":"the_geom","properties":{"fid":51,"id":46,"distrito_":"MAYOR DRUMMOND","zona_":"RESIDENCIAL 1","codigo":"ZR1","lote_min":"200","lado_min":"10","fos":"75","retiro_fro":"0","retiro_lat":"0","retiro_pos":"0","alt_max":"0","ordenanza":"14106-2021","sup_m2":848627}},{"type":"Feature","id":"Zonas.52","geometry":{"type":"MultiPolygon","coordinates":[[[[-68.81892026,-32.97271756],[-68.82365854,-32.9718232],[-68.82589036,-32.97126169],[-68.82647933,-32.97111937],[-68.82719233,-32.97090227],[-68.82774762,-32.9707614],[-68.82811712,-32.97067836],[-68.82923485,-32.97041448],[-68.83323175,-32.9697527],[-68.83455209,-32.96951523],[-68.83586754,-32.9693407],[-68.83606055,-32.96932771],[-68.83606518,-32.96932653],[-68.83726816,-32.9692446],[-68.83839104,-32.96914904],[-68.83990998,-32.96906858],[-68.84044624,-32.96903473],[-68.83986018,-32.96882259],[-68.83918617,-32.96885484],[-68.83808988,-32.96879553],[-68.83613042,-32.96884315],[-68.83457365,-32.96911355],[-68.83379525,-32.9692538],[-68.82713711,-32.97031442],[-68.82479464,-32.9711135],[-68.81613037,-32.97269031],[-68.81641867,-32.97313161],[-68.81892026,-32.97271756]]]]},"geometry_name":"the_geom","properties":{"fid":52,"id":47,"distrito_":"CARRODILLA","zona_":"COMERCIAL MIXTA 1","codigo":"ZCM1","lote_min":"200","lado_min":"10","fos":"90","retiro_fro":"0","retiro_lat":"0","retiro_pos":"0","alt_max":"0","ordenanza":"14106-2021","sup_m2":113869}},{"type":"Feature","id":"Zonas.53","geometry":{"type":"MultiPolygon","coordinates":[[[[-68.85041928,-32.96580811],[-68.84351411,-32.96692315],[-68.84405095,-32.96799831],[-68.85342698,-32.96629229],[-68.85369988,-32.97042127],[-68.85404731,-32.97210524],[-68.85432449,-32.97277222],[-68.85483179,-32.97394634],[-68.8549268,-32.97409513],[-68.85497431,-32.97417021],[-68.85497974,-32.97417571],[-68.85718,-32.97765561],[-68.85798342,-32.9796963],[-68.85869795,-32.98175462],[-68.85869809,-32.981755],[-68.8594498,-32.9816005],[-68.85896402,-32.98010533],[-68.85850484,-32.97873642],[-68.85773871,-32.97697808],[-68.85734928,-32.97624761],[-68.85714614,-32.97584658],[-68.85565979,-32.97375183],[-68.85486623,-32.97266219],[-68.85437811,-32.97105188],[-68.85417375,-32.96865425],[-68.8542061,-32.96676798],[-68.85422381,-32.96632426],[-68.85417357,-32.96589478],[-68.85406817,-32.96528238],[-68.85370621,-32.96378301],[-68.85267784,-32.95949542],[-68.8526086,-32.95924706],[-68.85250487,-32.95887504],[-68.85217897,-32.95882997],[-68.85180562,-32.95886625],[-68.853409,-32.96530938],[-68.85041928,-32.96580811]]]]},"geometry_name":"the_geom","properties":{"fid":53,"id":48,"distrito_":"CARRODILLA","zona_":"COMERCIAL MIXTA 1","codigo":"ZCM1","lote_min":"200","lado_min":"10","fos":"90","retiro_fro":"0","retiro_lat":"0","retiro_pos":"0","alt_max":"0","ordenanza":"14106-2021","sup_m2":287755}},{"type":"Feature","id":"Zonas.54","geometry":{"type":"MultiPolygon","coordinates":[[[[-68.86046468,-32.98486255],[-68.86041958,-32.98487227],[-68.86041787,-32.98486855],[-68.86039423,-32.98487356],[-68.86039527,-32.98487751],[-68.86039959,-32.98489386],[-68.86153791,-32.98733942],[-68.862071,-32.98845171],[-68.86207334,-32.98845668],[-68.86216275,-32.98860801],[-68.86231661,-32.98901504],[-68.862536,-32.98964405],[-68.86252921,-32.98964563],[-68.86253386,-32.9896564],[-68.86313769,-32.99140139],[-68.86633479,-33.00100769],[-68.86633946,-33.0010067],[-68.86633972,-33.00100751],[-68.86645989,-33.00165869],[-68.86695551,-33.00155186],[-68.86690476,-33.00126455],[-68.86689186,-33.00119497],[-68.86678668,-33.00085983],[-68.86548158,-32.99661508],[-68.86515986,-32.99557025],[-68.86474166,-32.9942942],[-68.86385503,-32.99159184],[-68.86326049,-32.98969446],[-68.86313956,-32.98927156],[-68.86298461,-32.98879425],[-68.86262352,-32.98806099],[-68.86242025,-32.98762464],[-68.86149611,-32.98574488],[-68.86091538,-32.98470671],[-68.86046468,-32.98486255]]]]},"geometry_name":"the_geom","properties":{"fid":54,"id":49,"distrito_":"MAYOR DRUMMOND","zona_":"COMERCIAL MIXTA 1","codigo":"ZCM1","lote_min":"200","lado_min":"10","fos":"90","retiro_fro":"0","retiro_lat":"0","retiro_pos":"0","alt_max":"0","ordenanza":"14106-2021","sup_m2":111490}},{"type":"Feature","id":"Zonas.55","geometry":{"type":"MultiPolygon","coordinates":[[[[-68.85437811,-32.97105188],[-68.85485872,-32.97265188],[-68.85565979,-32.97375183],[-68.85719692,-32.97594684],[-68.85734926,-32.97626192],[-68.85772173,-32.97697806],[-68.85850484,-32.97873642],[-68.85896402,-32.98010533],[-68.85943631,-32.98155569],[-68.85944396,-32.98157217],[-68.85945648,-32.98159913],[-68.86026374,-32.98333743],[-68.8607604,-32.9844069],[-68.86076926,-32.98442598],[-68.86085694,-32.98459704],[-68.86091349,-32.98470736],[-68.86240345,-32.98761409],[-68.86262352,-32.98806099],[-68.86298461,-32.98879425],[-68.86313956,-32.98927156],[-68.86326049,-32.98969446],[-68.86344015,-32.99032276],[-68.86383312,-32.99152191],[-68.86474166,-32.9942942],[-68.86515986,-32.99557025],[-68.86548158,-32.99661508],[-68.86689186,-33.00119497],[-68.8668987,-33.00121717],[-68.86690476,-33.00126455],[-68.86692301,-33.00140721],[-68.86692483,-33.00142144],[-68.8669416,-33.00155255],[-68.86694189,-33.0015548],[-68.86721577,-33.00369572],[-68.8673323,-33.00448166],[-68.86749269,-33.00534256],[-68.86757383,-33.00565681],[-68.86793411,-33.00710858],[-68.86824278,-33.00812291],[-68.86866808,-33.00968531],[-68.86887067,-33.01039648],[-68.86916746,-33.01143686],[-68.86917474,-33.01146238],[-68.86941158,-33.0121497],[-68.86992167,-33.01301191],[-68.86998779,-33.01312366],[-68.87027401,-33.01361846],[-68.87070976,-33.01469698],[-68.87210237,-33.0181436],[-68.87406457,-33.02427203],[-68.87601036,-33.02888263],[-68.87679271,-33.02820124],[-68.87686821,-33.02813548],[-68.87704502,-33.02794912],[-68.87732088,-33.02765836],[-68.87809565,-33.02696541],[-68.87817835,-33.02689144],[-68.87827813,-33.02676245],[-68.87843778,-33.02655607],[-68.87862093,-33.02631931],[-68.87866794,-33.0261555],[-68.87894533,-33.02518881],[-68.87865821,-33.02391458],[-68.87814996,-33.02282621],[-68.87769277,-33.02168064],[-68.87703228,-33.02011975],[-68.87668305,-33.01923221],[-68.8775341,-33.01903126],[-68.87789913,-33.01989158],[-68.87833971,-33.02075086],[-68.87894926,-33.02231168],[-68.87929798,-33.02304856],[-68.87930518,-33.02304649],[-68.88043973,-33.02272061],[-68.8813687,-33.02243786],[-68.88229589,-33.02214827],[-68.8832288,-33.02187661],[-68.88257743,-33.02124376],[-68.88256144,-33.02125067],[-68.88107461,-33.02012656],[-68.88079047,-33.01990333],[-68.88050207,-33.01956254],[-68.88029814,-33.01934176],[-68.87994306,-33.01895734],[-68.8798404,-33.0188462],[-68.87890724,-33.01787194],[-68.87782141,-33.01674007],[-68.8773205,-33.0162113],[-68.87714279,-33.0160237],[-68.87686173,-33.01577387],[-68.87649796,-33.0154505],[-68.87606112,-33.01513429],[-68.87580093,-33.01493546],[-68.87518684,-33.01441149],[-68.87471895,-33.01401262],[-68.87462496,-33.0139438],[-68.87371886,-33.01339783],[-68.87353241,-33.01328321],[-68.8729285,-33.01290876],[-68.87252452,-33.01267286],[-68.87213787,-33.0123654],[-68.87167771,-33.01203888],[-68.87106643,-33.01148657],[-68.87078473,-33.01112961],[-68.87066485,-33.01092995],[-68.87026677,-33.01004328],[-68.86988136,-33.00895948],[-68.86962757,-33.00809954],[-68.86902904,-33.00604362],[-68.86864968,-33.00478592],[-68.86820495,-33.00383466],[-68.86795856,-33.0020385],[-68.86794036,-33.00181988],[-68.86780152,-33.00088185],[-68.86770591,-33.00034554],[-68.86770424,-33.00033618],[-68.86770383,-33.00033389],[-68.86766094,-33.00033775],[-68.86714327,-32.99900605],[-68.86682054,-32.99817578],[-68.86616799,-32.99649701],[-68.86562838,-32.99510873],[-68.86561512,-32.99510617],[-68.86513567,-32.99390088],[-68.86501113,-32.99279979],[-68.86483356,-32.9914116],[-68.86467483,-32.9890213],[-68.86466682,-32.98894099],[-68.86453064,-32.9882002],[-68.86421497,-32.98750954],[-68.86391231,-32.98690666],[-68.86380274,-32.98659738],[-68.86350385,-32.98549889],[-68.86350156,-32.98549132],[-68.86350302,-32.98549128],[-68.86413831,-32.9854758],[-68.86415078,-32.98322065],[-68.86408946,-32.98197533],[-68.86409663,-32.98193846],[-68.86418477,-32.9814849],[-68.86418635,-32.98147674],[-68.86428854,-32.9809509],[-68.8630918,-32.98092676],[-68.86307958,-32.98092652],[-68.86299544,-32.98077773],[-68.86297947,-32.98074649],[-68.86283453,-32.98022046],[-68.86282988,-32.98019771],[-68.86282951,-32.98019591],[-68.86281204,-32.98011035],[-68.8627743,-32.97992561],[-68.86277002,-32.97990708],[-68.86272922,-32.97973025],[-68.86270009,-32.97960398],[-68.86268764,-32.9795436],[-68.86266001,-32.9794095],[-68.86266671,-32.97940842],[-68.86229928,-32.97773569],[-68.86228274,-32.9776589],[-68.86226084,-32.9775572],[-68.86225955,-32.97755117],[-68.86225335,-32.97752238],[-68.86222091,-32.97737174],[-68.86218201,-32.97719106],[-68.8621336,-32.97696622],[-68.86187984,-32.9769708],[-68.86176858,-32.97641933],[-68.86169719,-32.97600916],[-68.86159756,-32.97560231],[-68.86152934,-32.97529047],[-68.86146105,-32.97497828],[-68.86131017,-32.97468443],[-68.86116925,-32.97443496],[-68.86102172,-32.97417379],[-68.86091361,-32.97402907],[-68.86065539,-32.97388168],[-68.86047826,-32.9736196],[-68.86035115,-32.97316684],[-68.8601263,-32.9727543],[-68.86006427,-32.97238587],[-68.8599429,-32.97226347],[-68.85957004,-32.97217096],[-68.85947118,-32.97188775],[-68.85886581,-32.97191067],[-68.85851754,-32.97105417],[-68.85795778,-32.96942117],[-68.85696817,-32.967342],[-68.85679098,-32.96671951],[-68.85667413,-32.96637478],[-68.85650194,-32.96586682],[-68.85645795,-32.96573704],[-68.85611592,-32.96494757],[-68.85585361,-32.9643421],[-68.85502178,-32.96248029],[-68.85331763,-32.95876463],[-68.85250716,-32.95887426],[-68.8526086,-32.95924706],[-68.85267784,-32.95949542],[-68.85380426,-32.96419181],[-68.85406817,-32.96528238],[-68.85415673,-32.96580887],[-68.85421407,-32.96633657],[-68.85419088,-32.96765541],[-68.85417584,-32.96869325],[-68.85437811,-32.97105188]]]]},"geometry_name":"the_geom","properties":{"fid":55,"id":50,"distrito_":"MAYOR DRUMMOND","zona_":"RESIDENCIAL MIXTA 1","codigo":"ZRM1","lote_min":"200","lado_min":"10","fos":"75","retiro_fro":"0","retiro_lat":"0","retiro_pos":"0","alt_max":"0","ordenanza":"14106-2021","sup_m2":2161410}},{"type":"Feature","id":"Zonas.56","geometry":{"type":"MultiPolygon","coordinates":[[[[-68.8756178,-32.98030309],[-68.87562861,-32.980477],[-68.87562652,-32.98047696],[-68.87519113,-32.9804689],[-68.87450477,-32.98046822],[-68.8740306,-32.98046774],[-68.87164049,-32.98044584],[-68.871101,-32.98044089],[-68.86791637,-32.98033387],[-68.86761405,-32.98032452],[-68.86556469,-32.98025447],[-68.86516393,-32.98024872],[-68.86451419,-32.98022861],[-68.86282951,-32.98019591],[-68.86282988,-32.98019771],[-68.86282825,-32.98019768],[-68.86283453,-32.98022046],[-68.86297947,-32.98074649],[-68.86299544,-32.98077773],[-68.86307958,-32.98092652],[-68.8630918,-32.98092676],[-68.86428854,-32.9809509],[-68.86418635,-32.98147674],[-68.86418477,-32.9814849],[-68.86447858,-32.98149061],[-68.86597536,-32.98148482],[-68.86710424,-32.98148992],[-68.87006288,-32.98152048],[-68.87104809,-32.98153966],[-68.87357613,-32.98157663],[-68.8764207,-32.98158356],[-68.87662663,-32.98185753],[-68.87642164,-32.98157411],[-68.87702209,-32.98155725],[-68.87724084,-32.98154453],[-68.87743858,-32.98154556],[-68.87834454,-32.98155026],[-68.87834462,-32.98155026],[-68.88131973,-32.98156565],[-68.88567245,-32.98160691],[-68.8854151,-32.98130389],[-68.88494124,-32.9806453],[-68.88493545,-32.9806452],[-68.88282568,-32.98061256],[-68.87884184,-32.98054446],[-68.8771162,-32.98051492],[-68.87711022,-32.98043444],[-68.87695048,-32.9782879],[-68.87689905,-32.97759491],[-68.87677506,-32.97575612],[-68.87674775,-32.97504039],[-68.87672823,-32.97380577],[-68.87677905,-32.97313079],[-68.87679113,-32.97236342],[-68.87679147,-32.9721214],[-68.87635041,-32.9716138],[-68.87587523,-32.97139384],[-68.87566593,-32.97143452],[-68.87536305,-32.97149313],[-68.87530576,-32.97198214],[-68.8752781,-32.97254455],[-68.87523393,-32.97375605],[-68.87521836,-32.97375926],[-68.87521835,-32.9737594],[-68.87433297,-32.9739756],[-68.87433378,-32.97397874],[-68.87433123,-32.97397936],[-68.87453758,-32.97480842],[-68.87479255,-32.97481241],[-68.87522074,-32.9748191],[-68.87522088,-32.9748211],[-68.8752361,-32.97503224],[-68.8752888,-32.9759634],[-68.87532347,-32.97647039],[-68.87543268,-32.97744745],[-68.87545217,-32.97775288],[-68.87549502,-32.9782925],[-68.87553991,-32.97904944],[-68.8756178,-32.98030309]]]]},"geometry_name":"the_geom","properties":{"fid":56,"id":54,"distrito_":"CHACRAS DE CORIA","zona_":"RESIDENCIAL MIXTA 5","codigo":"ZRM5","lote_min":"750","lado_min":"13,5","fos":"35","retiro_fro":"3","retiro_lat":"1,5","retiro_pos":"1,5","alt_max":"8","ordenanza":"14106-2021","sup_m2":390794}},{"type":"Feature","id":"Zonas.57","geometry":{"type":"MultiPolygon","coordinates":[[[[-68.87724084,-32.98154453],[-68.87702209,-32.98155725],[-68.87642071,-32.98157283],[-68.87642164,-32.98157411],[-68.87662663,-32.98185753],[-68.87710789,-32.98237186],[-68.87748321,-32.98279476],[-68.87845295,-32.98385577],[-68.8787077,-32.98417863],[-68.87941336,-32.9850537],[-68.87942428,-32.98506688],[-68.8796964,-32.98542936],[-68.87994498,-32.98574669],[-68.88018732,-32.98612844],[-68.88029634,-32.98609263],[-68.88054163,-32.98601177],[-68.88066646,-32.98597313],[-68.88124524,-32.98579399],[-68.88175717,-32.98563554],[-68.88161813,-32.98548207],[-68.88120895,-32.98500744],[-68.88045671,-32.98411536],[-68.87898771,-32.98233157],[-68.87834941,-32.98155607],[-68.87834462,-32.98155026],[-68.87834414,-32.98154966],[-68.87834404,-32.98154966],[-68.87744726,-32.98154531],[-68.87743858,-32.98154556],[-68.87724084,-32.98154453]]]]},"geometry_name":"the_geom","properties":{"fid":57,"id":55,"distrito_":"CHACRAS DE CORIA","zona_":"COMERCIAL MIXTA 5","codigo":"ZCM5","lote_min":"500","lado_min":"15","fos":"60","retiro_fro":"5","retiro_lat":"0","retiro_pos":"0","alt_max":"8","ordenanza":"14106-2021","sup_m2":83606.4}},{"type":"Feature","id":"Zonas.58","geometry":{"type":"MultiPolygon","coordinates":[[[[-68.88617369,-32.98717972],[-68.88617702,-32.98718442],[-68.88732703,-32.98683018],[-68.88774506,-32.98669385],[-68.88869949,-32.98640232],[-68.88870641,-32.98640017],[-68.88908759,-32.98628396],[-68.88980452,-32.98604952],[-68.88966349,-32.98585299],[-68.88902802,-32.98497974],[-68.88724514,-32.98550385],[-68.8866009,-32.98568419],[-68.88539409,-32.98602261],[-68.88537971,-32.98602664],[-68.88547771,-32.9861723],[-68.88564015,-32.98640962],[-68.88618267,-32.98717592],[-68.88617331,-32.98717917],[-68.88617369,-32.98717972]]]]},"geometry_name":"the_geom","properties":{"fid":58,"id":56,"distrito_":"CHACRAS DE CORIA","zona_":"RESIDENCIAL MIXTA 5","codigo":"ZRM5","lote_min":"750","lado_min":"13,5","fos":"35","retiro_fro":"3","retiro_lat":"1,5","retiro_pos":"1,5","alt_max":"8","ordenanza":"14106-2021","sup_m2":50802.6}},{"type":"Feature","id":"Zonas.59","geometry":{"type":"MultiPolygon","coordinates":[[[[-68.882836,-33.00478086],[-68.87953061,-33.00480628],[-68.87410861,-33.004789],[-68.87410761,-33.00478417],[-68.86864968,-33.00478592],[-68.86864445,-33.00478592],[-68.86882776,-33.00538939],[-68.86903472,-33.00603413],[-68.87057794,-33.00603742],[-68.87974546,-33.00603397],[-68.87975664,-33.00603409],[-68.88518751,-33.00609961],[-68.8859786,-33.00610986],[-68.88628619,-33.00479607],[-68.88629221,-33.00480027],[-68.88629408,-33.00479367],[-68.88628681,-33.00479342],[-68.88628217,-33.00479326],[-68.88588532,-33.00477956],[-68.88510457,-33.00476337],[-68.882836,-33.00478086]]]]},"geometry_name":"the_geom","properties":{"fid":59,"id":57,"distrito_":"CHACRAS DE CORIA","zona_":"RESIDENCIAL MIXTA 5","codigo":"ZRM5","lote_min":"750","lado_min":"13,5","fos":"35","retiro_fro":"3","retiro_lat":"1,5","retiro_pos":"1,5","alt_max":"8","ordenanza":"14106-2021","sup_m2":226043}},{"type":"Feature","id":"Zonas.60","geometry":{"type":"MultiPolygon","coordinates":[[[[-68.88640034,-33.00435394],[-68.88626982,-33.00479698],[-68.88592231,-33.00611941],[-68.88577685,-33.00675004],[-68.88575574,-33.00685036],[-68.88541833,-33.00845365],[-68.88540618,-33.00851318],[-68.88540059,-33.00854626],[-68.88539806,-33.00857034],[-68.8853515,-33.00884057],[-68.88530022,-33.00908386],[-68.88530024,-33.00930319],[-68.88529957,-33.00940818],[-68.88529708,-33.00979646],[-68.88529528,-33.00983947],[-68.88529578,-33.0098632],[-68.88534953,-33.01110252],[-68.88534791,-33.01116394],[-68.88534827,-33.01117274],[-68.8853441,-33.01130739],[-68.88528495,-33.01353832],[-68.88532986,-33.01428225],[-68.8852636,-33.01536467],[-68.88517512,-33.01577621],[-68.88453633,-33.01855985],[-68.88413299,-33.02024914],[-68.88404754,-33.02063077],[-68.88372426,-33.02077507],[-68.88320776,-33.02098207],[-68.88275739,-33.02116218],[-68.88255574,-33.02124282],[-68.88256043,-33.02124732],[-68.88315601,-33.02182596],[-68.88358781,-33.022213],[-68.88510821,-33.02160988],[-68.88530802,-33.0214744],[-68.8853727,-33.02140191],[-68.8854305,-33.02132211],[-68.88545993,-33.02126633],[-68.88547288,-33.0211857],[-68.88555818,-33.02080497],[-68.88572735,-33.02010778],[-68.88577644,-33.01996021],[-68.8860932,-33.01900797],[-68.88622734,-33.01860469],[-68.88623906,-33.01856948],[-68.88680906,-33.01571911],[-68.88683475,-33.01538565],[-68.88683581,-33.01537181],[-68.88685225,-33.01515851],[-68.88688442,-33.01214065],[-68.88688453,-33.0120492],[-68.8869015,-33.01018469],[-68.88690474,-33.00953133],[-68.88690513,-33.00952707],[-68.88683797,-33.00869095],[-68.88712183,-33.00759651],[-68.88712887,-33.00755571],[-68.88728069,-33.00685352],[-68.88736741,-33.00638765],[-68.88770064,-33.00514966],[-68.88793573,-33.00440956],[-68.88796135,-33.00432679],[-68.88799979,-33.00415863],[-68.8881224,-33.00372132],[-68.88815243,-33.00356927],[-68.88830831,-33.00332557],[-68.8883457,-33.00325662],[-68.88844375,-33.00307583],[-68.88846796,-33.00304311],[-68.88849111,-33.0030067],[-68.88851139,-33.0029691],[-68.8885287,-33.00293046],[-68.88854298,-33.00289095],[-68.88863746,-33.00268879],[-68.88869124,-33.00242009],[-68.88869416,-33.00240704],[-68.88875338,-33.00212707],[-68.88877089,-33.00198318],[-68.88880043,-33.00174047],[-68.88882385,-33.00154524],[-68.88888627,-33.00102484],[-68.88891397,-33.00032429],[-68.88891983,-33.00000065],[-68.88894278,-32.99959552],[-68.88894475,-32.99954576],[-68.88895017,-32.9994651],[-68.88895278,-32.99941896],[-68.88895283,-32.99941812],[-68.88902812,-32.99805046],[-68.88902889,-32.99802728],[-68.88903102,-32.99784063],[-68.88903575,-32.99742594],[-68.88903243,-32.997351],[-68.88903748,-32.99727472],[-68.88903833,-32.99720063],[-68.88903836,-32.99719523],[-68.88903865,-32.9969662],[-68.88905272,-32.99683727],[-68.88905421,-32.99682141],[-68.88905587,-32.99678013],[-68.88905431,-32.99673885],[-68.88904956,-32.99669774],[-68.88904362,-32.99666578],[-68.8889845,-32.99639376],[-68.88898252,-32.99638496],[-68.88897487,-32.99635598],[-68.88888997,-32.99606657],[-68.88884882,-32.99589427],[-68.88884344,-32.99587487],[-68.88844063,-32.9951795],[-68.88825307,-32.99476328],[-68.88822267,-32.99469583],[-68.88817281,-32.99460735],[-68.88815741,-32.99458424],[-68.88802392,-32.99438387],[-68.88789286,-32.99410273],[-68.88782846,-32.99397778],[-68.88944564,-32.9939244],[-68.88994351,-32.99390015],[-68.88996496,-32.99389885],[-68.89042812,-32.99386502],[-68.89237105,-32.99378608],[-68.8949405,-32.99367135],[-68.89548931,-32.99365728],[-68.89584689,-32.99363875],[-68.89614852,-32.99385269],[-68.89684837,-32.99430102],[-68.8968561,-32.99430663],[-68.89691586,-32.99434493],[-68.89757923,-32.99482437],[-68.89822208,-32.99528898],[-68.89825088,-32.99530877],[-68.89884778,-32.99569858],[-68.8990917,-32.99584063],[-68.89917516,-32.99588923],[-68.89917541,-32.99588938],[-68.9021888,-32.99651617],[-68.90244994,-32.99655125],[-68.90262044,-32.99658571],[-68.90260808,-32.99657249],[-68.90260429,-32.99657198],[-68.90181503,-32.99590092],[-68.90108576,-32.99526098],[-68.90105672,-32.99524936],[-68.90104157,-32.99524329],[-68.90094265,-32.99515919],[-68.90053271,-32.99503957],[-68.9002437,-32.99496182],[-68.89997927,-32.99488996],[-68.89982912,-32.99479329],[-68.89979538,-32.99478246],[-68.89900904,-32.99419472],[-68.89888755,-32.99410692],[-68.89841176,-32.99376305],[-68.89827398,-32.99367128],[-68.89771319,-32.99326999],[-68.8967781,-32.99267066],[-68.89661103,-32.99256359],[-68.89655553,-32.99253123],[-68.89649092,-32.99250073],[-68.89635946,-32.99244569],[-68.89631331,-32.99242914],[-68.89626038,-32.99242098],[-68.89617436,-32.99240773],[-68.89583539,-32.99238547],[-68.89488652,-32.99240981],[-68.89486966,-32.9924104],[-68.89229536,-32.99252534],[-68.890708,-32.99258984],[-68.8902493,-32.99261101],[-68.88986553,-32.99263903],[-68.88984634,-32.99264043],[-68.88897522,-32.99268286],[-68.88855841,-32.99270786],[-68.88840458,-32.99271065],[-68.88803545,-32.99272863],[-68.88757296,-32.99273839],[-68.88757183,-32.99272577],[-68.88756439,-32.9927259],[-68.88755187,-32.99254853],[-68.88753664,-32.99233284],[-68.88750714,-32.99200333],[-68.88747013,-32.9918225],[-68.88741045,-32.99129241],[-68.88710708,-32.99063741],[-68.88680143,-32.98997747],[-68.88676508,-32.98987584],[-68.88641028,-32.98936524],[-68.88636436,-32.98929914],[-68.88636003,-32.98929159],[-68.8863582,-32.98928849],[-68.88631081,-32.98921026],[-68.88607626,-32.9888231],[-68.88589661,-32.98853813],[-68.88588333,-32.98853909],[-68.88555779,-32.9885627],[-68.8851428,-32.9885928],[-68.88495504,-32.98854691],[-68.88481402,-32.98851511],[-68.88469594,-32.98835431],[-68.88425024,-32.98852719],[-68.88405774,-32.98863454],[-68.88432124,-32.98878635],[-68.88432357,-32.98880385],[-68.88451627,-32.98914568],[-68.88473933,-32.98952204],[-68.88493124,-32.98979565],[-68.88523472,-32.99023661],[-68.88523655,-32.99023972],[-68.88546689,-32.99065159],[-68.88562582,-32.99084578],[-68.88583207,-32.99132066],[-68.88595428,-32.99160202],[-68.88598898,-32.99192765],[-68.886001,-32.99197412],[-68.88603299,-32.99231665],[-68.88608225,-32.99286688],[-68.88607714,-32.9928675],[-68.88412023,-32.99310466],[-68.88214184,-32.99333146],[-68.88027618,-32.99351463],[-68.87680385,-32.99385546],[-68.87175141,-32.99442894],[-68.87168566,-32.9944424],[-68.87167444,-32.9944458],[-68.87097942,-32.99451655],[-68.86950777,-32.99468354],[-68.86882665,-32.99476082],[-68.86615278,-32.9950549],[-68.86566399,-32.99512244],[-68.86561139,-32.99511229],[-68.866151,-32.99650057],[-68.86610628,-32.99637631],[-68.8708719,-32.99579902],[-68.87203053,-32.99568103],[-68.87217871,-32.995651],[-68.87321493,-32.99553289],[-68.87492441,-32.99533405],[-68.87546824,-32.99527619],[-68.8756592,-32.99525313],[-68.87593681,-32.99522221],[-68.87683184,-32.99511955],[-68.87683328,-32.99511939],[-68.87738447,-32.99505819],[-68.87782227,-32.99500852],[-68.87808963,-32.99498851],[-68.87810577,-32.99498716],[-68.87886555,-32.99491628],[-68.8824585,-32.99458107],[-68.88247465,-32.99457941],[-68.88248557,-32.99457812],[-68.88273536,-32.99454701],[-68.8836981,-32.99443192],[-68.88410636,-32.99438166],[-68.88632161,-32.99411317],[-68.88658229,-32.9948521],[-68.88665118,-32.99498724],[-68.88669253,-32.99504121],[-68.88677832,-32.99514154],[-68.88692869,-32.99531742],[-68.88705291,-32.99555529],[-68.88705328,-32.995556],[-68.88708867,-32.99562354],[-68.88710944,-32.99565544],[-68.88717386,-32.99578612],[-68.88739637,-32.99621079],[-68.88742464,-32.99632916],[-68.8874318,-32.99635609],[-68.88751512,-32.99664014],[-68.8875271,-32.99669527],[-68.88755852,-32.99680374],[-68.88753083,-32.99823237],[-68.88742024,-33.00007482],[-68.88740443,-33.00094587],[-68.88739998,-33.00100847],[-68.88739876,-33.00103491],[-68.88738271,-33.0012182],[-68.88735644,-33.00178689],[-68.88727919,-33.00208612],[-68.88724271,-33.00216849],[-68.88719337,-33.0023328],[-68.88709869,-33.00256375],[-68.886841,-33.00299398],[-68.88675832,-33.00314643],[-68.88674787,-33.00316661],[-68.88673056,-33.00320525],[-68.88671628,-33.00324476],[-68.88671002,-33.00326579],[-68.88656919,-33.00376117],[-68.88640034,-33.00435394]]]]},"geometry_name":"the_geom","properties":{"fid":60,"id":58,"distrito_":"CHACRAS DE CORIA","zona_":"RESIDENCIAL MIXTA 5","codigo":"ZRM5","lote_min":"750","lado_min":"13,5","fos":"35","retiro_fro":"3","retiro_lat":"1,5","retiro_pos":"1,5","alt_max":"8","ordenanza":"14106-2021","sup_m2":1015790}},{"type":"Feature","id":"Zonas.87","geometry":{"type":"MultiPolygon","coordinates":[[[[-69.26002996,-33.00369721],[-69.25594381,-32.99584281],[-69.25246656,-32.99270928],[-69.25238417,-32.99257509],[-69.25229941,-32.99244001],[-69.25229704,-32.9924363],[-69.25221048,-32.9923045],[-69.25220622,-32.99229821],[-69.2521254,-32.99218258],[-69.25211959,-32.99217458],[-69.25202972,-32.99205564],[-69.25202206,-32.99204596],[-69.25193257,-32.99193806],[-69.25192332,-32.99192746],[-69.2518322,-32.99182824],[-69.2518218,-32.99181755],[-69.2517292,-32.99172719],[-69.25172011,-32.99171869],[-69.25160623,-32.99161662],[-69.25160009,-32.99161127],[-69.25148287,-32.99151184],[-69.25147657,-32.99150664],[-69.25135601,-32.99140984],[-69.2513505,-32.99140552],[-69.25122567,-32.99131064],[-69.2512191,-32.99130578],[-69.25109186,-32.99121426],[-69.25108517,-32.99120958],[-69.2509546,-32.99112068],[-69.25094781,-32.99111619],[-69.2508139,-32.99102994],[-69.25080704,-32.99102564],[-69.25066979,-32.99094202],[-69.25066286,-32.99093792],[-69.25052228,-32.99085693],[-69.25051569,-32.99085324],[-69.25037138,-32.99077468],[-69.25036439,-32.99077098],[-69.25021712,-32.99069527],[-69.25021012,-32.99069177],[-69.25015815,-32.99066655],[-69.25013373,-32.9906547],[-69.25012251,-32.99064926],[-69.25005952,-32.9906187],[-69.25005252,-32.9906154],[-69.24999978,-32.99059126],[-69.2499752,-32.99060083],[-69.24949041,-32.99078959],[-69.24944859,-32.99081701],[-69.24940203,-32.99083836],[-69.24935193,-32.99085297],[-69.24929966,-32.99086043],[-69.24924675,-32.99086054],[-69.24919216,-32.99085685],[-69.24923865,-32.99087458],[-69.24918273,-32.99087062],[-69.24924642,-32.99089491],[-69.24940011,-32.99095727],[-69.24955043,-32.99102207],[-69.24969737,-32.99108931],[-69.24984097,-32.99115899],[-69.24998123,-32.9912311],[-69.25011817,-32.99130565],[-69.25025181,-32.99138263],[-69.25038217,-32.99146205],[-69.25050925,-32.9915439],[-69.25063309,-32.99162821],[-69.25075369,-32.99171496],[-69.25087108,-32.99180418],[-69.25098526,-32.99189586],[-69.25109627,-32.99199002],[-69.25120247,-32.99208521],[-69.251285,-32.99216574],[-69.25136555,-32.99225346],[-69.25144661,-32.9923512],[-69.25152978,-32.99246128],[-69.25160559,-32.99256975],[-69.25168803,-32.99269527],[-69.25177002,-32.99282593],[-69.25199279,-32.99318873],[-69.25206359,-32.99329987],[-69.25212823,-32.99339747],[-69.2521318,-32.99340272],[-69.25220639,-32.99350962],[-69.25221122,-32.9935163],[-69.25228401,-32.99361404],[-69.25228977,-32.9936215],[-69.25236218,-32.99371196],[-69.25236891,-32.99372005],[-69.25244167,-32.99380417],[-69.25244858,-32.99381186],[-69.25253637,-32.99390575],[-69.25254319,-32.9939128],[-69.25263854,-32.99400801],[-69.25264494,-32.99401421],[-69.2527492,-32.99411211],[-69.25275503,-32.99411744],[-69.25287027,-32.99422],[-69.25287487,-32.99422401],[-69.25297873,-32.99431268],[-69.25309765,-32.99441123],[-69.25360972,-32.99482552],[-69.25372976,-32.99492655],[-69.25383528,-32.99501893],[-69.2539304,-32.99510619],[-69.25401667,-32.99518969],[-69.25409545,-32.99527063],[-69.25416876,-32.99535111],[-69.25429502,-32.99549614],[-69.25440262,-32.99562304],[-69.25449854,-32.99574002],[-69.25458496,-32.99584971],[-69.25466457,-32.99595557],[-69.25473702,-32.99605713],[-69.25480298,-32.99615527],[-69.25486347,-32.99625146],[-69.25494454,-32.99638758],[-69.2550182,-32.99651644],[-69.25508518,-32.9966393],[-69.25514607,-32.99675717],[-69.25520149,-32.99687124],[-69.25525149,-32.99698154],[-69.25529629,-32.99708843],[-69.255336,-32.99719215],[-69.25537104,-32.99729366],[-69.25540115,-32.99739227],[-69.25542645,-32.99748813],[-69.25544702,-32.99758131],[-69.25546296,-32.99767193],[-69.25547433,-32.99776003],[-69.25548123,-32.9978457],[-69.25548368,-32.99792766],[-69.25548253,-32.99796122],[-69.25547868,-32.99799792],[-69.25547163,-32.99803998],[-69.25546115,-32.99808712],[-69.25543251,-32.99818911],[-69.2553463,-32.99845876],[-69.25534316,-32.99846942],[-69.25532333,-32.99854327],[-69.25532049,-32.99855507],[-69.25530608,-32.99862264],[-69.2553036,-32.99863699],[-69.25529383,-32.99870713],[-69.25529185,-32.99872893],[-69.25528911,-32.99879317],[-69.2552889,-32.99880357],[-69.25528947,-32.99881908],[-69.2552937,-32.99887861],[-69.25529769,-32.99890785],[-69.255309,-32.99896351],[-69.25531611,-32.99899026],[-69.25533034,-32.99903344],[-69.25533627,-32.99904949],[-69.25533841,-32.99905453],[-69.25535716,-32.99909743],[-69.25536674,-32.99911695],[-69.25539005,-32.99915965],[-69.2554002,-32.99917665],[-69.25542858,-32.99921998],[-69.25543974,-32.99923572],[-69.25547233,-32.99927836],[-69.25548359,-32.99929214],[-69.25552102,-32.99933504],[-69.2555268,-32.99934146],[-69.25553202,-32.99934694],[-69.25557447,-32.9993903],[-69.25558493,-32.99940045],[-69.25563271,-32.9994446],[-69.25564502,-32.99945536],[-69.2557328,-32.99952795],[-69.25574082,-32.99953435],[-69.25574553,-32.99953792],[-69.2558517,-32.99961668],[-69.25586037,-32.99962289],[-69.25596873,-32.99969769],[-69.25622551,-32.99986936],[-69.25634012,-32.9999503],[-69.25643611,-33.00002488],[-69.25647284,-33.00005629],[-69.2565066,-33.00008739],[-69.25661169,-33.0001923],[-69.25671466,-33.00030343],[-69.25681571,-33.00042106],[-69.2569151,-33.00054561],[-69.257013,-33.00067733],[-69.25710989,-33.000817],[-69.25720621,-33.00096531],[-69.25730273,-33.00112357],[-69.25738218,-33.00126109],[-69.25746301,-33.00140755],[-69.25754589,-33.00156423],[-69.25763219,-33.00173375],[-69.25779123,-33.00205983],[-69.25818166,-33.00288411],[-69.25829621,-33.00311636],[-69.25840166,-33.00332142],[-69.25840429,-33.00332639],[-69.2585236,-33.00354615],[-69.25852712,-33.00355242],[-69.25864407,-33.00375401],[-69.25864832,-33.00376108],[-69.25876614,-33.00394989],[-69.2587701,-33.00395595],[-69.25888776,-33.00413039],[-69.2588924,-33.00413705],[-69.25896313,-33.00423526],[-69.25896697,-33.00424046],[-69.25903851,-33.00433492],[-69.25904269,-33.00434029],[-69.25911519,-33.00443118],[-69.25911971,-33.0044367],[-69.25919328,-33.00452417],[-69.25919817,-33.00452982],[-69.25927294,-33.00461401],[-69.25927766,-33.00461919],[-69.25935423,-33.00470075],[-69.25935986,-33.00470658],[-69.25943725,-33.00478446],[-69.25944327,-33.00479034],[-69.25952208,-33.00486518],[-69.25952848,-33.00487108],[-69.2596089,-33.00494305],[-69.25961568,-33.00494893],[-69.25969767,-33.00501798],[-69.25970482,-33.00502382],[-69.2597899,-33.00509115],[-69.25979593,-33.00509575],[-69.25988123,-33.0051591],[-69.25988907,-33.00516475],[-69.2599761,-33.00522532],[-69.25998427,-33.00523082],[-69.26007308,-33.00528864],[-69.26008154,-33.00529396],[-69.26017218,-33.00534905],[-69.2601809,-33.00535417],[-69.2602755,-33.00540773],[-69.26028685,-33.00541378],[-69.26040619,-33.00547436],[-69.26041779,-33.00547997],[-69.26063739,-33.00558119],[-69.26071423,-33.0056181],[-69.26078465,-33.00565499],[-69.26084308,-33.00568943],[-69.26086153,-33.0057014],[-69.26088349,-33.00572957],[-69.2609195,-33.00576237],[-69.26096142,-33.00578972],[-69.26100812,-33.00581089],[-69.26102694,-33.00581629],[-69.26105831,-33.00582529],[-69.26108963,-33.00582962],[-69.26113106,-33.00586163],[-69.26118964,-33.00590948],[-69.26124675,-33.00595878],[-69.26130217,-33.00600936],[-69.26135572,-33.00606103],[-69.26140717,-33.00611356],[-69.26145639,-33.00616682],[-69.26150325,-33.00622063],[-69.26154761,-33.00627482],[-69.26158933,-33.0063292],[-69.26162832,-33.0063836],[-69.26166449,-33.00643786],[-69.2616967,-33.00649008],[-69.26172131,-33.00653515],[-69.26174376,-33.00658358],[-69.26176521,-33.00663825],[-69.26178607,-33.00670105],[-69.26180315,-33.00676078],[-69.26182068,-33.00683044],[-69.26188109,-33.00710481],[-69.26190822,-33.00721669],[-69.26191104,-33.00722725],[-69.26194342,-33.00733789],[-69.2619484,-33.00735302],[-69.26198393,-33.00744987],[-69.26198821,-33.00746068],[-69.26202716,-33.00755048],[-69.26203097,-33.00755883],[-69.26207316,-33.0076469],[-69.26207713,-33.00765483],[-69.26212359,-33.00774357],[-69.26212766,-33.00775104],[-69.26217851,-33.00784068],[-69.26218262,-33.00784767],[-69.26223794,-33.00793838],[-69.26224178,-33.00794448],[-69.2623021,-33.00803711],[-69.26230612,-33.00804309],[-69.2623712,-33.00813728],[-69.26237509,-33.00814275],[-69.26244563,-33.00823951],[-69.26245044,-33.00824591],[-69.26257989,-33.0084128],[-69.26258516,-33.00841938],[-69.26273634,-33.00860233],[-69.26274015,-33.00860685],[-69.26289344,-33.00878447],[-69.26328437,-33.00922861],[-69.2633912,-33.00935351],[-69.26348442,-33.00946586],[-69.26358375,-33.00959062],[-69.26367215,-33.00970767],[-69.26375154,-33.00981946],[-69.26382291,-33.00992725],[-69.2639129,-33.01007424],[-69.26400191,-33.01023134],[-69.26409094,-33.01040045],[-69.26418184,-33.01058528],[-69.26425871,-33.01075047],[-69.26434186,-33.01093691],[-69.26461678,-33.01157889],[-69.26472431,-33.0118238],[-69.26483591,-33.01206532],[-69.26483879,-33.01207133],[-69.26494426,-33.0122843],[-69.26494709,-33.01228983],[-69.26500874,-33.01240684],[-69.26507049,-33.01251869],[-69.26507317,-33.01252341],[-69.26513421,-33.01262853],[-69.26513717,-33.01263351],[-69.26519894,-33.01273457],[-69.2652022,-33.01273977],[-69.26526509,-33.01283738],[-69.26526857,-33.01284263],[-69.26533249,-33.01293665],[-69.26533639,-33.01294222],[-69.2654016,-33.01303303],[-69.26540581,-33.01303874],[-69.26547244,-33.01312653],[-69.26547625,-33.01313143],[-69.2655953,-33.01328099],[-69.26571923,-33.01343091],[-69.26584648,-33.01357916],[-69.2659699,-33.01371772],[-69.26593688,-33.01403654],[-69.26593567,-33.01406074],[-69.26594059,-33.01410718],[-69.2660133,-33.01443932],[-69.26608552,-33.01473971],[-69.26619305,-33.01518679],[-69.26620432,-33.01522155],[-69.26621839,-33.01525033],[-69.26647955,-33.01570774],[-69.2664869,-33.01571983],[-69.26651602,-33.01575717],[-69.26655203,-33.01578996],[-69.26659396,-33.01581731],[-69.26660014,-33.01582061],[-69.26782314,-33.01645717],[-69.26799488,-33.01661246],[-69.26848369,-33.01721312],[-69.26849563,-33.01722685],[-69.26853165,-33.01725964],[-69.2685425,-33.01726764],[-69.2689582,-33.0175606],[-69.26898929,-33.01757995],[-69.26903187,-33.01759957],[-69.26946418,-33.01776432],[-69.26951644,-33.01777949],[-69.26953304,-33.0177826],[-69.27019145,-33.01789069],[-69.27068964,-33.01811151],[-69.27097843,-33.01833986],[-69.27111869,-33.01872349],[-69.27112213,-33.01873235],[-69.27114356,-33.01877322],[-69.27117101,-33.01880874],[-69.27127335,-33.01892087],[-69.2713102,-33.01895456],[-69.27135213,-33.01898191],[-69.27139883,-33.01900308],[-69.27144903,-33.01901747],[-69.27149208,-33.01902397],[-69.27188882,-33.01906059],[-69.2718981,-33.01906133],[-69.27190583,-33.01906131],[-69.27195113,-33.01906122],[-69.27200348,-33.01905373],[-69.27229469,-33.01899083],[-69.27234468,-33.01897624],[-69.27239125,-33.01895487],[-69.27243301,-33.01892734],[-69.27244448,-33.01891794],[-69.27257308,-33.01880717],[-69.27259742,-33.01878363],[-69.27262631,-33.01874616],[-69.27264565,-33.01870963],[-69.27278809,-33.01837614],[-69.27292034,-33.01825074],[-69.27292762,-33.0182471],[-69.2730429,-33.0181894],[-69.27319522,-33.01822807],[-69.27327061,-33.01824722],[-69.2745758,-33.01896052],[-69.27471357,-33.01923418],[-69.27467425,-33.01924616],[-69.27468786,-33.01926991],[-69.27470728,-33.01929624],[-69.27495599,-33.0195939],[-69.27496569,-33.0196049],[-69.2750017,-33.01963769],[-69.27504364,-33.01966504],[-69.27509034,-33.0196862],[-69.27510008,-33.01968962],[-69.27519858,-33.01972256],[-69.27556524,-33.02010661],[-69.27579019,-33.02037583],[-69.27606238,-33.02088814],[-69.27607346,-33.020907],[-69.27610304,-33.02094482],[-69.2764944,-33.02136218],[-69.27702738,-33.02192785],[-69.27706202,-33.02195917],[-69.27710396,-33.02198652],[-69.27715066,-33.02200767],[-69.27718208,-33.02201759],[-69.27754653,-33.02211466],[-69.27794864,-33.02277059],[-69.2782851,-33.0233898],[-69.27852783,-33.02448357],[-69.27874332,-33.02578896],[-69.27874478,-33.02579693],[-69.27875794,-33.02584021],[-69.2787642,-33.02585417],[-69.2792274,-33.02680741],[-69.27924258,-33.02683431],[-69.27924799,-33.02684235],[-69.27984981,-33.02770192],[-69.28074492,-33.0290835],[-69.28075927,-33.02910354],[-69.28125519,-33.02973268],[-69.28150816,-33.03019035],[-69.2820656,-33.03146811],[-69.28208555,-33.03150501],[-69.28240438,-33.03199006],[-69.28243243,-33.03202575],[-69.28245009,-33.03204317],[-69.28321192,-33.03273368],[-69.28323029,-33.03274904],[-69.28326019,-33.03276946],[-69.28426402,-33.03337492],[-69.28427606,-33.03338185],[-69.28432277,-33.033403],[-69.28437299,-33.03341739],[-69.28442532,-33.03342463],[-69.28447064,-33.03342453],[-69.28447836,-33.03342451],[-69.28452368,-33.0334244],[-69.28457597,-33.03341693],[-69.28462609,-33.03340231],[-69.28467266,-33.03338094],[-69.28471443,-33.03335341],[-69.28475025,-33.03332046],[-69.28477913,-33.03328299],[-69.28480031,-33.03324203],[-69.28481319,-33.03319869],[-69.28481742,-33.03315416],[-69.2848129,-33.03310965],[-69.28479974,-33.03306637],[-69.28477831,-33.0330255],[-69.28474918,-33.03298817],[-69.28471315,-33.03295538],[-69.28468325,-33.03293496],[-69.2837057,-33.03234535],[-69.28299257,-33.03169899],[-69.28270524,-33.03126187],[-69.28215167,-33.02999302],[-69.28214137,-33.02997215],[-69.28187252,-33.02948575],[-69.28186341,-33.02947055],[-69.28184892,-33.0294503],[-69.28134731,-33.02881394],[-69.2804563,-33.02743869],[-69.28045102,-33.02743086],[-69.27985827,-33.02658426],[-69.27941916,-33.02568062],[-69.27920819,-33.0244027],[-69.27920626,-33.02439249],[-69.27895442,-33.02325762],[-69.27894221,-33.02321882],[-69.27893075,-33.02319474],[-69.2785747,-33.02253948],[-69.27856804,-33.02252794],[-69.27810119,-33.02176641],[-69.27809788,-33.02176116],[-69.27806876,-33.02172383],[-69.27803274,-33.02169104],[-69.2779908,-33.02166369],[-69.2779441,-33.02164253],[-69.27791269,-33.02163262],[-69.27751461,-33.0215266],[-69.27704316,-33.02102623],[-69.27667749,-33.02063628],[-69.27643065,-33.02017168],[-69.27640897,-33.02013088],[-69.27639789,-33.02011202],[-69.27637846,-33.02008568],[-69.27612975,-33.01978802],[-69.27611872,-33.01977561],[-69.27599129,-33.01964213],[-69.27569123,-33.01932782],[-69.27565787,-33.01929786],[-69.27561594,-33.01927051],[-69.27556924,-33.01924935],[-69.27556013,-33.01924616],[-69.2755595,-33.01924594],[-69.27538836,-33.01910402],[-69.27519252,-33.01879999],[-69.27504705,-33.01851103],[-69.27502581,-33.01846885],[-69.2750122,-33.01844511],[-69.27498308,-33.01840777],[-69.27494706,-33.01837498],[-69.27490513,-33.01834763],[-69.27486684,-33.01832968],[-69.27455153,-33.01820477],[-69.27420382,-33.01806703],[-69.2741144,-33.01800708],[-69.27384941,-33.01781277],[-69.27383341,-33.01780177],[-69.2738163,-33.0177915],[-69.27379843,-33.01778219],[-69.27377987,-33.01777389],[-69.27376071,-33.01776662],[-69.27374103,-33.01776043],[-69.2737209,-33.01775534],[-69.27371567,-33.01775421],[-69.27344579,-33.01769799],[-69.27343055,-33.01769515],[-69.27341331,-33.01769271],[-69.27322398,-33.01767034],[-69.27309298,-33.01763708],[-69.27307835,-33.01763369],[-69.27302602,-33.01762645],[-69.27297299,-33.01762656],[-69.27292071,-33.01763403],[-69.2728706,-33.01764865],[-69.27283636,-33.01766352],[-69.27254948,-33.01780708],[-69.27253715,-33.01781358],[-69.27249539,-33.01784111],[-69.27247343,-33.01785998],[-69.27226691,-33.01805581],[-69.27225306,-33.01806988],[-69.27222417,-33.01810735],[-69.27221014,-33.01813386],[-69.27220483,-33.01814388],[-69.2720651,-33.01847101],[-69.27204819,-33.01848557],[-69.27190066,-33.01851744],[-69.27186923,-33.01851454],[-69.27183251,-33.01851115],[-69.27177099,-33.01850548],[-69.27170882,-33.01849974],[-69.27156708,-33.01811207],[-69.27156364,-33.01810321],[-69.27154221,-33.01806234],[-69.2715171,-33.01803014],[-69.27151309,-33.01802501],[-69.27147995,-33.01799446],[-69.27109593,-33.01769083],[-69.27105256,-33.01766236],[-69.27102714,-33.0176498],[-69.2709351,-33.01760901],[-69.27044868,-33.0173934],[-69.2704274,-33.0173848],[-69.2703772,-33.0173704],[-69.27036059,-33.01736729],[-69.26991566,-33.01729424],[-69.26969265,-33.01725763],[-69.26933655,-33.01712191],[-69.26919209,-33.01702011],[-69.26898836,-33.01687653],[-69.26851094,-33.01628988],[-69.268499,-33.01627615],[-69.26848104,-33.01625844],[-69.26833331,-33.01612486],[-69.26826353,-33.01606176],[-69.26824547,-33.01604668],[-69.26820354,-33.01601933],[-69.26819737,-33.01601603],[-69.26806931,-33.01594938],[-69.26757325,-33.01569119],[-69.26701752,-33.01540194],[-69.26681444,-33.01504625],[-69.26677191,-33.01486944],[-69.26671487,-33.01463227],[-69.26666432,-33.01442211],[-69.2666608,-33.01440746],[-69.26668078,-33.01442459],[-69.26669099,-33.01443282],[-69.26673292,-33.01446018],[-69.26673656,-33.01446183],[-69.26677962,-33.01448134],[-69.26679092,-33.01448527],[-69.26683702,-33.01450046],[-69.26693466,-33.01455896],[-69.26694304,-33.01456382],[-69.26696092,-33.01457313],[-69.26697947,-33.01458144],[-69.26699863,-33.0145887],[-69.26701831,-33.0145949],[-69.26701999,-33.01459537],[-69.26811574,-33.01490048],[-69.26877354,-33.01515814],[-69.26906294,-33.01546709],[-69.26907412,-33.01547839],[-69.26908853,-33.01549128],[-69.2691039,-33.01550335],[-69.26912017,-33.01551454],[-69.26912299,-33.01551633],[-69.26949826,-33.01575219],[-69.26964326,-33.01589802],[-69.26964854,-33.0159032],[-69.26966294,-33.01591608],[-69.26967831,-33.01592815],[-69.26969459,-33.01593934],[-69.26971169,-33.01594962],[-69.26972957,-33.01595893],[-69.26973636,-33.01596212],[-69.27008135,-33.01611969],[-69.2704297,-33.01635855],[-69.27043757,-33.01636378],[-69.27045468,-33.01637406],[-69.27047255,-33.01638337],[-69.2704911,-33.01639167],[-69.27051026,-33.01639894],[-69.27052995,-33.01640513],[-69.27055007,-33.01641022],[-69.2705553,-33.01641135],[-69.2713677,-33.01658059],[-69.27148776,-33.0166056],[-69.27163481,-33.01663623],[-69.27165006,-33.01663908],[-69.2716708,-33.01664191],[-69.27169171,-33.0166436],[-69.27169268,-33.01664365],[-69.27221199,-33.01666986],[-69.27290044,-33.01677878],[-69.27290774,-33.01677986],[-69.27371721,-33.0168917],[-69.27372808,-33.01689304],[-69.273749,-33.01689474],[-69.27374955,-33.01689476],[-69.27533433,-33.01697649],[-69.2753403,-33.01697675],[-69.2773528,-33.01704886],[-69.27735437,-33.01704926],[-69.27737484,-33.01705323],[-69.27739558,-33.01705607],[-69.2774165,-33.01705776],[-69.2774375,-33.01705829],[-69.2776298,-33.01705787],[-69.2783596,-33.01716426],[-69.27891046,-33.01728253],[-69.27926475,-33.01724896],[-69.27985655,-33.01742211],[-69.28023913,-33.01756652],[-69.28025013,-33.01756818],[-69.28093176,-33.01766019],[-69.28159832,-33.01790241],[-69.28160341,-33.01790422],[-69.2816231,-33.01791041],[-69.28163997,-33.01791476],[-69.2822303,-33.01805219],[-69.28223355,-33.01805293],[-69.28225402,-33.0180569],[-69.28227476,-33.01805974],[-69.28229567,-33.01806143],[-69.28231668,-33.01806196],[-69.28233767,-33.01806133],[-69.2823575,-33.01805967],[-69.28290384,-33.0179994],[-69.28317672,-33.01800729],[-69.28362745,-33.01827999],[-69.28363707,-33.01828559],[-69.28365494,-33.0182949],[-69.2836735,-33.0183032],[-69.28369266,-33.01831046],[-69.28371234,-33.01831665],[-69.28373247,-33.01832174],[-69.28373933,-33.01832321],[-69.28440067,-33.01845781],[-69.28441428,-33.01846032],[-69.28441524,-33.01846047],[-69.28502776,-33.01856004],[-69.28551264,-33.01873651],[-69.28551509,-33.01873739],[-69.2863589,-33.01903752],[-69.28636171,-33.01903851],[-69.2863814,-33.0190447],[-69.28640152,-33.01904979],[-69.286422,-33.01905376],[-69.28644274,-33.0190566],[-69.28646191,-33.01905819],[-69.28678832,-33.01907696],[-69.2869224,-33.01909285],[-69.28693253,-33.01909391],[-69.28708215,-33.01910758],[-69.28709022,-33.01910823],[-69.28725741,-33.01911991],[-69.28726281,-33.01912024],[-69.28742625,-33.01912912],[-69.28779972,-33.01916177],[-69.28840114,-33.01923965],[-69.28868497,-33.0192864],[-69.28983395,-33.01970276],[-69.29085669,-33.02011717],[-69.29087297,-33.02012331],[-69.29165339,-33.02039567],[-69.29179697,-33.02046097],[-69.29209635,-33.02059833],[-69.29250448,-33.02091172],[-69.29258319,-33.02101318],[-69.29258743,-33.02101851],[-69.29263909,-33.02108177],[-69.29264467,-33.02108839],[-69.29269278,-33.02114367],[-69.29269885,-33.02115042],[-69.29278776,-33.02124615],[-69.29279318,-33.02125183],[-69.2928868,-33.02134719],[-69.29289222,-33.02135256],[-69.29299069,-33.02144771],[-69.29299604,-33.02145275],[-69.29309955,-33.02154786],[-69.2931048,-33.02155256],[-69.29321347,-33.02164775],[-69.29321858,-33.02165212],[-69.29333276,-33.02174769],[-69.2933377,-33.02175174],[-69.2934577,-33.02184795],[-69.29346235,-33.02185161],[-69.29359094,-33.02195059],[-69.29372334,-33.02204881],[-69.29386255,-33.02214862],[-69.29400955,-33.02225074],[-69.29416598,-33.02235636],[-69.29432804,-33.02246306],[-69.29450622,-33.02257792],[-69.29489922,-33.02282543],[-69.29497071,-33.02287045],[-69.29497798,-33.02287489],[-69.29511158,-33.02295422],[-69.29512229,-33.02296031],[-69.29527673,-33.02304398],[-69.29528484,-33.02304824],[-69.29544216,-33.02312798],[-69.29584386,-33.02332536],[-69.29595244,-33.02338131],[-69.29604617,-33.02343211],[-69.29614714,-33.02349059],[-69.29623575,-33.02354637],[-69.29631452,-33.0236008],[-69.29638517,-33.02365484],[-69.29643367,-33.0236959],[-69.29648147,-33.02374036],[-69.29652842,-33.02378817],[-69.29657464,-33.02383957],[-69.2966202,-33.02389477],[-69.29666529,-33.02395412],[-69.29667453,-33.02396729],[-69.29681917,-33.02408846],[-69.29698531,-33.02452279],[-69.29700589,-33.02456592],[-69.29716642,-33.02492022],[-69.29723457,-33.02506658],[-69.297237,-33.02507164],[-69.29731047,-33.02522051],[-69.29731423,-33.02522782],[-69.29738415,-33.02535849],[-69.29738805,-33.02536552],[-69.29743111,-33.02544021],[-69.29743467,-33.02544618],[-69.29747788,-33.02551665],[-69.29748157,-33.02552249],[-69.2975256,-33.02558979],[-69.29753023,-33.02559662],[-69.29757454,-33.02565992],[-69.29757975,-33.02566711],[-69.29762495,-33.02572732],[-69.29763079,-33.02573482],[-69.29767697,-33.02579204],[-69.29768346,-33.02579978],[-69.29773075,-33.02585417],[-69.29773743,-33.02586159],[-69.29778639,-33.02591376],[-69.29779523,-33.02592278],[-69.29787244,-33.02599812],[-69.2978826,-33.02600756],[-69.29796552,-33.02608117],[-69.29797574,-33.02608983],[-69.29806456,-33.02616187],[-69.29807257,-33.02616813],[-69.29816967,-33.0262404],[-69.29817957,-33.02624747],[-69.29828086,-33.0263169],[-69.29829041,-33.0263232],[-69.29839856,-33.02639178],[-69.29840765,-33.02639733],[-69.2985232,-33.0264654],[-69.29853172,-33.02647025],[-69.29865582,-33.02653849],[-69.29866257,-33.02654209],[-69.29876744,-33.02659652],[-69.2987732,-33.02659944],[-69.29888748,-33.02665598],[-69.29901205,-33.02671504],[-69.29914683,-33.02677649],[-69.29923486,-33.02681498],[-69.29939425,-33.02688466],[-69.2999795,-33.02713331],[-69.30012839,-33.02719871],[-69.30026043,-33.02725868],[-69.30039237,-33.02732114],[-69.30051072,-33.02737997],[-69.3005132,-33.02738121],[-69.30062511,-33.02743991],[-69.30072927,-33.02749781],[-69.30082369,-33.02755359],[-69.30091219,-33.02760929],[-69.30097561,-33.02765194],[-69.30099518,-33.0276651],[-69.30107302,-33.02772119],[-69.30114608,-33.02777778],[-69.30121454,-33.02783495],[-69.30127866,-33.02789283],[-69.3013385,-33.02795142],[-69.3013676,-33.02798249],[-69.30137291,-33.02798817],[-69.30141104,-33.02803226],[-69.30143219,-33.02805865],[-69.30156047,-33.02821871],[-69.30156513,-33.02822436],[-69.30159777,-33.02826294],[-69.30159853,-33.02826384],[-69.30159106,-33.02827891],[-69.30158865,-33.02828377],[-69.30158794,-33.02828522],[-69.30158499,-33.02829148],[-69.3015439,-33.0283821],[-69.30154045,-33.02839008],[-69.30150315,-33.02848076],[-69.3015022,-33.0284831],[-69.30149994,-33.02848899],[-69.30147921,-33.02854513],[-69.30146644,-33.02857974],[-69.30146349,-33.02858821],[-69.30143378,-33.02867902],[-69.30143295,-33.02868161],[-69.30143112,-33.02868771],[-69.30140522,-33.02877859],[-69.30140287,-33.02878748],[-69.30139462,-33.0288214],[-69.30138076,-33.02887842],[-69.30138022,-33.02888068],[-69.30137874,-33.02888749],[-69.30136043,-33.02897849],[-69.30135877,-33.0289877],[-69.30134426,-33.02907877],[-69.30134403,-33.02908023],[-69.30134296,-33.0290881],[-69.30133225,-33.02917923],[-69.30133134,-33.02918864],[-69.30132441,-33.02927984],[-69.30132439,-33.02928018],[-69.30132389,-33.0292893],[-69.30132198,-33.02934532],[-69.30132077,-33.02938057],[-69.30132064,-33.02938914],[-69.30132064,-33.02939004],[-69.30132132,-33.02948137],[-69.30132156,-33.02948992],[-69.30132158,-33.02949083],[-69.30132605,-33.02958222],[-69.30132653,-33.02958955],[-69.30132671,-33.02959162],[-69.30133498,-33.02968308],[-69.30133584,-33.02969105],[-69.30134495,-33.02976346],[-69.30134593,-33.02977036],[-69.3013569,-33.02984034],[-69.301357,-33.029841],[-69.30135817,-33.02984768],[-69.30137096,-33.02991497],[-69.30137259,-33.02992284],[-69.30138716,-33.02998726],[-69.30138784,-33.02999018],[-69.30139103,-33.0300021],[-69.30141436,-33.0300809],[-69.301416,-33.0300862],[-69.30142125,-33.03010086],[-69.30145294,-33.03018106],[-69.30145385,-33.03018333],[-69.30146077,-33.03019878],[-69.30150112,-33.0302812],[-69.30150166,-33.03028229],[-69.30150923,-33.03029641],[-69.30155898,-33.03038254],[-69.30156014,-33.03038452],[-69.3015661,-33.03039415],[-69.30161593,-33.03047078],[-69.30161993,-33.03047674],[-69.30162169,-33.03047926],[-69.30168111,-33.03056328],[-69.3016868,-33.03057103],[-69.30190755,-33.03086053],[-69.30198755,-33.03097109],[-69.30202423,-33.03102613],[-69.30205588,-33.0310775],[-69.30208278,-33.03112547],[-69.30210631,-33.03117239],[-69.30215146,-33.03127088],[-69.30219517,-33.03137169],[-69.30220191,-33.03138816],[-69.30223671,-33.0314732],[-69.30225331,-33.0315163],[-69.30227607,-33.03157539],[-69.30231325,-33.03167828],[-69.30234825,-33.03178188],[-69.30238108,-33.03188618],[-69.30241174,-33.03199119],[-69.30244022,-33.03209691],[-69.30246652,-33.03220336],[-69.30249065,-33.03231054],[-69.30251261,-33.03241844],[-69.30253238,-33.03252708],[-69.30254998,-33.03263646],[-69.30256539,-33.03274658],[-69.3025789,-33.03285973],[-69.30258016,-33.03286875],[-69.30258364,-33.03288621],[-69.30258847,-33.03290343],[-69.30259463,-33.03292036],[-69.30260209,-33.03293691],[-69.30261082,-33.03295301],[-69.30262078,-33.0329686],[-69.30263192,-33.0329836],[-69.30264421,-33.03299796],[-69.30265759,-33.03301161],[-69.302672,-33.03302449],[-69.30268738,-33.03303656],[-69.30270366,-33.03304775],[-69.30272078,-33.03305802],[-69.30273866,-33.03306732],[-69.30275722,-33.03307562],[-69.30277638,-33.03308288],[-69.30279607,-33.03308906],[-69.3028162,-33.03309415],[-69.30283668,-33.03309812],[-69.30285742,-33.03310096],[-69.30287834,-33.03310264],[-69.30289935,-33.03310317],[-69.30292035,-33.03310254],[-69.30294125,-33.03310075],[-69.30296198,-33.03309782],[-69.30298243,-33.03309375],[-69.30300252,-33.03308856],[-69.30302217,-33.03308228],[-69.30304128,-33.03307493],[-69.30305979,-33.03306654],[-69.3030776,-33.03305715],[-69.30309465,-33.0330468],[-69.30311085,-33.03303553],[-69.30312615,-33.03302339],[-69.30314047,-33.03301044],[-69.30315376,-33.03299672],[-69.30316595,-33.0329823],[-69.30317699,-33.03296724],[-69.30318684,-33.03295161],[-69.30319546,-33.03293547],[-69.30320281,-33.03291888],[-69.30320885,-33.03290193],[-69.30321356,-33.03288468],[-69.30321693,-33.03286721],[-69.30321893,-33.03284958],[-69.30321955,-33.03283189],[-69.3032188,-33.0328142],[-69.30321794,-33.03280561],[-69.30320416,-33.03269014],[-69.30320356,-33.03268553],[-69.30318749,-33.03257077],[-69.30318684,-33.03256637],[-69.3031868,-33.03256613],[-69.30316845,-33.03245209],[-69.30316765,-33.03244742],[-69.30314702,-33.0323341],[-69.30314611,-33.0323294],[-69.3031232,-33.0322168],[-69.30312219,-33.03221209],[-69.303097,-33.03210019],[-69.30309627,-33.03209706],[-69.30309589,-33.03209547],[-69.30307729,-33.03202022],[-69.30307569,-33.03201374],[-69.30306841,-33.03198429],[-69.30306719,-33.03197956],[-69.30303743,-33.0318691],[-69.30303611,-33.03186437],[-69.30300407,-33.03175462],[-69.30300263,-33.03174989],[-69.30299439,-33.0317237],[-69.30291381,-33.03143386],[-69.30283739,-33.0312173],[-69.30277957,-33.03111139],[-69.30278218,-33.03105734],[-69.30277602,-33.03104041],[-69.30272384,-33.03095807],[-69.3027647,-33.03101639],[-69.30265091,-33.03084301],[-69.30266389,-33.0308951],[-69.30263404,-33.03084186],[-69.30263127,-33.03083706],[-69.3026287,-33.0308328],[-69.30259185,-33.03077298],[-69.30258683,-33.03076515],[-69.30254475,-33.03070202],[-69.30254238,-33.03069853],[-69.30253896,-33.03069367],[-69.302454,-33.03057625],[-69.30244998,-33.03057084],[-69.30241965,-33.03053106],[-69.30231822,-33.03039805],[-69.3022301,-33.03028249],[-69.30217642,-33.03020658],[-69.30213309,-33.03013996],[-69.30212904,-33.03013294],[-69.30205646,-33.02998973],[-69.30200324,-33.02976265],[-69.30198085,-33.02968442],[-69.301975,-33.029638],[-69.30196752,-33.02955523],[-69.30196564,-33.02951687],[-69.30196351,-33.02947328],[-69.3019629,-33.02939142],[-69.3019657,-33.02930963],[-69.30196624,-33.02930258],[-69.30196696,-33.02929309],[-69.30197191,-33.02922787],[-69.30198152,-33.02914611],[-69.30199456,-33.02906431],[-69.30199963,-33.02903909],[-69.30201103,-33.02898245],[-69.30203096,-33.02890049],[-69.3020322,-33.02889613],[-69.30205436,-33.0288184],[-69.30208126,-33.02873617],[-69.30208598,-33.02872339],[-69.30210729,-33.02866565],[-69.30210961,-33.02865938],[-69.30213091,-33.02867039],[-69.3021415,-33.02867563],[-69.30234582,-33.0287724],[-69.30242096,-33.02880975],[-69.30249035,-33.02884801],[-69.30250953,-33.02886024],[-69.30254407,-33.02888227],[-69.3026049,-33.02892712],[-69.30263724,-33.02895405],[-69.3026647,-33.02897692],[-69.30272263,-33.02903119],[-69.30277894,-33.02909034],[-69.30283376,-33.02915469],[-69.3028874,-33.02922483],[-69.30289499,-33.02923585],[-69.30293186,-33.02928937],[-69.30294006,-33.02930129],[-69.3029923,-33.02938517],[-69.30303474,-33.02945959],[-69.30307756,-33.0295406],[-69.30312094,-33.02962874],[-69.30312463,-33.02963675],[-69.30316539,-33.02972515],[-69.30324772,-33.02991755],[-69.30333869,-33.03014312],[-69.30339647,-33.03028638],[-69.30345827,-33.03043545],[-69.3035239,-33.03058508],[-69.3035269,-33.03059164],[-69.30358868,-33.03072192],[-69.30359303,-33.03073065],[-69.30366703,-33.03087212],[-69.30367316,-33.03088315],[-69.3037487,-33.03101157],[-69.30375434,-33.03102071],[-69.30379322,-33.03108092],[-69.30379746,-33.03108728],[-69.30383711,-33.03114487],[-69.30384187,-33.03115156],[-69.30388245,-33.03120676],[-69.30388768,-33.03121366],[-69.30392927,-33.03126659],[-69.30393343,-33.03127175],[-69.30403502,-33.03139476],[-69.30408066,-33.03144832],[-69.30408958,-33.03145879],[-69.30414022,-33.03151821],[-69.30424768,-33.03164045],[-69.30435771,-33.03176181],[-69.30446939,-33.03188128],[-69.30458363,-33.03199987],[-69.30469861,-33.03211573],[-69.30470327,-33.03212032],[-69.30577452,-33.03315184],[-69.30673263,-33.03407438],[-69.30760632,-33.03491562],[-69.30855346,-33.03582755],[-69.30962958,-33.03686363],[-69.30948737,-33.03751224],[-69.30930537,-33.03834229],[-69.30930426,-33.03834768],[-69.30930003,-33.03839221],[-69.30930457,-33.03843672],[-69.30931774,-33.03848],[-69.30933919,-33.03852086],[-69.30935207,-33.03853903],[-69.31002078,-33.03940389],[-69.31043301,-33.03993702],[-69.31122999,-33.04096774],[-69.31124626,-33.04098689],[-69.3112823,-33.04101967],[-69.31132425,-33.04104701],[-69.31132971,-33.04104992],[-69.31269182,-33.04176222],[-69.31273309,-33.04178045],[-69.31278331,-33.04179483],[-69.31283565,-33.04180205],[-69.31286218,-33.04180291],[-69.3136666,-33.04180089],[-69.31371192,-33.04180077],[-69.31485625,-33.04179789],[-69.31490157,-33.04179777],[-69.31492808,-33.04179678],[-69.31498038,-33.0417893],[-69.31503049,-33.04177467],[-69.31507707,-33.04175329],[-69.31511883,-33.04172574],[-69.31515464,-33.04169278],[-69.31518352,-33.04165531],[-69.31520468,-33.04161434],[-69.31521754,-33.041571],[-69.31522177,-33.04152647],[-69.31521723,-33.04148195],[-69.31520405,-33.04143868],[-69.3151826,-33.04139782],[-69.31515345,-33.04136049],[-69.31511741,-33.04132772],[-69.31507546,-33.04130038],[-69.31502873,-33.04127924],[-69.31497851,-33.04126486],[-69.31492617,-33.04125764],[-69.31489964,-33.04125678],[-69.31485432,-33.04125689],[-69.31371,-33.04125978],[-69.31366469,-33.04125989],[-69.31295237,-33.04126168],[-69.31172923,-33.04062206],[-69.31097124,-33.03964178],[-69.31055901,-33.03910866],[-69.30996028,-33.03833432],[-69.31011899,-33.03761049],[-69.31028941,-33.03683316],[-69.31029053,-33.03682778],[-69.31029475,-33.03678324],[-69.31029022,-33.03673873],[-69.31027704,-33.03669546],[-69.31025559,-33.0366546],[-69.31022645,-33.03661727],[-69.31021531,-33.03660593],[-69.30903686,-33.03547133],[-69.30808973,-33.03455941],[-69.30721603,-33.03371818],[-69.30690413,-33.03341786],[-69.30625793,-33.03279564],[-69.30544809,-33.03201585],[-69.30525793,-33.03183274],[-69.30449675,-33.03100652],[-69.30446281,-33.03096541],[-69.30442595,-33.03091849],[-69.30439037,-33.03087009],[-69.30435525,-33.03081908],[-69.30432292,-33.03076901],[-69.30432146,-33.03076675],[-69.30425184,-33.0306484],[-69.30418302,-33.03051683],[-69.30412487,-33.03039421],[-69.30406268,-33.0302525],[-69.30400364,-33.03011005],[-69.30393545,-33.02994096],[-69.30385456,-33.02974039],[-69.30385292,-33.02973646],[-69.30376825,-33.02953859],[-69.30376549,-33.02953238],[-69.3037183,-33.02943003],[-69.3037156,-33.02942436],[-69.30366923,-33.02933017],[-69.30366596,-33.02932375],[-69.30361956,-33.02923597],[-69.30361567,-33.02922888],[-69.30359636,-33.02919502],[-69.30356876,-33.02914662],[-69.30356367,-33.02913808],[-69.30350442,-33.02904297],[-69.303499,-33.02903476],[-69.30343914,-33.02894787],[-69.30343135,-33.02893714],[-69.30341296,-33.0289131],[-69.3033693,-33.028856],[-69.30336024,-33.02884479],[-69.30329571,-33.02876904],[-69.3032865,-33.02875876],[-69.30321798,-33.02868678],[-69.30320626,-33.02867515],[-69.30313596,-33.02860929],[-69.30312293,-33.02859778],[-69.30304949,-33.02853662],[-69.30304054,-33.02852945],[-69.30303523,-33.02852545],[-69.3029585,-33.02846887],[-69.30294083,-33.02845675],[-69.30286925,-33.0284111],[-69.30285127,-33.02840042],[-69.30276594,-33.02835338],[-69.30275379,-33.02834703],[-69.30266934,-33.02830505],[-69.3026635,-33.02830221],[-69.30246159,-33.02820659],[-69.30237078,-33.02815964],[-69.30233399,-33.0281385],[-69.3023105,-33.02812375],[-69.3023013,-33.02811797],[-69.30227331,-33.02809859],[-69.30224875,-33.02807968],[-69.30222586,-33.02806012],[-69.30220326,-33.02803902],[-69.30214577,-33.0279785],[-69.30209047,-33.02791315],[-69.30194011,-33.02772554],[-69.30193351,-33.02771761],[-69.30188838,-33.02766544],[-69.30188133,-33.02765758],[-69.301845,-33.02761879],[-69.30183852,-33.02761186],[-69.3018298,-33.02760295],[-69.30176127,-33.02753585],[-69.30175262,-33.02752772],[-69.30167982,-33.027462],[-69.30167925,-33.02746151],[-69.30166541,-33.02744805],[-69.30134731,-33.02718163],[-69.30093872,-33.02695359],[-69.30087383,-33.02693306],[-69.30084944,-33.02692027],[-69.30084289,-33.02691692],[-69.30071584,-33.02685376],[-69.30070995,-33.02685091],[-69.30057016,-33.02678475],[-69.30042925,-33.02672075],[-69.30027256,-33.02665192],[-69.29968676,-33.02640303],[-69.2996091,-33.02636909],[-69.2994476,-33.02629849],[-69.29932239,-33.0262414],[-69.29920765,-33.02618701],[-69.29910146,-33.02613444],[-69.29900301,-33.02608334],[-69.29888704,-33.02601958],[-69.29878031,-33.0259567],[-69.29868149,-33.02589404],[-69.29858994,-33.02583129],[-69.29850499,-33.02576809],[-69.29842635,-33.02570432],[-69.29835362,-33.02563976],[-69.29828589,-33.02557368],[-69.29824537,-33.02553049],[-69.2982049,-33.02548394],[-69.29816487,-33.02543435],[-69.29812518,-33.02538149],[-69.29808578,-33.0253252],[-69.29804647,-33.02526511],[-69.29800706,-33.02520085],[-69.29796774,-33.02513265],[-69.29790165,-33.02500914],[-69.29783124,-33.02486647],[-69.29776535,-33.02472497],[-69.29760384,-33.02436858],[-69.29756107,-33.0242789],[-69.29751611,-33.02418464],[-69.29751336,-33.02417905],[-69.29746752,-33.02408888],[-69.29746496,-33.02408397],[-69.29742024,-33.02400058],[-69.29741719,-33.02399507],[-69.29737281,-33.02391704],[-69.29736925,-33.02391098],[-69.2973248,-33.02383758],[-69.29732061,-33.02383089],[-69.29727091,-33.02375438],[-69.29726567,-33.02374662],[-69.29721528,-33.02367477],[-69.29720928,-33.02366655],[-69.29715778,-33.02359878],[-69.29715097,-33.02359017],[-69.29709818,-33.02352621],[-69.29709051,-33.02351732],[-69.29703463,-33.02345519],[-69.29702764,-33.0234478],[-69.2969717,-33.02339084],[-69.29696226,-33.02338165],[-69.29692979,-33.02335146],[-69.29690457,-33.02332801],[-69.29689425,-33.02331884],[-69.29689169,-33.02331668],[-69.29683471,-33.02326842],[-69.29682339,-33.02325929],[-69.29674024,-33.02319569],[-69.29672802,-33.02318681],[-69.2966374,-33.0231242],[-69.29662599,-33.02311667],[-69.29652649,-33.02305403],[-69.29651618,-33.0230478],[-69.29640593,-33.02298395],[-69.29639832,-33.02297968],[-69.29629682,-33.02292467],[-69.29629066,-33.02292141],[-69.2961761,-33.02286238],[-69.29617031,-33.02285946],[-69.29576951,-33.02266254],[-69.29562008,-33.02258678],[-69.29547598,-33.02250872],[-69.29535163,-33.02243488],[-69.29530384,-33.02240478],[-69.29487055,-33.02208452],[-69.29433414,-33.021673],[-69.29379596,-33.02125404],[-69.29378961,-33.02124923],[-69.29326175,-33.02085971],[-69.29309129,-33.02067924],[-69.2929023,-33.02043564],[-69.29289515,-33.02042681],[-69.29283828,-33.02035947],[-69.29283065,-33.02035081],[-69.29277615,-33.02029145],[-69.2927665,-33.0202815],[-69.2927247,-33.02024042],[-69.29271281,-33.02022937],[-69.29266843,-33.02019034],[-69.29265589,-33.0201799],[-69.29260755,-33.02014182],[-69.29259582,-33.0201331],[-69.29254589,-33.02009783],[-69.2925356,-33.02009094],[-69.29253269,-33.02008899],[-69.29250992,-33.02007454],[-69.29247981,-33.02005544],[-69.29246665,-33.02004753],[-69.29240793,-33.02001407],[-69.29239763,-33.02000854],[-69.29233785,-33.01997784],[-69.29232556,-33.01997184],[-69.29226166,-33.0199422],[-69.29224787,-33.01993617],[-69.29214809,-33.01989506],[-69.2921346,-33.01988982],[-69.29202064,-33.01984849],[-69.29200998,-33.01984481],[-69.29188497,-33.01980388],[-69.29187872,-33.01980189],[-69.29174961,-33.01976221],[-69.28935069,-33.01877667],[-69.28835911,-33.01863583],[-69.28680103,-33.01844856],[-69.28541216,-33.01804618],[-69.28528902,-33.01802486],[-69.28524462,-33.01801113],[-69.2852351,-33.01800833],[-69.28515596,-33.0179862],[-69.2851446,-33.01798322],[-69.28508465,-33.01796851],[-69.28507288,-33.01796582],[-69.28500936,-33.01795242],[-69.28499867,-33.01795033],[-69.28493098,-33.0179381],[-69.28492149,-33.01793651],[-69.28484838,-33.01792524],[-69.28483794,-33.01792378],[-69.28469731,-33.0179061],[-69.28469037,-33.0179053],[-69.28444986,-33.01787958],[-69.28433542,-33.01786734],[-69.284244,-33.01785501],[-69.28416648,-33.01784219],[-69.28408424,-33.01782514],[-69.28401381,-33.01780663],[-69.28395223,-33.01778639],[-69.28389929,-33.0177649],[-69.28388851,-33.01775944],[-69.28386638,-33.01774823],[-69.28382345,-33.01772199],[-69.28377615,-33.01768939],[-69.28364183,-33.01759173],[-69.28362946,-33.01758317],[-69.28355726,-33.01753576],[-69.28354025,-33.01752532],[-69.28350278,-33.01750388],[-69.28349727,-33.0175008],[-69.28348664,-33.01749523],[-69.28345068,-33.01747719],[-69.28343135,-33.01746823],[-69.28339628,-33.01745329],[-69.28337953,-33.01744665],[-69.28337378,-33.0174446],[-69.28333926,-33.01743261],[-69.28330796,-33.01742329],[-69.28325315,-33.01740963],[-69.28324001,-33.0174066],[-69.28321653,-33.01740243],[-69.28315758,-33.01739387],[-69.28312646,-33.01739067],[-69.2830605,-33.017387],[-69.28303163,-33.01738649],[-69.28296206,-33.01738791],[-69.28294122,-33.01738891],[-69.28287506,-33.01739411],[-69.28285899,-33.01739571],[-69.28278584,-33.01740462],[-69.28277122,-33.01740669],[-69.28261292,-33.01743228],[-69.2824935,-33.01743255],[-69.28199764,-33.01737807],[-69.28161514,-33.0172766],[-69.27977548,-33.01678855],[-69.27926287,-33.01665255],[-69.2778465,-33.01648871],[-69.27762088,-33.0164714],[-69.27760788,-33.0164674],[-69.27755555,-33.01646017],[-69.27754599,-33.01645964],[-69.27737137,-33.01645225],[-69.27603377,-33.01634959],[-69.27382484,-33.01628289],[-69.27243644,-33.01599965],[-69.27228547,-33.01601402],[-69.27085804,-33.0157357],[-69.27026689,-33.01550368],[-69.26948656,-33.0149924],[-69.26923288,-33.01477403],[-69.26922587,-33.014768],[-69.26918734,-33.01473483],[-69.26913954,-33.01469369],[-69.26912694,-33.01468342],[-69.26908501,-33.01465607],[-69.26907187,-33.01464925],[-69.26886371,-33.01454694],[-69.26883014,-33.01453259],[-69.26878047,-33.01451831],[-69.26861183,-33.01448246],[-69.26840053,-33.01440693],[-69.26838405,-33.01440149],[-69.26730139,-33.01407255],[-69.26714464,-33.01402091],[-69.26704768,-33.01396282],[-69.26687875,-33.01377593],[-69.26623377,-33.01305977],[-69.26546268,-33.01181012],[-69.26507445,-33.01096983],[-69.26488566,-33.01049693],[-69.26447473,-33.00976184],[-69.26446962,-33.00977355],[-69.26446153,-33.00973618],[-69.26445397,-33.00972411],[-69.26395171,-33.00905933],[-69.26385533,-33.00897083],[-69.26371321,-33.00884035],[-69.26366581,-33.00875379],[-69.26365058,-33.00872597],[-69.26354262,-33.00860214],[-69.26305959,-33.00803537],[-69.2626514,-33.00740856],[-69.26265,-33.00740641],[-69.26264938,-33.00740434],[-69.26252166,-33.00697821],[-69.26246663,-33.0067983],[-69.26245124,-33.00672839],[-69.26244964,-33.00672159],[-69.26243034,-33.00664491],[-69.2624284,-33.00663769],[-69.26240892,-33.00656956],[-69.26240597,-33.00656001],[-69.26238152,-33.0064864],[-69.26237717,-33.00647437],[-69.26234998,-33.00640514],[-69.26234492,-33.00639343],[-69.26234244,-33.00638808],[-69.26236313,-33.00635757],[-69.26235698,-33.00634064],[-69.26234954,-33.00632409],[-69.26234082,-33.00630798],[-69.26233087,-33.0062924],[-69.26231973,-33.00627738],[-69.26230745,-33.00626302],[-69.26229798,-33.00625316],[-69.2622366,-33.00619225],[-69.26223182,-33.00618449],[-69.26222788,-33.00617832],[-69.26218565,-33.00611495],[-69.26218056,-33.00610758],[-69.26213641,-33.00604599],[-69.2621312,-33.00603896],[-69.26208421,-33.00597771],[-69.26207889,-33.005971],[-69.26203791,-33.00592093],[-69.26233239,-33.00593159],[-69.26284876,-33.00615811],[-69.26285573,-33.00616108],[-69.26287489,-33.00616834],[-69.26289457,-33.00617453],[-69.26291469,-33.00617963],[-69.26293516,-33.00618361],[-69.2629559,-33.00618645],[-69.26296235,-33.00618709],[-69.26420307,-33.0063006],[-69.26421753,-33.00630165],[-69.2642212,-33.00630182],[-69.26516166,-33.00634266],[-69.26549951,-33.00651248],[-69.26618225,-33.00690154],[-69.26618441,-33.00690276],[-69.26618673,-33.00690405],[-69.26646176,-33.00705517],[-69.26665733,-33.00713731],[-69.26672084,-33.00716398],[-69.26683451,-33.00723049],[-69.26703511,-33.00733598],[-69.26738114,-33.00780746],[-69.26777183,-33.0083398],[-69.26779204,-33.00836422],[-69.26782805,-33.00839701],[-69.26786998,-33.00842436],[-69.26791667,-33.00844553],[-69.267961,-33.00845864],[-69.26856527,-33.00859646],[-69.26861116,-33.00865019],[-69.26864082,-33.00869675],[-69.26864608,-33.00870469],[-69.26865722,-33.0087197],[-69.2686695,-33.00873406],[-69.26868287,-33.00874771],[-69.26869727,-33.0087606],[-69.26871264,-33.00877267],[-69.26871881,-33.00877709],[-69.26901071,-33.00898098],[-69.26905943,-33.00906682],[-69.26907824,-33.00915109],[-69.26898987,-33.00966411],[-69.26894138,-33.00994565],[-69.26893805,-33.00998519],[-69.26893941,-33.01000932],[-69.2689651,-33.01024421],[-69.26896826,-33.0102646],[-69.26898141,-33.01030788],[-69.26900023,-33.01034463],[-69.26916162,-33.01060491],[-69.26919204,-33.0106443],[-69.26922805,-33.0106771],[-69.26926998,-33.01070445],[-69.26931668,-33.01072561],[-69.26933636,-33.01073219],[-69.26942042,-33.01075763],[-69.26947826,-33.0107652],[-69.26951229,-33.01078422],[-69.2695164,-33.01078668],[-69.26959591,-33.01081074],[-69.26962564,-33.0108126],[-69.26962749,-33.0108203],[-69.26963138,-33.01083644],[-69.26976739,-33.01086955],[-69.2699148,-33.01092649],[-69.26998887,-33.01093757],[-69.27000538,-33.01093466],[-69.27004858,-33.01092703],[-69.27018805,-33.01098994],[-69.2702889,-33.01103542],[-69.2707244,-33.01120714],[-69.27093005,-33.01127853],[-69.27107696,-33.01132953],[-69.27121871,-33.01138648],[-69.27140426,-33.01146414],[-69.27150223,-33.01150515],[-69.27182557,-33.01168099],[-69.27188934,-33.01168238],[-69.27202713,-33.0116854],[-69.27254974,-33.01167168],[-69.27256708,-33.01167083],[-69.27261936,-33.01166336],[-69.27265662,-33.01165325],[-69.27309179,-33.01150994],[-69.27320033,-33.01145882],[-69.27363136,-33.0112141],[-69.27374572,-33.01116832],[-69.27380597,-33.01113749],[-69.27381831,-33.01113927],[-69.27423089,-33.01119859],[-69.27442919,-33.01122678],[-69.27451014,-33.0112705],[-69.27508046,-33.01174851],[-69.27508638,-33.01175334],[-69.27601192,-33.01249019],[-69.27602136,-33.01249741],[-69.27603764,-33.01250861],[-69.27605337,-33.0125181],[-69.27777161,-33.0134907],[-69.27777298,-33.01349148],[-69.27779086,-33.01350078],[-69.27780941,-33.01350909],[-69.27781366,-33.01351081],[-69.2786168,-33.01385487],[-69.27933507,-33.01414171],[-69.27958616,-33.01419054],[-69.27996853,-33.01423799],[-69.27998634,-33.01422861],[-69.28000339,-33.01421826],[-69.28001529,-33.01420998],[-69.28040432,-33.01421695],[-69.28079376,-33.01430974],[-69.28160058,-33.01451229],[-69.28178587,-33.01456367],[-69.28326095,-33.01500958],[-69.28362022,-33.0152504],[-69.28401908,-33.01588878],[-69.28404928,-33.01592781],[-69.2840853,-33.0159606],[-69.28411139,-33.01597798],[-69.28411606,-33.01598344],[-69.28412944,-33.01599709],[-69.28414384,-33.01600998],[-69.28415921,-33.01602205],[-69.28417549,-33.01603324],[-69.2841899,-33.01604198],[-69.28474146,-33.01635749],[-69.28474416,-33.01635901],[-69.28476203,-33.01636832],[-69.28478059,-33.01637662],[-69.28479974,-33.01638388],[-69.28481943,-33.01639007],[-69.28483955,-33.01639516],[-69.28486003,-33.01639914],[-69.28488077,-33.01640197],[-69.28490168,-33.01640366],[-69.28492268,-33.01640419],[-69.28492331,-33.01640419],[-69.28552322,-33.01640182],[-69.28631715,-33.01644173],[-69.28649788,-33.01653015],[-69.28759779,-33.01714908],[-69.28774202,-33.0172476],[-69.28800362,-33.01742628],[-69.28801107,-33.01743121],[-69.28802818,-33.01744148],[-69.28803652,-33.01744599],[-69.288826,-33.01785876],[-69.28883553,-33.01786356],[-69.28885409,-33.01787186],[-69.28887325,-33.01787912],[-69.28889294,-33.01788531],[-69.28891306,-33.0178904],[-69.28893353,-33.01789437],[-69.28894419,-33.01789598],[-69.28925366,-33.01793802],[-69.28926374,-33.01793925],[-69.28928466,-33.01794094],[-69.2892961,-33.01794137],[-69.29040595,-33.01796665],[-69.29109023,-33.01798222],[-69.29132779,-33.01804459],[-69.29151774,-33.01824212],[-69.29160693,-33.01833487],[-69.29163961,-33.01836411],[-69.29165778,-33.01837596],[-69.29168446,-33.01840128],[-69.29169816,-33.01841349],[-69.29171353,-33.01842556],[-69.29172981,-33.01843675],[-69.29174692,-33.01844701],[-69.2917648,-33.01845632],[-69.29178335,-33.01846462],[-69.29180252,-33.01847188],[-69.2918222,-33.01847807],[-69.29184232,-33.01848316],[-69.2918628,-33.01848714],[-69.29187266,-33.01848863],[-69.29203387,-33.01851088],[-69.29204475,-33.01851222],[-69.29206567,-33.0185139],[-69.29208667,-33.01851443],[-69.29210767,-33.0185138],[-69.29212857,-33.01851202],[-69.29214929,-33.01850909],[-69.29215191,-33.01850863],[-69.293682,-33.01838485],[-69.29421114,-33.01863481],[-69.2945712,-33.0188779],[-69.29459712,-33.01889368],[-69.29464383,-33.01891483],[-69.29469403,-33.01892922],[-69.2947265,-33.01893459],[-69.29488655,-33.01895388],[-69.29518763,-33.01909611],[-69.29518222,-33.01909014],[-69.29681581,-33.01933014],[-69.29794727,-33.01973547],[-69.29797993,-33.01975014],[-69.2980029,-33.0197595],[-69.29805311,-33.01977389],[-69.29805562,-33.01977428],[-69.29809144,-33.01977991],[-69.29849289,-33.01982195],[-69.29931199,-33.01990773],[-69.29932599,-33.01990893],[-69.29937902,-33.01990881],[-69.29939425,-33.0199074],[-69.30223917,-33.01958617],[-69.30268657,-33.01965833],[-69.30394597,-33.02052268],[-69.30397393,-33.02053984],[-69.30402064,-33.02056099],[-69.30404165,-33.02056797],[-69.30435628,-33.02066177],[-69.30546232,-33.02150195],[-69.3055025,-33.02152794],[-69.30551294,-33.02153342],[-69.30725522,-33.02240826],[-69.30728301,-33.0224207],[-69.30881032,-33.02302556],[-69.3088188,-33.02302879],[-69.30886901,-33.02304317],[-69.30892135,-33.0230504],[-69.30894004,-33.02305119],[-69.31003719,-33.02307102],[-69.31007153,-33.02307009],[-69.31009224,-33.02306802],[-69.3107257,-33.02298704],[-69.31078691,-33.02297922],[-69.31189953,-33.02283699],[-69.31195722,-33.02283879],[-69.31201075,-33.02284046],[-69.31245226,-33.0230723],[-69.31262436,-33.02316267],[-69.3126661,-33.02318115],[-69.31271631,-33.02319553],[-69.31273668,-33.02319923],[-69.313825,-33.02336619],[-69.31385697,-33.02336971],[-69.31389437,-33.02337038],[-69.3145535,-33.0233499],[-69.31519126,-33.02333007],[-69.31720738,-33.0232612],[-69.3173816,-33.02316468],[-69.31744417,-33.02295385],[-69.31734437,-33.02279961],[-69.31715317,-33.02272954],[-69.31511351,-33.02279112],[-69.31500954,-33.02279436],[-69.31483702,-33.02279972],[-69.31390565,-33.02282867],[-69.31363887,-33.02278774],[-69.31291204,-33.02267624],[-69.31259618,-33.02251038],[-69.31227792,-33.02234326],[-69.31223618,-33.02232478],[-69.31218597,-33.0223104],[-69.31213363,-33.02230318],[-69.31211997,-33.0223025],[-69.31189313,-33.02229542],[-69.31185377,-33.02229622],[-69.31183306,-33.0222983],[-69.31002327,-33.02252964],[-69.30977067,-33.02252508],[-69.30940531,-33.02251848],[-69.30902189,-33.02251155],[-69.30858275,-33.02233764],[-69.30834432,-33.02224322],[-69.30817702,-33.02208909],[-69.30804736,-33.02203041],[-69.30759657,-33.02188122],[-69.30728179,-33.02175317],[-69.30726698,-33.02174614],[-69.30722528,-33.02176342],[-69.30586889,-33.02108234],[-69.30473878,-33.02022387],[-69.30469859,-33.02019788],[-69.30465188,-33.02017673],[-69.30463087,-33.02016975],[-69.30430839,-33.02007361],[-69.30302933,-33.01919578],[-69.30300138,-33.01917862],[-69.30295467,-33.01915747],[-69.30290446,-33.01914308],[-69.30288691,-33.01913982],[-69.30230865,-33.01904655],[-69.30227386,-33.01904259],[-69.30222083,-33.01904271],[-69.30220561,-33.01904412],[-69.3020787,-33.01905845],[-69.29935005,-33.01936655],[-69.29822968,-33.01924923],[-69.29694498,-33.01867188],[-69.296922,-33.01866253],[-69.2968718,-33.01864814],[-69.29683933,-33.01864277],[-69.2953071,-33.01845807],[-69.2945856,-33.01819434],[-69.29407106,-33.01784697],[-69.29404514,-33.01783119],[-69.29399843,-33.01781003],[-69.29394823,-33.01779564],[-69.2938959,-33.01778841],[-69.29384387,-33.01778847],[-69.29353408,-33.01780998],[-69.29211384,-33.01790857],[-69.29169928,-33.01757377],[-69.29168247,-33.01755872],[-69.29164053,-33.01753138],[-69.29159382,-33.01751023],[-69.29156118,-33.01749999],[-69.29117069,-33.01739748],[-69.29115313,-33.01739333],[-69.2911008,-33.0173861],[-69.29109004,-33.01738552],[-69.28986577,-33.01733771],[-69.2891552,-33.01722671],[-69.28827882,-33.01688174],[-69.28652089,-33.01589254],[-69.28647246,-33.01587042],[-69.28642226,-33.01585603],[-69.28636993,-33.0158488],[-69.28635498,-33.01584808],[-69.28504137,-33.01581121],[-69.28461015,-33.01561034],[-69.28454886,-33.01557528],[-69.28414367,-33.01492676],[-69.28411347,-33.01488773],[-69.28407745,-33.01485494],[-69.28407384,-33.01485235],[-69.28399959,-33.01470158],[-69.28331885,-33.01434528],[-69.28233559,-33.01414657],[-69.28048445,-33.0136332],[-69.28047853,-33.01363176],[-69.28046205,-33.01362774],[-69.28040972,-33.01362051],[-69.28039088,-33.0136197],[-69.28030286,-33.01361813],[-69.27963527,-33.01356631],[-69.27813258,-33.01294939],[-69.27732072,-33.01251137],[-69.27639676,-33.01202403],[-69.27597033,-33.01170273],[-69.27487798,-33.01081423],[-69.27487182,-33.01080935],[-69.27482989,-33.010782],[-69.27479226,-33.01076431],[-69.27463765,-33.0107027],[-69.27462859,-33.01069923],[-69.27457839,-33.01068484],[-69.27454766,-33.01067968],[-69.27438504,-33.01065929],[-69.27419778,-33.0106358],[-69.27414967,-33.01062977],[-69.27382391,-33.01058892],[-69.27380232,-33.01058683],[-69.2737493,-33.01058695],[-69.27369702,-33.01059442],[-69.27364691,-33.01060903],[-69.27363886,-33.01061214],[-69.27333409,-33.01073414],[-69.27329401,-33.01075327],[-69.27283598,-33.01101332],[-69.27247442,-33.01113239],[-69.2720347,-33.01114394],[-69.27185475,-33.01104667],[-69.27181666,-33.01102903],[-69.27046621,-33.01050044],[-69.27045915,-33.01049776],[-69.27043947,-33.01049118],[-69.26988442,-33.01032321],[-69.26969191,-33.01025898],[-69.26961231,-33.01015418],[-69.26960042,-33.00996812],[-69.26966529,-33.00963927],[-69.26966702,-33.00952424],[-69.26970767,-33.00936559],[-69.26970598,-33.00929991],[-69.26973402,-33.00920919],[-69.26972324,-33.0091618],[-69.26972468,-33.00914467],[-69.26971966,-33.00909777],[-69.2696827,-33.00893207],[-69.26967057,-33.00889357],[-69.26965682,-33.00886537],[-69.26965509,-33.00886231],[-69.2695506,-33.0086782],[-69.26954292,-33.00866554],[-69.2695163,-33.0086314],[-69.26951381,-33.0086282],[-69.26947779,-33.00859541],[-69.26946586,-33.00858664],[-69.26917361,-33.00838251],[-69.26915698,-33.00836304],[-69.26896656,-33.00815478],[-69.26894364,-33.00813982],[-69.26893414,-33.00813363],[-69.26888744,-33.00811247],[-69.26884312,-33.00809936],[-69.26841502,-33.00800172],[-69.26825786,-33.0079575],[-69.26814415,-33.00780507],[-69.26801907,-33.00764311],[-69.26787817,-33.00745607],[-69.26754176,-33.00699769],[-69.26752156,-33.00697327],[-69.26748555,-33.00694048],[-69.26744115,-33.0069118],[-69.26676405,-33.00655572],[-69.26536412,-33.00579181],[-69.26531782,-33.00577087],[-69.26526763,-33.00575647],[-69.26521611,-33.00574928],[-69.26301981,-33.00559598],[-69.26249754,-33.00536688],[-69.26247751,-33.00535882],[-69.26242732,-33.00534442],[-69.262375,-33.00533717],[-69.26236306,-33.00533655],[-69.26133994,-33.00529952],[-69.26127437,-33.00525696],[-69.26126245,-33.00524958],[-69.2612581,-33.00524702],[-69.26081586,-33.00495572],[-69.26073217,-33.00497761],[-69.26002996,-33.00369721]],[[-69.2607379,-33.00498806],[-69.26072237,-33.00498018],[-69.26073217,-33.00497761],[-69.2607379,-33.00498806]]]]},"geometry_name":"the_geom","properties":{"fid":87,"id":87,"distrito_":"POTRERILLOS","zona_":"CONSERVACION NATURAL","codigo":"ZCN","lote_min":"5000","lado_min":"30","fos":"0","retiro_fro":"3","retiro_lat":"3","retiro_pos":"3","alt_max":"8","ordenanza":"14106-2021","sup_m2":1257660}},{"type":"Feature","id":"Zonas.61","geometry":{"type":"MultiPolygon","coordinates":[[[[-68.95242599,-33.05581587],[-68.94638661,-33.05612776],[-68.93870415,-33.05610788],[-68.93955598,-33.06185825],[-68.93957394,-33.06196477],[-68.94011382,-33.06404223],[-68.94041933,-33.06678737],[-68.94091075,-33.06923205],[-68.9411021,-33.07018393],[-68.94115535,-33.07034633],[-68.94519922,-33.07108628],[-68.95009115,-33.07197076],[-68.95471092,-33.07286065],[-68.95778879,-33.07297725],[-68.96043494,-33.07312629],[-68.96117648,-33.07316805],[-68.96597095,-33.07361013],[-68.96782298,-33.07368121],[-68.96965334,-33.07389955],[-68.98565287,-33.07495227],[-68.98441098,-33.06062992],[-69.00279007,-33.04886923],[-69.00278994,-33.0488691],[-69.0022512,-33.04833852],[-69.00061439,-33.04679549],[-68.98760975,-33.05069486],[-68.98225751,-33.0521262],[-68.96243251,-33.05532155],[-68.95242599,-33.05581587]]]]},"geometry_name":"the_geom","properties":{"fid":61,"id":61,"distrito_":"INDUSTRIAL","zona_":"INDUSTRIAL NODAL","codigo":"ZIN","lote_min":"1500","lado_min":"25","fos":"15-5","retiro_fro":"3","retiro_lat":"3","retiro_pos":"3","alt_max":"10","ordenanza":"14106-2021","sup_m2":9642660}},{"type":"Feature","id":"Zonas.62","geometry":{"type":"MultiPolygon","coordinates":[[[[-68.98565287,-33.07495227],[-69.00519366,-33.0763024],[-69.00822081,-33.05396547],[-69.0028083,-33.04886368],[-69.00278994,-33.0488691],[-69.00279007,-33.04886923],[-68.98441098,-33.06062992],[-68.98565287,-33.07495227]]]]},"geometry_name":"the_geom","properties":{"fid":62,"id":62,"distrito_":"INDUSTRIAL","zona_":"PARQUE INDUSTRIAL PROVINCIAL","codigo":"ZPIP","lote_min":"0","lado_min":"0","fos":"0","retiro_fro":"0","retiro_lat":"0","retiro_pos":"0","alt_max":"0","ordenanza":"14106-2021","sup_m2":4906680}},{"type":"Feature","id":"Zonas.63","geometry":{"type":"MultiPolygon","coordinates":[[[[-68.92956715,-33.06636296],[-68.92991352,-33.06823269],[-68.92836162,-33.06794836],[-68.93083042,-33.0834751],[-68.93083399,-33.08349756],[-68.93083716,-33.08349794],[-68.94079796,-33.08469087],[-68.94301739,-33.08500171],[-68.94273894,-33.082835],[-68.94243305,-33.08075052],[-68.94208161,-33.07771556],[-68.94113407,-33.07033489],[-68.94111495,-33.07018597],[-68.9411021,-33.07018393],[-68.94091075,-33.06923205],[-68.94041933,-33.06678737],[-68.94011382,-33.06404223],[-68.93957394,-33.06196477],[-68.93955598,-33.06185825],[-68.93870415,-33.05610788],[-68.93180749,-33.05617466],[-68.93176096,-33.05626569],[-68.93176469,-33.05626583],[-68.93120547,-33.05824823],[-68.92930439,-33.06499119],[-68.9293022,-33.06504021],[-68.92956715,-33.06636296]]]]},"geometry_name":"the_geom","properties":{"fid":63,"id":63,"distrito_":"PERDRIEL","zona_":"CONTROL AMBIENTAL","codigo":"ZCA","lote_min":"1500","lado_min":"25","fos":"30","retiro_fro":"15","retiro_lat":"5","retiro_pos":"5","alt_max":"5","ordenanza":"14106-2021","sup_m2":3198540}},{"type":"Feature","id":"Zonas.64","geometry":{"type":"MultiPolygon","coordinates":[[[[-69.02575592,-33.06801635],[-69.03911172,-33.07818389],[-69.04062363,-33.07756804],[-69.04074655,-33.07751797],[-69.04232644,-33.07725391],[-69.04368286,-33.07722834],[-69.04588905,-33.07749108],[-69.05285837,-33.07848763],[-69.05828455,-33.07896056],[-69.06587886,-33.07923163],[-69.06899785,-33.07932018],[-69.07214284,-33.07945487],[-69.07359151,-33.07943262],[-69.07980908,-33.07917831],[-69.07983293,-33.07917733],[-69.07930166,-33.07606698],[-69.07816259,-33.06908182],[-69.07745928,-33.0651651],[-69.07712377,-33.06329654],[-69.07706257,-33.06295572],[-69.07681718,-33.06158899],[-69.07651061,-33.05988143],[-69.07536372,-33.05349297],[-69.07523302,-33.0534792],[-69.0715206,-33.05308804],[-69.06670685,-33.05268132],[-69.06436953,-33.05276298],[-69.06005924,-33.05333682],[-69.05309382,-33.05186586],[-69.04962278,-33.05097352],[-69.04905058,-33.0508606],[-69.04333431,-33.04973237],[-69.04264556,-33.04951155],[-69.03363952,-33.04744567],[-69.02645546,-33.04557768],[-69.02336992,-33.04458931],[-69.02326065,-33.04456741],[-69.02315971,-33.04454719],[-69.02575592,-33.06801635]]]]},"geometry_name":"the_geom","properties":{"fid":64,"id":64,"distrito_":"INDUSTRIAL","zona_":"RURAL NO IRRIGADA","codigo":"ZRURNI","lote_min":"5000","lado_min":"30","fos":"10","retiro_fro":"10","retiro_lat":"10","retiro_pos":"10","alt_max":"8","ordenanza":"14106-2021","sup_m2":1.45431E7}},{"type":"Feature","id":"Zonas.65","geometry":{"type":"MultiPolygon","coordinates":[[[[-69.02256328,-33.0872518],[-69.02780028,-33.08662092],[-69.02722968,-33.0808218],[-68.97730402,-33.08932852],[-68.96856448,-33.09082117],[-68.96692325,-33.09108967],[-68.96743694,-33.09591378],[-69.02256328,-33.0872518]]]]},"geometry_name":"the_geom","properties":{"fid":65,"id":65,"distrito_":"AGRELO","zona_":"SERVICIOS","codigo":"ZS","lote_min":"750","lado_min":"15","fos":"0","retiro_fro":"0","retiro_lat":"0","retiro_pos":"4","alt_max":"0","ordenanza":"14106-2021","sup_m2":3316170}},{"type":"Feature","id":"Zonas.66","geometry":{"type":"MultiPolygon","coordinates":[[[[-68.96738026,-33.09591376],[-68.9707777,-33.12490266],[-68.97261736,-33.14103178],[-68.97659034,-33.15398623],[-68.97996798,-33.17071151],[-68.98411293,-33.19040105],[-68.98664507,-33.20317026],[-68.98652134,-33.20314369],[-68.95074852,-33.19545711],[-68.94337292,-33.19380865],[-68.94316828,-33.19381255],[-68.92235952,-33.19416337],[-68.90071403,-33.19932169],[-68.90179165,-33.20282157],[-68.90506303,-33.2138041],[-68.90391385,-33.2141172],[-68.90457752,-33.22230769],[-68.90370752,-33.22233929],[-68.9040602,-33.22652535],[-68.90737199,-33.22639385],[-68.90764829,-33.23052935],[-68.90759327,-33.23052401],[-68.90383042,-33.23015922],[-68.90201891,-33.22994079],[-68.90025727,-33.22975096],[-68.89552988,-33.22933982],[-68.8982917,-33.23508714],[-68.90276469,-33.27584011],[-68.90276871,-33.27587672],[-68.90440702,-33.28056851],[-68.91098082,-33.29950712],[-68.93340325,-33.29136801],[-68.95171116,-33.28373198],[-68.96637929,-33.27848808],[-69.00690527,-33.26673667],[-69.03447523,-33.26021499],[-69.02874008,-33.21842462],[-69.0280335,-33.2127379],[-69.02949828,-33.19909749],[-69.03736183,-33.1257971],[-69.02742206,-33.12607891],[-69.02281616,-33.08723215],[-68.96738026,-33.09591376]]]]},"geometry_name":"the_geom","properties":{"fid":66,"id":66,"distrito_":"UGARTECHE","zona_":"RURAL 1","codigo":"ZRUR1","lote_min":"5000","lado_min":"0","fos":"0","retiro_fro":"0","retiro_lat":"0","retiro_pos":"0","alt_max":"0","ordenanza":"14106-2021","sup_m2":1.70538E8}},{"type":"Feature","id":"Zonas.67","geometry":{"type":"MultiPolygon","coordinates":[[[[-68.88355509,-33.05636824],[-68.8840213,-33.05905351],[-68.89249023,-33.05888791],[-68.89148165,-33.06471058],[-68.89372186,-33.06465672],[-68.89698589,-33.05382119],[-68.8976794,-33.05368926],[-68.90049883,-33.05370953],[-68.90063704,-33.05249109],[-68.89950255,-33.05209153],[-68.89793512,-33.05199],[-68.89650877,-33.05193834],[-68.89348253,-33.05171126],[-68.89297308,-33.05132912],[-68.89142967,-33.05093415],[-68.88967389,-33.05047933],[-68.88888089,-33.05033549],[-68.88751983,-33.05004462],[-68.88635274,-33.0496852],[-68.88541481,-33.04938274],[-68.88428673,-33.04918087],[-68.88274672,-33.04880127],[-68.88278764,-33.05039509],[-68.88340978,-33.05528407],[-68.88355509,-33.05636824]]]]},"geometry_name":"the_geom","properties":{"fid":67,"id":67,"distrito_":"PERDRIEL","zona_":"RESIDENCIAL MIXTA 2","codigo":"ZRM2","lote_min":"300","lado_min":"12","fos":"75","retiro_fro":"0","retiro_lat":"0","retiro_pos":"0","alt_max":"0","ordenanza":"14106-2021","sup_m2":1359710}},{"type":"Feature","id":"Zonas.68","geometry":{"type":"MultiPolygon","coordinates":[[[[-68.86127559,-33.21581518],[-68.85847992,-33.21650023],[-68.85562554,-33.21716467],[-68.85521338,-33.21724448],[-68.85456494,-33.21736931],[-68.85373999,-33.2175274],[-68.85056607,-33.21781671],[-68.84634862,-33.21830231],[-68.84482618,-33.21853259],[-68.84280528,-33.21874659],[-68.84192433,-33.21908639],[-68.83952539,-33.21982233],[-68.83615829,-33.22119817],[-68.83366017,-33.22227365],[-68.8306462,-33.22343586],[-68.82395737,-33.22799813],[-68.81972382,-33.23216367],[-68.80657319,-33.24142628],[-68.80474177,-33.24270153],[-68.80312303,-33.24385583],[-68.80181293,-33.24477832],[-68.80179383,-33.24480363],[-68.80177087,-33.24482],[-68.80099688,-33.2458131],[-68.80096491,-33.24585682],[-68.80036102,-33.2466828],[-68.79988719,-33.24809637],[-68.79930338,-33.25004959],[-68.79842918,-33.25295693],[-68.79782597,-33.25496294],[-68.79773125,-33.25573453],[-68.79680184,-33.25906834],[-68.79554344,-33.26301478],[-68.79366651,-33.26971936],[-68.79192276,-33.27631096],[-68.79176141,-33.27686627],[-68.79136552,-33.27856333],[-68.79107318,-33.2796114],[-68.79003168,-33.28140267],[-68.78934854,-33.28247916],[-68.7888752,-33.28339158],[-68.7882031,-33.28454743],[-68.78723609,-33.29127029],[-68.78709982,-33.29174808],[-68.78694766,-33.29206788],[-68.79221171,-33.29513986],[-68.79233164,-33.29521019],[-68.7918776,-33.29275869],[-68.79309797,-33.28586002],[-68.79531666,-33.2821726],[-68.79982655,-33.27707463],[-68.80017763,-33.27256645],[-68.80274645,-33.26684515],[-68.80697565,-33.26217348],[-68.80717987,-33.26207253],[-68.80889201,-33.26148718],[-68.8093485,-33.25990201],[-68.80948884,-33.25962828],[-68.81230869,-33.25719833],[-68.81439305,-33.25317884],[-68.81491728,-33.25222232],[-68.81499977,-33.25200877],[-68.81577372,-33.25000499],[-68.81673116,-33.24866953],[-68.81731136,-33.24786023],[-68.81883802,-33.24460578],[-68.81900749,-33.24427888],[-68.82081571,-33.24273785],[-68.82222169,-33.24153956],[-68.82247444,-33.24137356],[-68.82379982,-33.2402834],[-68.82512244,-33.23963438],[-68.82627245,-33.23887903],[-68.82657092,-33.23868298],[-68.82648858,-33.23725151],[-68.82768368,-33.23582181],[-68.8295592,-33.23482245],[-68.83113914,-33.23259837],[-68.8319617,-33.23207694],[-68.83199159,-33.23206443],[-68.83204352,-33.23202507],[-68.8337825,-33.23070704],[-68.83489049,-33.23020754],[-68.83509827,-33.23030901],[-68.83650702,-33.23099692],[-68.83820952,-33.23135699],[-68.83925281,-33.23078899],[-68.83991438,-33.23042881],[-68.84025605,-33.22985671],[-68.84136464,-33.22899931],[-68.84155284,-33.22897522],[-68.84156769,-33.22895964],[-68.84193808,-33.22892591],[-68.84455855,-33.22868725],[-68.84549728,-33.22754333],[-68.84921625,-33.22539995],[-68.85391362,-33.22433067],[-68.85460123,-33.22420494],[-68.85466321,-33.22419361],[-68.85599547,-33.22448419],[-68.8567498,-33.22463526],[-68.85733036,-33.22476924],[-68.85800564,-33.22357355],[-68.8583537,-33.22376217],[-68.85899821,-33.22411144],[-68.85970809,-33.22393332],[-68.86061809,-33.22386947],[-68.86334304,-33.22380092],[-68.86366695,-33.22363504],[-68.86868553,-33.22248294],[-68.87127403,-33.22028481],[-68.87280103,-33.21951686],[-68.87427587,-33.21862384],[-68.87586007,-33.21777773],[-68.88083554,-33.21655534],[-68.88257257,-33.21616672],[-68.88148864,-33.21464985],[-68.8812466,-33.21433558],[-68.88096309,-33.21320861],[-68.88065821,-33.21215143],[-68.88044522,-33.21119912],[-68.87977194,-33.20858641],[-68.87958559,-33.20790401],[-68.87950688,-33.2075578],[-68.87896697,-33.20546251],[-68.87606193,-33.20760065],[-68.87483145,-33.20856983],[-68.87399284,-33.20919019],[-68.87320554,-33.20974342],[-68.87203282,-33.21064004],[-68.87092142,-33.21146213],[-68.8705895,-33.21169907],[-68.87057192,-33.21170819],[-68.87015636,-33.21197161],[-68.86831416,-33.21287852],[-68.86694336,-33.21355334],[-68.86580203,-33.21411517],[-68.86573057,-33.21414201],[-68.86528832,-33.21435666],[-68.86127559,-33.21581518]]]]},"geometry_name":"the_geom","properties":{"fid":68,"id":68,"distrito_":"CARRIZAL","zona_":"AGROTURISTICA","codigo":"ZAGT","lote_min":"750","lado_min":"18","fos":"40","retiro_fro":"3","retiro_lat":"2","retiro_pos":"2","alt_max":"8","ordenanza":"14106-2021","sup_m2":1.21348E7}},{"type":"Feature","id":"Zonas.69","geometry":{"type":"MultiPolygon","coordinates":[[[[-68.88102856,-33.13099971],[-68.87795858,-33.13045896],[-68.87779084,-33.1336533],[-68.8777066,-33.13538821],[-68.8752779,-33.14659766],[-68.87515825,-33.15013146],[-68.87416472,-33.17731229],[-68.87363632,-33.19376695],[-68.8768237,-33.19969434],[-68.87815437,-33.20215644],[-68.87896697,-33.20546251],[-68.87950688,-33.2075578],[-68.87977194,-33.20858641],[-68.88044522,-33.21119912],[-68.88065821,-33.21215143],[-68.88096309,-33.21320861],[-68.88124758,-33.21431252],[-68.88148864,-33.21464985],[-68.88257257,-33.21616672],[-68.88260644,-33.2161547],[-68.89106993,-33.22805578],[-68.89119096,-33.22822509],[-68.89310003,-33.23254905],[-68.89455704,-33.23578013],[-68.89456817,-33.23587403],[-68.89458953,-33.2359224],[-68.89461021,-33.23609774],[-68.89778427,-33.26299715],[-68.89941639,-33.27682258],[-68.89947974,-33.27735906],[-68.91269743,-33.31985148],[-68.91983945,-33.33843176],[-68.92163047,-33.33773534],[-68.90866732,-33.30017147],[-68.91097467,-33.29947196],[-68.90440702,-33.28056851],[-68.90276871,-33.27587672],[-68.90276469,-33.27584011],[-68.8982917,-33.23508714],[-68.8955291,-33.22933615],[-68.89461229,-33.22788197],[-68.89221458,-33.22455294],[-68.88404545,-33.21347204],[-68.88385438,-33.21321283],[-68.88377256,-33.21289851],[-68.88338296,-33.21140179],[-68.88329507,-33.21106413],[-68.88176753,-33.20519532],[-68.88100897,-33.20228061],[-68.88053419,-33.20045621],[-68.88019674,-33.19977769],[-68.87948155,-33.19829383],[-68.87884574,-33.19706106],[-68.87687419,-33.19323818],[-68.87687972,-33.19310739],[-68.87687438,-33.19309664],[-68.87889454,-33.1452396],[-68.87897561,-33.14484898],[-68.87943921,-33.14261534],[-68.87953594,-33.14214926],[-68.87993227,-33.14023958],[-68.88101309,-33.13560249],[-68.88101377,-33.13540117],[-68.88102661,-33.13158275],[-68.88102856,-33.13099971]]]]},"geometry_name":"the_geom","properties":{"fid":69,"id":81,"distrito_":"","zona_":"INDUSTRIAL AGRICOLA","codigo":"ZIA","lote_min":"1500","lado_min":"25","fos":"0","retiro_fro":"15-5","retiro_lat":"3","retiro_pos":"3","alt_max":"10","ordenanza":"14106-2021","sup_m2":7165670}},{"type":"Feature","id":"Zonas.91","geometry":{"type":"MultiPolygon","coordinates":[[[[-68.8513807,-32.98460526],[-68.85088748,-32.98480624],[-68.85062737,-32.98515978],[-68.85065427,-32.98563089],[-68.85197789,-32.99008546],[-68.85223585,-32.99032172],[-68.85248789,-32.99049581],[-68.85311922,-32.99036631],[-68.8513807,-32.98460526]]]]},"geometry_name":"the_geom","properties":{"fid":91,"id":110,"distrito_":"","zona_":"RESIDENCIAL MIXTA 1","codigo":"ZRM1","lote_min":"200","lado_min":"10","fos":"75","retiro_fro":"0","retiro_lat":"0","retiro_pos":"0","alt_max":"0","ordenanza":"14106-2021","sup_m2":59665.8}},{"type":"Feature","id":"Zonas.70","geometry":{"type":"MultiPolygon","coordinates":[[[[-68.91843361,-33.01887339],[-68.90997369,-33.01790514],[-68.90993972,-33.01825514],[-68.90976028,-33.0198777],[-68.90941718,-33.02308619],[-68.90925944,-33.02503041],[-68.909172,-33.02616741],[-68.90902836,-33.02814742],[-68.90897054,-33.02929251],[-68.90902574,-33.0307001],[-68.90913856,-33.03115346],[-68.90935161,-33.03181773],[-68.90929183,-33.03187509],[-68.90926413,-33.03194845],[-68.90911509,-33.03194787],[-68.90871857,-33.03195713],[-68.90891077,-33.03233898],[-68.90919598,-33.03280486],[-68.91123377,-33.03558389],[-68.91198208,-33.03564961],[-68.92703956,-33.0349239],[-68.92854624,-33.03427428],[-68.92579126,-33.01989512],[-68.91844634,-33.01896084],[-68.91843361,-33.01887339]]]]},"geometry_name":"the_geom","properties":{"fid":70,"id":133,"distrito_":"VISTALBA","zona_":"RESERVA AMBIENTAL 3","codigo":"ZRA3","lote_min":"500","lado_min":"0","fos":"0","retiro_fro":"0","retiro_lat":"0","retiro_pos":"0","alt_max":"","ordenanza":"14106-2021","sup_m2":3442690}},{"type":"Feature","id":"Zonas.71","geometry":{"type":"MultiPolygon","coordinates":[[[[-68.85970809,-33.22393332],[-68.85899821,-33.22411144],[-68.8583537,-33.22376217],[-68.85800564,-33.22357355],[-68.85733036,-33.22476924],[-68.8567498,-33.22463526],[-68.85599547,-33.22448419],[-68.85466321,-33.22419361],[-68.85460123,-33.22420494],[-68.85452924,-33.22419052],[-68.85391362,-33.22433067],[-68.84921625,-33.22539995],[-68.84549728,-33.22754333],[-68.84455855,-33.22868725],[-68.84193808,-33.22892591],[-68.84156769,-33.22895964],[-68.84155284,-33.22897522],[-68.84136464,-33.22899931],[-68.84025605,-33.22985671],[-68.83991438,-33.23042881],[-68.83925281,-33.23078899],[-68.83820952,-33.23135699],[-68.83650702,-33.23099692],[-68.83509827,-33.23030901],[-68.83489049,-33.23020754],[-68.8337825,-33.23070704],[-68.83204352,-33.23202507],[-68.8319617,-33.23207694],[-68.83113914,-33.23259837],[-68.8295592,-33.23482245],[-68.82768368,-33.23582181],[-68.82648858,-33.23725151],[-68.82657092,-33.23868298],[-68.82627245,-33.23887903],[-68.82512244,-33.23963438],[-68.82379982,-33.2402834],[-68.82247444,-33.24137356],[-68.82222169,-33.24153956],[-68.82081571,-33.24273785],[-68.81900749,-33.24427888],[-68.81883802,-33.24460578],[-68.81731136,-33.24786023],[-68.81673116,-33.24866953],[-68.81577372,-33.25000499],[-68.81499977,-33.25200877],[-68.81491728,-33.25222232],[-68.81439305,-33.25317884],[-68.81230869,-33.25719833],[-68.80948884,-33.25962828],[-68.80940702,-33.25969878],[-68.8093485,-33.25990201],[-68.80889201,-33.26148718],[-68.80717987,-33.26207253],[-68.80701647,-33.26212839],[-68.80697565,-33.26217348],[-68.80274645,-33.26684515],[-68.80017763,-33.27256645],[-68.79982655,-33.27707463],[-68.79531666,-33.2821726],[-68.79309797,-33.28586002],[-68.7918776,-33.29275869],[-68.79233164,-33.29521019],[-68.7905488,-33.29950123],[-68.78931951,-33.30035796],[-68.78835974,-33.30253196],[-68.78726758,-33.30304538],[-68.78705927,-33.30459087],[-68.78405455,-33.30647506],[-68.78364403,-33.30704688],[-68.78384392,-33.3089366],[-68.78323913,-33.30993748],[-68.77816298,-33.31573727],[-68.77556517,-33.31771657],[-68.77433677,-33.32025589],[-68.77409751,-33.32054913],[-68.77331434,-33.32150899],[-68.77228435,-33.3227713],[-68.77058843,-33.3235095],[-68.77016341,-33.32458204],[-68.76941037,-33.32522068],[-68.76962965,-33.32587041],[-68.76802651,-33.32979856],[-68.7662614,-33.33075084],[-68.76622519,-33.33077037],[-68.76582954,-33.33086725],[-68.76567767,-33.33094798],[-68.76538656,-33.3310172],[-68.76488176,-33.33143904],[-68.76483469,-33.33153719],[-68.76476782,-33.33159353],[-68.76456362,-33.33210234],[-68.76441678,-33.3322941],[-68.76411703,-33.33243631],[-68.76400277,-33.33245918],[-68.7639268,-33.33246069],[-68.76326954,-33.33247381],[-68.76283166,-33.33229438],[-68.76148266,-33.33250947],[-68.7613423,-33.33251227],[-68.76073539,-33.33252437],[-68.76011833,-33.33344943],[-68.75979109,-33.33360385],[-68.75870384,-33.33338296],[-68.75733426,-33.33308618],[-68.75594062,-33.33323398],[-68.7559508,-33.33418091],[-68.752068,-33.33484718],[-68.74921997,-33.3369646],[-68.74583478,-33.33928217],[-68.74574486,-33.33934249],[-68.7457206,-33.33935876],[-68.7463009,-33.34061899],[-68.74533862,-33.34313617],[-68.74689867,-33.34456625],[-68.74771535,-33.34686248],[-68.74915959,-33.34803543],[-68.74978141,-33.35054421],[-68.75119068,-33.35265864],[-68.75448898,-33.35411693],[-68.755462,-33.35692862],[-68.75793553,-33.35887479],[-68.75934367,-33.36151702],[-68.76059859,-33.36270722],[-68.76122156,-33.36495199],[-68.76485892,-33.36923492],[-68.76688138,-33.37535165],[-68.76926617,-33.37735144],[-68.78788944,-33.37762321],[-68.80280807,-33.38747103],[-68.80394997,-33.38924657],[-68.80573471,-33.3902687],[-68.81130674,-33.38681173],[-68.81441076,-33.38574497],[-68.81715173,-33.38375923],[-68.81868049,-33.38344746],[-68.82080448,-33.38192781],[-68.82190289,-33.38009265],[-68.8254659,-33.37828095],[-68.82664996,-33.3782826],[-68.82741161,-33.37633658],[-68.8267194,-33.37583001],[-68.82731964,-33.37494567],[-68.82973372,-33.37562453],[-68.8321975,-33.37511131],[-68.83262794,-33.37292638],[-68.83367189,-33.3718549],[-68.8335314,-33.37102024],[-68.83690003,-33.36772658],[-68.83983573,-33.36796882],[-68.84253916,-33.36570729],[-68.8448133,-33.36511411],[-68.84609358,-33.36416202],[-68.84718178,-33.36471968],[-68.84926699,-33.36380829],[-68.85158508,-33.36516212],[-68.852817,-33.36476623],[-68.8537675,-33.36274078],[-68.85537853,-33.36214662],[-68.85651776,-33.360479],[-68.85817454,-33.36083854],[-68.86115477,-33.36274926],[-68.86205501,-33.36243237],[-68.86352689,-33.35993059],[-68.86565716,-33.36033028],[-68.86689045,-33.35894083],[-68.87100998,-33.35902465],[-68.8724786,-33.35854933],[-68.87200735,-33.35699911],[-68.87243455,-33.35628429],[-68.87721917,-33.35473939],[-68.88025256,-33.35255683],[-68.88446698,-33.35228267],[-68.88882437,-33.35125349],[-68.89010497,-33.34950622],[-68.89091017,-33.34926851],[-68.89337154,-33.34982696],[-68.89503213,-33.34696733],[-68.89669022,-33.34613425],[-68.90095153,-33.34593904],[-68.9029395,-33.34641745],[-68.91226901,-33.34400045],[-68.91449551,-33.34265095],[-68.91508929,-33.33995641],[-68.91777504,-33.33898257],[-68.92022535,-33.33844424],[-68.92041705,-33.33840212],[-68.91269743,-33.31985148],[-68.89947974,-33.27735906],[-68.89941639,-33.27682258],[-68.89778427,-33.26299715],[-68.89456817,-33.23587403],[-68.89455704,-33.23578013],[-68.89310003,-33.23254905],[-68.89119096,-33.22822509],[-68.89106993,-33.22805578],[-68.88262231,-33.21618595],[-68.88260367,-33.21615976],[-68.88257257,-33.21616672],[-68.88083554,-33.21655534],[-68.87586007,-33.21777773],[-68.87427587,-33.21862384],[-68.87280103,-33.21951686],[-68.87127403,-33.22028481],[-68.86868553,-33.22248294],[-68.86366695,-33.22363504],[-68.86334304,-33.22380092],[-68.86061809,-33.22386947],[-68.85970809,-33.22393332]]]]},"geometry_name":"the_geom","properties":{"fid":71,"id":69,"distrito_":"CARRIZAL","zona_":"RURAL 1","codigo":"ZRUR1","lote_min":"5000","lado_min":"0","fos":"0","retiro_fro":"0","retiro_lat":"0","retiro_pos":"0","alt_max":"0","ordenanza":"14106-2021","sup_m2":1.73259E8}},{"type":"Feature","id":"Zonas.72","geometry":{"type":"MultiPolygon","coordinates":[[[[-68.87946357,-33.19825621],[-68.8805356,-33.20045621],[-68.88101039,-33.20228061],[-68.88151703,-33.20425187],[-68.88176895,-33.20519532],[-68.88329649,-33.21106413],[-68.88335334,-33.21127059],[-68.88338438,-33.21140179],[-68.88377398,-33.21289851],[-68.88387281,-33.21322716],[-68.88404687,-33.21347204],[-68.89088431,-33.22270386],[-68.892216,-33.22455294],[-68.8946137,-33.22788197],[-68.89546169,-33.22922924],[-68.8955313,-33.22933982],[-68.90025869,-33.22975096],[-68.90202033,-33.22994079],[-68.90383184,-33.23015922],[-68.90763215,-33.23053237],[-68.90737341,-33.22639386],[-68.90406162,-33.22652535],[-68.90370187,-33.22233981],[-68.90254808,-33.22238189],[-68.89835965,-33.22253483],[-68.8975694,-33.21314388],[-68.89728226,-33.21113973],[-68.89606988,-33.20408732],[-68.89606844,-33.20407894],[-68.90179307,-33.20282157],[-68.90112393,-33.20069971],[-68.90071687,-33.1993205],[-68.8988187,-33.19976749],[-68.89864565,-33.19710034],[-68.89039474,-33.19888769],[-68.88967272,-33.19864929],[-68.88925295,-33.19862358],[-68.88397719,-33.19835994],[-68.87946357,-33.19825621]]]]},"geometry_name":"the_geom","properties":{"fid":72,"id":70,"distrito_":"UGARTECHE","zona_":"RESIDENCIAL MIXTA 1","codigo":"ZRM1","lote_min":"200","lado_min":"10","fos":"75","retiro_fro":"0","retiro_lat":"0","retiro_pos":"0","alt_max":"0","ordenanza":"14106-2021","sup_m2":4484070}},{"type":"Feature","id":"Zonas.73","geometry":{"type":"MultiPolygon","coordinates":[[[[-68.8810706,-33.10651968],[-68.88143188,-33.10712717],[-68.88264604,-33.11068293],[-68.88370913,-33.11063622],[-68.88520288,-33.13169567],[-68.88686196,-33.13198594],[-68.89828546,-33.13399106],[-68.90046124,-33.13564607],[-68.90010433,-33.13222899],[-68.89984704,-33.12966955],[-68.89508141,-33.12953786],[-68.89289769,-33.12947078],[-68.8920201,-33.1287705],[-68.89100224,-33.12795077],[-68.8901956,-33.11801033],[-68.88998807,-33.11542906],[-68.89334905,-33.11477555],[-68.89319764,-33.11360696],[-68.88989746,-33.11428062],[-68.88989314,-33.11428151],[-68.88881114,-33.10073603],[-68.89172886,-33.10048813],[-68.89137193,-33.09627565],[-68.89119708,-33.0942479],[-68.88828648,-33.09434587],[-68.88751776,-33.08513838],[-68.88691378,-33.07854708],[-68.88929075,-33.07820328],[-68.88916171,-33.07702842],[-68.8918723,-33.07668455],[-68.89186969,-33.07666662],[-68.89190243,-33.07666347],[-68.89149052,-33.07397925],[-68.89825846,-33.07316266],[-68.89818571,-33.07134847],[-68.89812774,-33.06992214],[-68.89358109,-33.07056912],[-68.89334587,-33.06711216],[-68.88566298,-33.06711458],[-68.88403729,-33.05901716],[-68.88402995,-33.05897608],[-68.88355509,-33.05636824],[-68.8827869,-33.05036647],[-68.88274672,-33.04880127],[-68.88142783,-33.04845855],[-68.87050485,-33.04915862],[-68.87322537,-33.05918174],[-68.87348483,-33.0614229],[-68.87383792,-33.0641225],[-68.87459196,-33.07098479],[-68.87498816,-33.07436677],[-68.87734586,-33.0849237],[-68.88107874,-33.10176836],[-68.8810706,-33.10651968]]]]},"geometry_name":"the_geom","properties":{"fid":73,"id":71,"distrito_":"PERDRIEL","zona_":"RESIDENCIAL MIXTA 2","codigo":"ZRM2","lote_min":"300","lado_min":"12","fos":"75","retiro_fro":"0","retiro_lat":"0","retiro_pos":"0","alt_max":"0","ordenanza":"14106-2021","sup_m2":9318650}},{"type":"Feature","id":"Zonas.74","geometry":{"type":"MultiPolygon","coordinates":[[[[-68.92235977,-33.06753013],[-68.92230516,-33.06847717],[-68.92230717,-33.06848059],[-68.92230502,-33.06851132],[-68.92312277,-33.06984231],[-68.92311924,-33.07262895],[-68.92309364,-33.07862032],[-68.92312544,-33.08284962],[-68.92313109,-33.08359973],[-68.92313117,-33.08361094],[-68.92678526,-33.08355742],[-68.93083042,-33.0834751],[-68.93083399,-33.08349756],[-68.93083716,-33.08349794],[-68.93086194,-33.08349758],[-68.93085818,-33.08347417],[-68.92836162,-33.06794836],[-68.92991352,-33.06823269],[-68.92956715,-33.06636296],[-68.92933213,-33.06508949],[-68.92256279,-33.06700338],[-68.92240788,-33.06719164],[-68.92239397,-33.06730829],[-68.92235977,-33.06753013]]]]},"geometry_name":"the_geom","properties":{"fid":74,"id":72,"distrito_":"PERDRIEL","zona_":"RESIDENCIAL MIXTA 2","codigo":"ZRM2","lote_min":"300","lado_min":"12","fos":"75","retiro_fro":"0","retiro_lat":"0","retiro_pos":"0","alt_max":"0","ordenanza":"14106-2021","sup_m2":1205920}},{"type":"Feature","id":"Zonas.75","geometry":{"type":"MultiPolygon","coordinates":[[[[-68.91300594,-33.07656465],[-68.91330358,-33.07846124],[-68.91564591,-33.07818014],[-68.91519543,-33.07623343],[-68.91300594,-33.07656465]]]]},"geometry_name":"the_geom","properties":{"fid":75,"id":73,"distrito_":"PERDRIEL","zona_":"RESIDENCIAL MIXTA 2","codigo":"ZRM2","lote_min":"300","lado_min":"12","fos":"75","retiro_fro":"0","retiro_lat":"0","retiro_pos":"0","alt_max":"0","ordenanza":"14106-2021","sup_m2":46276.5}},{"type":"Feature","id":"Zonas.76","geometry":{"type":"MultiPolygon","coordinates":[[[[-68.89764515,-33.21417958],[-68.89835708,-33.22252641],[-68.90254666,-33.22238189],[-68.90457752,-33.22230769],[-68.90391385,-33.2141172],[-68.90506303,-33.2138041],[-68.90179298,-33.20282604],[-68.89606846,-33.20408732],[-68.89728945,-33.211206],[-68.89764515,-33.21417958]]]]},"geometry_name":"the_geom","properties":{"fid":76,"id":74,"distrito_":"UGARTECHE","zona_":"RESIDENCIAL 3","codigo":"ZR3","lote_min":"300","lado_min":"12","fos":"60","retiro_fro":"3","retiro_lat":"0","retiro_pos":"0","alt_max":"8","ordenanza":"14106-2021","sup_m2":1275380}},{"type":"Feature","id":"Zonas.77","geometry":{"type":"MultiPolygon","coordinates":[[[[-68.86629726,-33.06033716],[-68.86831333,-33.06941934],[-68.86963032,-33.0692653],[-68.87158509,-33.06906553],[-68.87161699,-33.06906227],[-68.87161354,-33.06903331],[-68.87158244,-33.06903695],[-68.87120957,-33.06500957],[-68.87063374,-33.05952511],[-68.87058284,-33.05933328],[-68.86784841,-33.04931319],[-68.86608683,-33.04914961],[-68.8653717,-33.05151678],[-68.86495873,-33.05281228],[-68.86477172,-33.05341944],[-68.86475801,-33.05346393],[-68.86538679,-33.05633024],[-68.86629726,-33.06033716]]]]},"geometry_name":"the_geom","properties":{"fid":77,"id":75,"distrito_":"PERDRIEL","zona_":"RESIDENCIAL MIXTA 2","codigo":"ZRM2","lote_min":"300","lado_min":"12","fos":"75","retiro_fro":"","retiro_lat":"0","retiro_pos":"0","alt_max":"","ordenanza":"14106-2021","sup_m2":801976}},{"type":"Feature","id":"Zonas.105","geometry":{"type":"MultiPolygon","coordinates":[[[[-68.86727263,-33.03881744],[-68.86739094,-33.03936223],[-68.86764527,-33.03964805],[-68.86789065,-33.04045778],[-68.86830651,-33.04036751],[-68.86859435,-33.04031784],[-68.86934343,-33.04019239],[-68.86955359,-33.04011736],[-68.86988732,-33.0399948],[-68.8701367,-33.03990918],[-68.87124909,-33.03962778],[-68.87200643,-33.03970117],[-68.87233805,-33.03910504],[-68.87281539,-33.03806537],[-68.87334592,-33.036852],[-68.8677862,-33.03688138],[-68.86771355,-33.03696511],[-68.86735351,-33.03776783],[-68.86725893,-33.03831484],[-68.86727263,-33.03881744]]]]},"geometry_name":"the_geom","properties":{"fid":105,"id":105,"distrito_":"MAYOR DRUMMOND","zona_":"RESIDENCIAL MIXTA 1","codigo":"ZRM1","lote_min":"200","lado_min":"10","fos":"75","retiro_fro":"0","retiro_lat":"0","retiro_pos":"0","alt_max":"0","ordenanza":"14106-2021","sup_m2":168914}},{"type":"Feature","id":"Zonas.106","geometry":{"type":"MultiPolygon","coordinates":[[[[-68.8677776,-33.03596674],[-68.87474716,-33.03610565],[-68.87474805,-33.03610121],[-68.8677776,-33.03596674]]]]},"geometry_name":"the_geom","properties":{"fid":106,"id":106,"distrito_":"MAYOR DRUMMOND","zona_":"COMERCIAL MIXTA 1","codigo":"ZCM1","lote_min":"200","lado_min":"10","fos":"90","retiro_fro":"0","retiro_lat":"0","retiro_pos":"0","alt_max":"0","ordenanza":"14106-2021","sup_m2":161.124}},{"type":"Feature","id":"Zonas.78","geometry":{"type":"MultiPolygon","coordinates":[[[[-69.00822081,-33.05396547],[-69.00519366,-33.0763024],[-68.98565287,-33.07495227],[-68.96965334,-33.07389955],[-68.96782298,-33.07368121],[-68.96597095,-33.07361013],[-68.96117648,-33.07316805],[-68.96043494,-33.07312629],[-68.95778879,-33.07297725],[-68.95471092,-33.07286065],[-68.95009115,-33.07197076],[-68.94519922,-33.07108628],[-68.94265904,-33.07062344],[-68.94219546,-33.07053572],[-68.94113407,-33.07033489],[-68.94208161,-33.07771556],[-68.94243305,-33.08075052],[-68.94273894,-33.082835],[-68.9430153,-33.08498541],[-68.94301601,-33.08499092],[-68.95107564,-33.08608082],[-68.9604976,-33.08745128],[-68.96222109,-33.0874263],[-68.96303363,-33.08739397],[-68.96375813,-33.08720208],[-68.96409828,-33.08703518],[-68.96495981,-33.08669009],[-68.96564089,-33.08624026],[-68.96631177,-33.0857231],[-68.96634992,-33.08576509],[-69.02648796,-33.07463159],[-69.02315971,-33.04454719],[-69.02164698,-33.04424407],[-69.0178284,-33.04395766],[-69.01308083,-33.04414441],[-69.01060193,-33.04438737],[-69.00405602,-33.0449346],[-69.00065965,-33.04677102],[-69.00061439,-33.04679549],[-69.0022512,-33.04833852],[-69.0028083,-33.04886368],[-69.00822081,-33.05396547]]]]},"geometry_name":"the_geom","properties":{"fid":78,"id":82,"distrito_":"INDUSTRIAL","zona_":"INDUSTRIAL PERIFERICA","codigo":"ZIP","lote_min":"1500","lado_min":"25","fos":"0","retiro_fro":"15-5","retiro_lat":"3","retiro_pos":"3","alt_max":"10","ordenanza":"14106-2021","sup_m2":1.27675E7}},{"type":"Feature","id":"Zonas.79","geometry":{"type":"MultiPolygon","coordinates":[[[[-68.87799571,-33.1304465],[-68.87800574,-33.12319655],[-68.87800421,-33.1111997],[-68.86707819,-33.11249465],[-68.86538316,-33.11274243],[-68.84774766,-33.1125716],[-68.84744494,-33.1125568],[-68.84714284,-33.11253478],[-68.84684161,-33.11250559],[-68.84673886,-33.11249396],[-68.84497873,-33.11228747],[-68.84478135,-33.11226274],[-68.84448256,-33.11221924],[-68.84418535,-33.11216864],[-68.84396982,-33.1121273],[-68.84271908,-33.11187596],[-68.84263923,-33.11185964],[-68.84256146,-33.11184322],[-68.83741955,-33.11074021],[-68.83382504,-33.109969],[-68.83265566,-33.10989516],[-68.80922727,-33.11272239],[-68.80624241,-33.11232346],[-68.79977088,-33.11028882],[-68.79736845,-33.10953339],[-68.77471002,-33.1023856],[-68.75117392,-33.09608907],[-68.74333684,-33.08857638],[-68.73899433,-33.091078],[-68.73585424,-33.09423372],[-68.73365239,-33.09765489],[-68.73020442,-33.09896512],[-68.72925464,-33.10238891],[-68.72380666,-33.10576493],[-68.71765551,-33.10684314],[-68.71357814,-33.10894205],[-68.70385268,-33.11445338],[-68.70127387,-33.11604124],[-68.7309526,-33.21244592],[-68.72532106,-33.29487099],[-68.73148188,-33.29507629],[-68.73540312,-33.29759224],[-68.73539914,-33.29891199],[-68.7364941,-33.30063001],[-68.73648695,-33.30300556],[-68.73758159,-33.30485554],[-68.73694075,-33.31083887],[-68.73693529,-33.31088985],[-68.75722529,-33.29840144],[-68.7592958,-33.30069197],[-68.76175118,-33.30982606],[-68.76179696,-33.3100301],[-68.76130278,-33.31100053],[-68.76085611,-33.3118518],[-68.75981605,-33.31340608],[-68.76009724,-33.31432972],[-68.76011128,-33.314346],[-68.76009693,-33.31444423],[-68.76057285,-33.31496043],[-68.76104863,-33.31553388],[-68.76118947,-33.31563966],[-68.76130784,-33.31572856],[-68.76135722,-33.31580673],[-68.76310288,-33.31688051],[-68.76313811,-33.31685439],[-68.76508516,-33.31541032],[-68.77184183,-33.31039849],[-68.77195049,-33.31031789],[-68.77231341,-33.30990711],[-68.78576877,-33.29452615],[-68.78632832,-33.29335833],[-68.78645256,-33.29309903],[-68.78709982,-33.29174808],[-68.78723609,-33.29127029],[-68.7882031,-33.28454743],[-68.7888752,-33.28339158],[-68.79003168,-33.28140267],[-68.79107318,-33.2796114],[-68.79136552,-33.27856333],[-68.79176141,-33.27686627],[-68.79192276,-33.27631096],[-68.79366651,-33.26971936],[-68.79554344,-33.26301478],[-68.79680184,-33.25906834],[-68.79773125,-33.25573453],[-68.79782597,-33.25496294],[-68.79842918,-33.25295693],[-68.79930338,-33.25004959],[-68.79988719,-33.24809637],[-68.80036102,-33.2466828],[-68.80096491,-33.24585682],[-68.80099688,-33.2458131],[-68.80177087,-33.24482],[-68.80179383,-33.24480363],[-68.80181293,-33.24477832],[-68.80312303,-33.24385583],[-68.80474177,-33.24270153],[-68.80657319,-33.24142628],[-68.81972382,-33.23216367],[-68.82395737,-33.22799813],[-68.8306462,-33.22343586],[-68.83366017,-33.22227365],[-68.83615829,-33.22119817],[-68.83952539,-33.21982233],[-68.84192433,-33.21908639],[-68.84280528,-33.21874659],[-68.84482618,-33.21853259],[-68.84634862,-33.21830231],[-68.85056607,-33.21781671],[-68.85373999,-33.2175274],[-68.85456494,-33.21736931],[-68.85521338,-33.21724448],[-68.85562554,-33.21716467],[-68.85847992,-33.21650023],[-68.86127559,-33.21581518],[-68.86528832,-33.21435666],[-68.86573057,-33.21414201],[-68.86580203,-33.21411517],[-68.86694336,-33.21355334],[-68.86831416,-33.21287852],[-68.87015636,-33.21197161],[-68.87057192,-33.21170819],[-68.8705895,-33.21169907],[-68.87092142,-33.21146213],[-68.87203282,-33.21064004],[-68.87320554,-33.20974342],[-68.87399284,-33.20919019],[-68.87483145,-33.20856983],[-68.87606193,-33.20760065],[-68.87896697,-33.20546251],[-68.87814823,-33.20215722],[-68.8768237,-33.19969434],[-68.87363632,-33.19376695],[-68.87416472,-33.17731229],[-68.87515825,-33.15013146],[-68.8752779,-33.14659766],[-68.8777066,-33.13538821],[-68.87779084,-33.1336533],[-68.87799571,-33.1304465]]]]},"geometry_name":"the_geom","properties":{"fid":79,"id":76,"distrito_":"CARRIZAL","zona_":"RURAL NO IRRIGADA","codigo":"ZRURNI","lote_min":"5000","lado_min":"30","fos":"10","retiro_fro":"10","retiro_lat":"10","retiro_pos":"10","alt_max":"8","ordenanza":"14106-2021","sup_m2":2.4926E8}},{"type":"Feature","id":"Zonas.80","geometry":{"type":"MultiPolygon","coordinates":[[[[-68.8674119,-33.08917265],[-68.86647294,-33.08789294],[-68.86578309,-33.08680434],[-68.86534574,-33.0855508],[-68.86580645,-33.08542009],[-68.86482409,-33.08383555],[-68.86416804,-33.08291874],[-68.86364885,-33.0814677],[-68.86468069,-33.08124934],[-68.86343547,-33.08017921],[-68.86201977,-33.07852141],[-68.86194201,-33.07841396],[-68.86173742,-33.077871],[-68.861548,-33.07668452],[-68.86171812,-33.07661791],[-68.86067712,-33.07549072],[-68.86013394,-33.07494141],[-68.85999748,-33.07522277],[-68.85905778,-33.07456327],[-68.85823629,-33.07382352],[-68.85713248,-33.07361635],[-68.85648688,-33.07333888],[-68.85585273,-33.07299461],[-68.85532022,-33.07287948],[-68.85476473,-33.07295518],[-68.85423171,-33.07314541],[-68.85383532,-33.07296363],[-68.85261785,-33.07239441],[-68.85228398,-33.07210774],[-68.8518535,-33.0719784],[-68.85098151,-33.07154794],[-68.85072135,-33.07124227],[-68.85045965,-33.07097619],[-68.84952104,-33.07060624],[-68.84839409,-33.07016591],[-68.8453863,-33.06941312],[-68.84534162,-33.0690409],[-68.84464923,-33.06881207],[-68.84451463,-33.06824777],[-68.84443237,-33.06773169],[-68.84379148,-33.06758849],[-68.84304542,-33.06739884],[-68.84230313,-33.06726992],[-68.84137847,-33.06703197],[-68.84047192,-33.06696401],[-68.83992803,-33.06690606],[-68.83948621,-33.06681007],[-68.83906707,-33.06670456],[-68.83809041,-33.06644357],[-68.83637851,-33.06598562],[-68.83581361,-33.06582047],[-68.83532405,-33.06566984],[-68.8347523,-33.06550468],[-68.83432093,-33.0653772],[-68.83403673,-33.06531625],[-68.83377986,-33.06529572],[-68.83349904,-33.06526362],[-68.83334001,-33.0652303],[-68.83283644,-33.06515453],[-68.83126444,-33.06490908],[-68.83064758,-33.06389085],[-68.82969691,-33.0632168],[-68.82785217,-33.06276662],[-68.82440963,-33.06286917],[-68.82063173,-33.06309372],[-68.81994221,-33.06309827],[-68.8199216,-33.06309745],[-68.81378235,-33.06319339],[-68.81238113,-33.06261873],[-68.81051223,-33.06215071],[-68.80537248,-33.06103346],[-68.80270279,-33.05922077],[-68.79913105,-33.0585544],[-68.79363632,-33.05797984],[-68.79034738,-33.05645505],[-68.78838315,-33.05706945],[-68.78553408,-33.05785185],[-68.78265552,-33.05918294],[-68.77984159,-33.06153585],[-68.77262152,-33.06475986],[-68.7675344,-33.06701632],[-68.76625468,-33.06880317],[-68.76442649,-33.06905023],[-68.76319215,-33.0697278],[-68.76306264,-33.07047904],[-68.76318861,-33.07105183],[-68.76239489,-33.07185958],[-68.76433807,-33.07659989],[-68.76441658,-33.07679887],[-68.76450468,-33.07704304],[-68.76458455,-33.0772892],[-68.7646561,-33.07753718],[-68.7647193,-33.07778675],[-68.76477408,-33.07803774],[-68.76479678,-33.07815544],[-68.76531901,-33.08098115],[-68.7819228,-33.08539169],[-68.78214658,-33.0854534],[-68.78243219,-33.08553891],[-68.78247173,-33.08555136],[-68.7849099,-33.08632342],[-68.81065723,-33.09454208],[-68.83091471,-33.09188273],[-68.83121598,-33.09185431],[-68.83151808,-33.09183308],[-68.83182078,-33.09181905],[-68.83212383,-33.09181223],[-68.83242699,-33.09181264],[-68.83273001,-33.09182027],[-68.83303265,-33.09183511],[-68.83305982,-33.0918368],[-68.83636352,-33.09204541],[-68.83663838,-33.09206576],[-68.83693954,-33.09209498],[-68.8372396,-33.09213137],[-68.83753832,-33.09217488],[-68.83783546,-33.0922255],[-68.83813077,-33.09228317],[-68.83820852,-33.09229959],[-68.84777396,-33.09435168],[-68.84844572,-33.09448667],[-68.8490575,-33.09455844],[-68.858081,-33.09469598],[-68.86342571,-33.09472505],[-68.86831009,-33.09403953],[-68.8674119,-33.08917265]]]]},"geometry_name":"the_geom","properties":{"fid":80,"id":77,"distrito_":"PERDRIEL","zona_":"RURAL NO IRRIGADA","codigo":"ZRURNI","lote_min":"5000","lado_min":"30","fos":"10","retiro_fro":"10","retiro_lat":"10","retiro_pos":"10","alt_max":"8","ordenanza":"14106-2021","sup_m2":2.73271E7}},{"type":"Feature","id":"Zonas.81","geometry":{"type":"MultiPolygon","coordinates":[[[[-68.89623575,-33.08428044],[-68.89616177,-33.08429123],[-68.89607671,-33.08430365],[-68.89564079,-33.08436727],[-68.88991525,-33.08493155],[-68.88756377,-33.08516323],[-68.88752043,-33.0851675],[-68.88829223,-33.09434567],[-68.89120519,-33.09423898],[-68.89137193,-33.09627565],[-68.89172886,-33.10048813],[-68.88879733,-33.10070839],[-68.88989746,-33.11428062],[-68.89319764,-33.11360696],[-68.89334905,-33.11477555],[-68.88998807,-33.11542906],[-68.8901956,-33.11801033],[-68.8909944,-33.12794445],[-68.89100224,-33.12795077],[-68.8920201,-33.1287705],[-68.89289769,-33.12947078],[-68.89508141,-33.12953786],[-68.89984704,-33.12966955],[-68.90010433,-33.13222899],[-68.90046112,-33.13564497],[-68.89828546,-33.13399106],[-68.88686196,-33.13198594],[-68.88102869,-33.13096161],[-68.88102235,-33.13096049],[-68.88102661,-33.13158275],[-68.88101377,-33.13540117],[-68.88101309,-33.13560249],[-68.87993227,-33.14023958],[-68.87953594,-33.14214926],[-68.87949512,-33.14235894],[-68.87943921,-33.14261534],[-68.87897561,-33.14484898],[-68.87889454,-33.1452396],[-68.87687438,-33.19309664],[-68.87687972,-33.19310739],[-68.87687419,-33.19323818],[-68.87884574,-33.19706106],[-68.87946146,-33.19825486],[-68.88416439,-33.1983695],[-68.88966295,-33.1986478],[-68.88983314,-33.19869864],[-68.89039332,-33.19888769],[-68.89864219,-33.19710267],[-68.89881728,-33.19976749],[-68.92224169,-33.19415664],[-68.94301354,-33.19377897],[-68.94316828,-33.19381255],[-68.94337292,-33.19380865],[-68.95074852,-33.19545711],[-68.98652134,-33.20314369],[-68.97996798,-33.17071151],[-68.97659034,-33.15398623],[-68.97261736,-33.14103178],[-68.9707777,-33.12490266],[-68.96783491,-33.09908955],[-68.96685331,-33.09110079],[-68.96692325,-33.09108967],[-68.96692321,-33.09108937],[-68.96651053,-33.0874676],[-68.96631177,-33.0857231],[-68.96564089,-33.08624026],[-68.96495981,-33.08669009],[-68.96409828,-33.08703518],[-68.96375813,-33.08720208],[-68.96303363,-33.08739397],[-68.96222109,-33.0874263],[-68.9604976,-33.08745128],[-68.95107564,-33.08608082],[-68.94079796,-33.08469087],[-68.93083716,-33.08349794],[-68.93086194,-33.08349758],[-68.93085818,-33.08347417],[-68.93083042,-33.0834751],[-68.92678526,-33.08355742],[-68.92313117,-33.08361094],[-68.92311906,-33.08361151],[-68.91446288,-33.08402183],[-68.91433231,-33.08402618],[-68.89955553,-33.08317038],[-68.89623575,-33.08428044]],[[-68.93027301,-33.13260811],[-68.93098798,-33.13970278],[-68.91816707,-33.13750441],[-68.91794792,-33.13366768],[-68.91794621,-33.13363801],[-68.93027301,-33.13260811]]]]},"geometry_name":"the_geom","properties":{"fid":81,"id":78,"distrito_":"AGRELO","zona_":"RESERVA VITIVINICOLA","codigo":"ZRVIT","lote_min":"5000","lado_min":"0","fos":"35","retiro_fro":"0","retiro_lat":"0","retiro_pos":"0","alt_max":"0","ordenanza":"14106-2021","sup_m2":1.0513E8}},{"type":"Feature","id":"Zonas.82","geometry":{"type":"MultiPolygon","coordinates":[[[[-68.91793982,-33.13364652],[-68.9181574,-33.1375114],[-68.93098798,-33.13970278],[-68.93026981,-33.13260657],[-68.91793982,-33.13364652]]]]},"geometry_name":"the_geom","properties":{"fid":82,"id":79,"distrito_":"AGRELO","zona_":"EDUCACION Y DESARROLLO","codigo":"ZED","lote_min":"0","lado_min":"0","fos":"10","retiro_fro":"5","retiro_lat":"5","retiro_pos":"5","alt_max":"12","ordenanza":"14106-2021","sup_m2":710725}},{"type":"Feature","id":"Zonas.83","geometry":{"type":"MultiPolygon","coordinates":[[[[-68.67871417,-33.2536711],[-68.68210843,-33.26117846],[-68.68992282,-33.26763925],[-68.70015083,-33.26623299],[-68.70640709,-33.28056137],[-68.70401699,-33.28184391],[-68.70452244,-33.28356272],[-68.71238369,-33.28770562],[-68.71523033,-33.2923189],[-68.72203814,-33.29534013],[-68.72532106,-33.29487099],[-68.7309526,-33.21244592],[-68.70144047,-33.11607846],[-68.68911909,-33.11889744],[-68.67878672,-33.11834418],[-68.66940285,-33.11542086],[-68.66127012,-33.11302728],[-68.6531337,-33.11168727],[-68.64438401,-33.10718267],[-68.6390696,-33.10584079],[-68.61904884,-33.10078318],[-68.62709977,-33.1265033],[-68.63032738,-33.13419305],[-68.63748302,-33.138237],[-68.64141842,-33.14370954],[-68.64369829,-33.14687953],[-68.64283652,-33.14959666],[-68.64333772,-33.15188829],[-68.64459656,-33.1528863],[-68.64417176,-33.15604165],[-68.64568888,-33.15962439],[-68.6470457,-33.16077334],[-68.64873035,-33.1650722],[-68.65261245,-33.17324187],[-68.65394706,-33.18011614],[-68.6554252,-33.19386131],[-68.65779077,-33.19844819],[-68.65929917,-33.20449405],[-68.65995866,-33.21019126],[-68.66459587,-33.21652287],[-68.66707816,-33.21865551],[-68.67509831,-33.2308588],[-68.68370608,-33.24910419],[-68.67871417,-33.2536711]]]]},"geometry_name":"the_geom","properties":{"fid":83,"id":80,"distrito_":"CARRIZAL","zona_":"RURAL 1","codigo":"ZRUR1","lote_min":"5000","lado_min":"0","fos":"0","retiro_fro":"0","retiro_lat":"0","retiro_pos":"0","alt_max":"0","ordenanza":"14106-2021","sup_m2":1.08444E8}},{"type":"Feature","id":"Zonas.88","geometry":{"type":"MultiPolygon","coordinates":[[[[-68.85644803,-33.00303739],[-68.85654062,-33.00304343],[-68.85704652,-33.00294295],[-68.85655367,-33.00131187],[-68.85633856,-33.00059992],[-68.85632886,-33.00056782],[-68.85622343,-33.00021889],[-68.85609511,-32.99982547],[-68.85609742,-32.99980185],[-68.85602525,-32.99956297],[-68.85596691,-32.99936988],[-68.85575916,-32.99868228],[-68.85572602,-32.99857259],[-68.85560528,-32.99817296],[-68.85556834,-32.9980507],[-68.85531783,-32.99722154],[-68.85497992,-32.99610309],[-68.85372237,-32.99169126],[-68.85365024,-32.99170801],[-68.85332529,-32.99178347],[-68.85322784,-32.99180611],[-68.85306633,-32.99184216],[-68.85278353,-32.99193845],[-68.85273153,-32.99203579],[-68.85272455,-32.99218564],[-68.85272429,-32.99242348],[-68.85303938,-32.99348167],[-68.85315214,-32.99388236],[-68.85320443,-32.99406817],[-68.85324646,-32.99421751],[-68.85328495,-32.99435426],[-68.85334929,-32.99457968],[-68.85335652,-32.99460496],[-68.85336047,-32.99461875],[-68.85339348,-32.9947341],[-68.85346311,-32.99497746],[-68.85346628,-32.99498853],[-68.85348054,-32.99503837],[-68.85350557,-32.99512584],[-68.85366254,-32.99543596],[-68.8538218,-32.99572398],[-68.8540086,-32.99605115],[-68.85410563,-32.99631298],[-68.85423354,-32.99676801],[-68.85435424,-32.99719738],[-68.85443239,-32.99739579],[-68.8544895,-32.99791042],[-68.85474975,-32.99892657],[-68.85484596,-32.99932879],[-68.85494864,-33.0001694],[-68.85509941,-33.00070397],[-68.85514483,-33.000865],[-68.85554771,-33.00243762],[-68.85558342,-33.00250985],[-68.85562623,-33.00257928],[-68.85567585,-33.00264542],[-68.85573192,-33.00270779],[-68.85579403,-33.00276596],[-68.85586175,-33.00281949],[-68.8559346,-33.00286802],[-68.85601205,-33.00291119],[-68.85609354,-33.0029487],[-68.8561785,-33.00298028],[-68.85626633,-33.0030057],[-68.85635638,-33.00302478],[-68.85644803,-33.00303739]]]]},"geometry_name":"the_geom","properties":{"fid":88,"id":83,"distrito_":"MAYOR DRUMMOND","zona_":"RESIDENCIAL MIXTA 1","codigo":"ZRM1","lote_min":"200","lado_min":"10","fos":"75","retiro_fro":"0","retiro_lat":"0","retiro_pos":"0","alt_max":"0","ordenanza":"14106-2021","sup_m2":132954}},{"type":"Feature","id":"Zonas.89","geometry":{"type":"MultiPolygon","coordinates":[[[[-69.02889113,-33.04091229],[-69.02881,-33.0409257],[-69.02876468,-33.04092667],[-69.02870521,-33.04092646],[-69.02862023,-33.04092336],[-69.02852934,-33.04090781],[-69.02840896,-33.04088567],[-69.02790305,-33.04079018],[-69.02768638,-33.04076132],[-69.0258045,-33.04015519],[-69.02400401,-33.03951492],[-69.02334004,-33.03938033],[-69.02314176,-33.03934459],[-69.02270183,-33.03928006],[-69.02219269,-33.03931913],[-69.02196341,-33.03935748],[-69.02121286,-33.03949532],[-69.0210458,-33.03954774],[-69.02023676,-33.03964659],[-69.02003168,-33.03966031],[-69.01882486,-33.03956301],[-69.01861106,-33.03951827],[-69.01775867,-33.03935605],[-69.01623106,-33.03927919],[-69.01195455,-33.03910278],[-69.01166798,-33.03914836],[-69.01120751,-33.03923406],[-69.01099056,-33.03935818],[-69.01069163,-33.03943803],[-69.01039503,-33.03954595],[-69.01018253,-33.03958144],[-69.00924864,-33.03975195],[-68.99897995,-33.03989436],[-68.99375945,-33.0390519],[-68.99336858,-33.03898508],[-68.99057014,-33.03892765],[-68.9900454,-33.03887367],[-68.9898146,-33.04079637],[-68.98961331,-33.04240191],[-68.98942109,-33.04473278],[-68.99204989,-33.04438267],[-68.99321091,-33.04435803],[-68.99326481,-33.0443762],[-68.99496438,-33.04434049],[-68.99700388,-33.04362485],[-69.00065791,-33.04323125],[-69.00180462,-33.04291683],[-69.00182559,-33.04290962],[-69.0018274,-33.04291472],[-69.00182973,-33.04290364],[-69.00215924,-33.0427306],[-69.00291906,-33.04263831],[-69.00726988,-33.04286716],[-69.00912738,-33.04260797],[-69.01059863,-33.04215724],[-69.01106677,-33.04210087],[-69.01171324,-33.04202571],[-69.01244888,-33.04196931],[-69.01293932,-33.04200681],[-69.01396476,-33.04196915],[-69.01452207,-33.04196909],[-69.01536918,-33.04195021],[-69.01570356,-33.04191262],[-69.01704108,-33.04179979],[-69.01777669,-33.04161193],[-69.01851232,-33.04153672],[-69.01898055,-33.04135646],[-69.01926137,-33.04151539],[-69.01987547,-33.04178172],[-69.02043282,-33.04202343],[-69.02113426,-33.04234001],[-69.02162854,-33.04253043],[-69.02166464,-33.04254496],[-69.02249914,-33.04261343],[-69.02329478,-33.04265989],[-69.0256669,-33.04245102],[-69.02692158,-33.04263639],[-69.02755607,-33.04272444],[-69.02861288,-33.04285595],[-69.02936348,-33.04276035],[-69.03011407,-33.04266474],[-69.03107717,-33.04275993],[-69.03178527,-33.04262854],[-69.03249336,-33.04249715],[-69.03305981,-33.04234193],[-69.03362626,-33.04218671],[-69.03383305,-33.04222821],[-69.0361191,-33.042687],[-69.03696297,-33.04337661],[-69.03704233,-33.04342479],[-69.03906872,-33.04465487],[-69.04013399,-33.04511747],[-69.04133248,-33.04527829],[-69.04319309,-33.04548883],[-69.04361508,-33.04552469],[-69.04396405,-33.04555435],[-69.04464398,-33.04539203],[-69.04541591,-33.04520004],[-69.0469516,-33.04495985],[-69.04702133,-33.0449373],[-69.04829546,-33.0454912],[-69.0487166,-33.04590243],[-69.04942148,-33.04659074],[-69.04965,-33.04679806],[-69.04987407,-33.04700134],[-69.05035454,-33.04742024],[-69.05084064,-33.04780894],[-69.05132675,-33.04819763],[-69.05288724,-33.04867949],[-69.05429801,-33.04910017],[-69.05696757,-33.05000195],[-69.05864233,-33.04935834],[-69.06048387,-33.04971531],[-69.0620708,-33.05052566],[-69.06411014,-33.05014292],[-69.06636544,-33.04988418],[-69.06745254,-33.04975945],[-69.06769058,-33.04982598],[-69.07006351,-33.05054141],[-69.07089567,-33.05037576],[-69.07225324,-33.05025845],[-69.074387,-33.0503554],[-69.07669197,-33.05048341],[-69.07976393,-33.05042489],[-69.08171127,-33.05030768],[-69.08564917,-33.05167437],[-69.08635591,-33.05179454],[-69.08677763,-33.05173533],[-69.08717176,-33.05168],[-69.08769891,-33.05156422],[-69.09127529,-33.04883604],[-69.09099145,-33.04873034],[-69.09061102,-33.04857612],[-69.08812498,-33.04756827],[-69.08775663,-33.04741555],[-69.08730205,-33.04728029],[-69.08423232,-33.0463616],[-69.08351129,-33.04614381],[-69.08325687,-33.04606385],[-69.08029142,-33.04567568],[-69.07884591,-33.045487],[-69.07812003,-33.04538448],[-69.07666134,-33.04541941],[-69.07474156,-33.04545809],[-69.06924999,-33.0455227],[-69.06545032,-33.04566367],[-69.06446473,-33.0457052],[-69.06367727,-33.04572942],[-69.05857857,-33.04585095],[-69.05838637,-33.04585552],[-69.05810034,-33.04571638],[-69.05374848,-33.0435993],[-69.05231802,-33.04290336],[-69.05208491,-33.04279908],[-69.04981224,-33.04211431],[-69.04967165,-33.04207946],[-69.04934583,-33.04188757],[-69.04914394,-33.04177478],[-69.04608276,-33.04098844],[-69.04572704,-33.04089948],[-69.04424789,-33.04072161],[-69.04236824,-33.04049555],[-69.04205596,-33.04046151],[-69.04124542,-33.04004224],[-69.04092837,-33.03988932],[-69.04063686,-33.03968144],[-69.04008756,-33.0393725],[-69.03976403,-33.03920634],[-69.03943811,-33.03903096],[-69.03893473,-33.03877685],[-69.03868569,-33.03864788],[-69.03850865,-33.03861755],[-69.03796928,-33.03854175],[-69.03702043,-33.03855397],[-69.03630515,-33.03858759],[-69.0357995,-33.03868641],[-69.03567543,-33.03871066],[-69.03547684,-33.03876913],[-69.0352823,-33.03882029],[-69.03511944,-33.03888216],[-69.03272977,-33.03980765],[-69.03022108,-33.04076336],[-69.02889113,-33.04091229]]]]},"geometry_name":"the_geom","properties":{"fid":89,"id":84,"distrito_":"LAS COMPUERTAS","zona_":"RESERVA AMBIENTAL 5","codigo":"ZRA5","lote_min":"2000","lado_min":"22","fos":"30","retiro_fro":"6","retiro_lat":"3","retiro_pos":"3","alt_max":"8","ordenanza":"14106-2021","sup_m2":4134700}},{"type":"Feature","id":"Zonas.90","geometry":{"type":"MultiPolygon","coordinates":[[[[-70.04324371,-32.81556176],[-70.04109117,-32.81685043],[-70.03988354,-32.81767645],[-70.03861312,-32.81861569],[-70.03753821,-32.81915206],[-70.03505468,-32.82068737],[-70.03256904,-32.82204683],[-70.02994791,-32.82347047],[-70.02705106,-32.82483772],[-70.02392939,-32.82523297],[-70.021933,-32.82434764],[-70.02013751,-32.82328483],[-70.01714733,-32.82350302],[-70.0144942,-32.82354709],[-70.01167588,-32.82244285],[-70.00905457,-32.82104843],[-70.00894971,-32.82104311],[-70.0087043,-32.82112139],[-70.00605423,-32.8211122],[-70.00477819,-32.82083147],[-70.00475944,-32.82083052],[-70.00219274,-32.82167159],[-69.99956461,-32.82275203],[-69.9961169,-32.82383894],[-69.99266263,-32.82458319],[-69.99048123,-32.8245599],[-69.98735418,-32.82472436],[-69.98370405,-32.82587564],[-69.98126404,-32.82637267],[-69.97826454,-32.82624738],[-69.97574225,-32.82605968],[-69.97355436,-32.82568901],[-69.97286461,-32.82535626],[-69.96903615,-32.82461054],[-69.96633353,-32.82551505],[-69.96403866,-32.82635775],[-69.96076815,-32.82635134],[-69.95871975,-32.82603795],[-69.95605292,-32.82556244],[-69.95400518,-32.82530757],[-69.95204343,-32.82585448],[-69.95036027,-32.82674186],[-69.94683424,-32.82731408],[-69.94363819,-32.82753658],[-69.94090974,-32.82729114],[-69.93898469,-32.82651665],[-69.93686248,-32.82603214],[-69.93379239,-32.82578909],[-69.93099344,-32.82543125],[-69.92834133,-32.82558619],[-69.92692845,-32.82629995],[-69.92448808,-32.82679587],[-69.92250087,-32.8261929],[-69.91966245,-32.82525916],[-69.91913665,-32.82533717],[-69.9186865,-32.82540396],[-69.91824923,-32.82522737],[-69.91751104,-32.82540908],[-69.91710017,-32.82553074],[-69.91714392,-32.83212661],[-69.9195974,-32.83588855],[-69.92271047,-32.83790863],[-69.92287127,-32.83970787],[-69.92545688,-32.84344983],[-69.92372449,-32.84925361],[-69.92392706,-32.85151959],[-69.91920238,-32.8497384],[-69.91732704,-32.85043316],[-69.91668161,-32.85304838],[-69.91250295,-32.85205743],[-69.90794875,-32.85379305],[-69.90495261,-32.85006927],[-69.90627293,-32.84767622],[-69.90663589,-32.8437011],[-69.9040759,-32.84311503],[-69.90234803,-32.84073046],[-69.89994756,-32.83921365],[-69.90049507,-32.8371962],[-69.89978949,-32.83480423],[-69.89749989,-32.83299892],[-69.89563959,-32.82869758],[-69.89562123,-32.82686905],[-69.89519501,-32.8266409],[-69.89445369,-32.82673405],[-69.89428026,-32.82687243],[-69.89397531,-32.82687461],[-69.89390729,-32.82682704],[-69.89389292,-32.82681699],[-69.89311015,-32.82733026],[-69.89115789,-32.82833599],[-69.8887068,-32.82831735],[-69.88775932,-32.82861712],[-69.88655711,-32.82961295],[-69.88480151,-32.83027005],[-69.88317215,-32.8304664],[-69.88174568,-32.83066129],[-69.87943121,-32.83069561],[-69.87801837,-32.83146292],[-69.87654485,-32.83257777],[-69.87290707,-32.83435692],[-69.87025515,-32.83456924],[-69.86759716,-32.83443441],[-69.86494355,-32.83447532],[-69.86378982,-32.83472223],[-69.86276137,-32.83502858],[-69.86155876,-32.8353868],[-69.85810338,-32.83618596],[-69.85606704,-32.83656057],[-69.85411846,-32.83773702],[-69.85148851,-32.83886848],[-69.84780415,-32.83863653],[-69.84633012,-32.83975103],[-69.84485979,-32.8409782],[-69.8428319,-32.84169967],[-69.84146486,-32.84142936],[-69.83968989,-32.84122489],[-69.83806132,-32.84153786],[-69.83712585,-32.842297],[-69.83566182,-32.84392977],[-69.83345013,-32.84557201],[-69.83150578,-32.84653957],[-69.83143002,-32.84657727],[-69.82959923,-32.8467802],[-69.82905048,-32.84684101],[-69.8270928,-32.84767448],[-69.82582877,-32.84901728],[-69.82339568,-32.84985382],[-69.82182353,-32.84964776],[-69.81965852,-32.85031115],[-69.81737537,-32.85178226],[-69.81474979,-32.85319696],[-69.81224763,-32.85409685],[-69.81062241,-32.85452215],[-69.80785573,-32.8557122],[-69.80603753,-32.85665714],[-69.80368456,-32.85812846],[-69.80078673,-32.85960772],[-69.7982874,-32.86056142],[-69.79483465,-32.86153014],[-69.79380451,-32.86156738],[-69.79127885,-32.85974356],[-69.79120638,-32.85974606],[-69.79082216,-32.85975936],[-69.78891652,-32.86040995],[-69.7881135,-32.86116561],[-69.78596233,-32.8625795],[-69.78324923,-32.86307936],[-69.78218533,-32.86327535],[-69.77947691,-32.86473743],[-69.77661946,-32.86586429],[-69.77617207,-32.86598826],[-69.77393119,-32.86660914],[-69.7732586,-32.86675496],[-69.77329212,-32.86791732],[-69.77334628,-32.8697955],[-69.77283064,-32.87084191],[-69.77219149,-32.87707152],[-69.77210486,-32.87880015],[-69.77152241,-32.88226556],[-69.77141586,-32.88330383],[-69.7711696,-32.88422974],[-69.77056361,-32.88958699],[-69.77052363,-32.89022921],[-69.77044021,-32.89067783],[-69.77019066,-32.89288375],[-69.76889892,-32.90016243],[-69.76878902,-32.90108563],[-69.76867579,-32.90189377],[-69.7682295,-32.90535645],[-69.76826596,-32.90662212],[-69.76817924,-32.90835074],[-69.7679627,-32.9103122],[-69.76732689,-32.9119366],[-69.76695732,-32.91332546],[-69.76701935,-32.91547958],[-69.76722257,-32.92253621],[-69.8730877,-32.87678329],[-70.05547171,-32.84945947],[-70.05866059,-32.84845598],[-70.05757461,-32.84685523],[-70.0570502,-32.84522123],[-70.05704334,-32.84520839],[-70.05702442,-32.84514089],[-70.05682981,-32.8445345],[-70.0568383,-32.84447684],[-70.05573695,-32.84054718],[-70.05718546,-32.83763411],[-70.05943075,-32.83289725],[-70.06401736,-32.82881718],[-70.06808356,-32.82672587],[-70.07342902,-32.82520006],[-70.07921445,-32.82382305],[-70.08428318,-32.82187903],[-70.08751592,-32.81887631],[-70.08859241,-32.81629228],[-70.08957721,-32.81454372],[-70.08292676,-32.81271503],[-70.08042757,-32.81251878],[-70.07952308,-32.81254919],[-70.07286493,-32.81409937],[-70.06821723,-32.81532637],[-70.06813519,-32.8153328],[-70.06811955,-32.81533403],[-70.06571276,-32.81549951],[-70.06490139,-32.81564726],[-70.05733008,-32.81567774],[-70.05315102,-32.81494847],[-70.0514049,-32.81264003],[-70.05084963,-32.81267331],[-70.05041353,-32.81278406],[-70.04908166,-32.81326275],[-70.04726272,-32.81369453],[-70.04723752,-32.81369621],[-70.04700786,-32.81376708],[-70.04501653,-32.814623],[-70.04324371,-32.81556176]]]]},"geometry_name":"the_geom","properties":{"fid":90,"id":85,"distrito_":"POTRERILLOS","zona_":"RURAL NO IRRIGADA","codigo":"ZRURNI","lote_min":"5000","lado_min":"30","fos":"10","retiro_fro":"10","retiro_lat":"10","retiro_pos":"10","alt_max":"8","ordenanza":"14106-2021","sup_m2":1.24518E8}},{"type":"Feature","id":"Zonas.92","geometry":{"type":"MultiPolygon","coordinates":[[[[-68.8937202,-33.06466226],[-68.89148165,-33.06471058],[-68.89249262,-33.0588874],[-68.88403726,-33.05904101],[-68.88567674,-33.06710905],[-68.89334587,-33.06711216],[-68.8935287,-33.0705763],[-68.89812772,-33.06994599],[-68.89825846,-33.07316266],[-68.89149052,-33.07397925],[-68.8918882,-33.07667963],[-68.88916171,-33.07702842],[-68.88927929,-33.07820393],[-68.88690787,-33.07854978],[-68.8875204,-33.08519136],[-68.89618731,-33.08430922],[-68.89955936,-33.08317997],[-68.91438401,-33.08404831],[-68.92312797,-33.08363553],[-68.92312312,-33.06985714],[-68.92245258,-33.06878074],[-68.92229526,-33.06851726],[-68.92232872,-33.06810707],[-68.92235257,-33.06778251],[-68.92235344,-33.06751867],[-68.92242107,-33.06721954],[-68.92253872,-33.0670221],[-68.92930218,-33.06506407],[-68.93179709,-33.05621883],[-68.90063701,-33.05251495],[-68.90051052,-33.05370746],[-68.89759443,-33.05367487],[-68.89696366,-33.0538348],[-68.8937202,-33.06466226]],[[-68.91563697,-33.07817967],[-68.91329557,-33.07846285],[-68.91300273,-33.07656824],[-68.91519098,-33.07623818],[-68.91563697,-33.07817967]]]]},"geometry_name":"the_geom","properties":{"fid":92,"id":111,"distrito_":"","zona_":"RURAL 2","codigo":"ZRUR2","lote_min":"2000","lado_min":"25","fos":"","retiro_fro":"","retiro_lat":"","retiro_pos":"","alt_max":"","ordenanza":"14106-2021","sup_m2":1.07353E7}},{"type":"Feature","id":"Zonas.93","geometry":{"type":"MultiPolygon","coordinates":[[[[-69.27680383,-32.94929446],[-69.27536149,-32.95008254],[-69.27397136,-32.95090911],[-69.27392811,-32.95136662],[-69.27333888,-32.952075],[-69.27298438,-32.95250118],[-69.27264221,-32.95260848],[-69.27215258,-32.95280841],[-69.27173596,-32.95295374],[-69.27147136,-32.95301633],[-69.27133407,-32.9530488],[-69.27133058,-32.95305067],[-69.271207,-32.95311673],[-69.27111107,-32.95318742],[-69.27104592,-32.95320283],[-69.27099204,-32.95323163],[-69.2709107,-32.95359162],[-69.2708728,-32.95375932],[-69.27086712,-32.95378447],[-69.27039288,-32.95409904],[-69.27036939,-32.95422266],[-69.27049862,-32.95505992],[-69.2702334,-32.95601491],[-69.26986601,-32.95687242],[-69.26971574,-32.9572279],[-69.26976436,-32.95740752],[-69.26991209,-32.9581191],[-69.26997251,-32.95837816],[-69.27010065,-32.95838985],[-69.27027195,-32.95840015],[-69.27044851,-32.95840556],[-69.2706306,-32.95840603],[-69.27081896,-32.95840155],[-69.27101425,-32.95839203],[-69.27121755,-32.95837738],[-69.27141709,-32.9583588],[-69.27162626,-32.95833538],[-69.27184683,-32.95830689],[-69.2720824,-32.95827282],[-69.27231594,-32.95823604],[-69.27257606,-32.95819237],[-69.27340008,-32.95804589],[-69.27353017,-32.95801947],[-69.27366043,-32.95798645],[-69.27379741,-32.9579452],[-69.27394467,-32.9578944],[-69.27407388,-32.95784526],[-69.27421866,-32.9577863],[-69.27471385,-32.9575719],[-69.27489894,-32.95749449],[-69.27490773,-32.95749095],[-69.27509258,-32.95741948],[-69.27510306,-32.95741568],[-69.2752698,-32.95735832],[-69.27528169,-32.95735446],[-69.27537293,-32.95732657],[-69.27538265,-32.95732375],[-69.27547146,-32.95729929],[-69.275482,-32.95729656],[-69.27556892,-32.95727538],[-69.27557933,-32.957273],[-69.27566561,-32.95725482],[-69.27567762,-32.9572525],[-69.27576189,-32.95723762],[-69.27577453,-32.95723561],[-69.27585782,-32.95722382],[-69.275871,-32.95722219],[-69.27595352,-32.95721346],[-69.27596664,-32.9572123],[-69.27605163,-32.95720641],[-69.27664612,-32.95717324],[-69.27716281,-32.95713821],[-69.27753954,-32.95710846],[-69.2787145,-32.95700991],[-69.27962033,-32.95694027],[-69.27962672,-32.95693985],[-69.27971761,-32.95693462],[-69.27972681,-32.9569342],[-69.27983703,-32.95693053],[-69.27984431,-32.95693036],[-69.28023942,-32.95692479],[-69.28037708,-32.95692136],[-69.28049472,-32.95691541],[-69.28058582,-32.9569068],[-69.28109429,-32.95684715],[-69.28123077,-32.95682851],[-69.28134222,-32.95681066],[-69.28144147,-32.95679127],[-69.28151664,-32.95677254],[-69.28153857,-32.95676579],[-69.28155515,-32.95675981],[-69.28156137,-32.95675714],[-69.28159373,-32.95673537],[-69.28164714,-32.95669267],[-69.28170868,-32.95663854],[-69.28187573,-32.95648572],[-69.28188429,-32.95647819],[-69.28196946,-32.95640607],[-69.28204327,-32.95634514],[-69.28215475,-32.95624431],[-69.28216488,-32.95623556],[-69.28221077,-32.95619763],[-69.28221617,-32.9561933],[-69.2822262,-32.95618569],[-69.28247637,-32.95599556],[-69.28383336,-32.95558692],[-69.28460113,-32.955526],[-69.28584117,-32.95517677],[-69.28598146,-32.95517469],[-69.28663967,-32.95516489],[-69.28668735,-32.95516913],[-69.286841,-32.95518017],[-69.28700533,-32.95518947],[-69.28717906,-32.95519701],[-69.28737245,-32.9552033],[-69.28816026,-32.95522032],[-69.28850368,-32.95523127],[-69.28869321,-32.95524023],[-69.28886787,-32.95525102],[-69.28887304,-32.95525139],[-69.28903427,-32.95526403],[-69.2890412,-32.95526464],[-69.28919581,-32.95527963],[-69.29011668,-32.95537521],[-69.29056897,-32.95542679],[-69.2907977,-32.95545621],[-69.29101124,-32.95548649],[-69.29121444,-32.95551831],[-69.29140634,-32.95555148],[-69.29141295,-32.95555269],[-69.29161108,-32.95559064],[-69.29161813,-32.95559206],[-69.29181004,-32.95563283],[-69.29181764,-32.95563452],[-69.29200414,-32.95567826],[-69.29201197,-32.95568019],[-69.2921942,-32.95572717],[-69.29220219,-32.95572933],[-69.29238115,-32.95577982],[-69.29238922,-32.9557822],[-69.29256531,-32.95583631],[-69.29257337,-32.9558389],[-69.29274714,-32.95589681],[-69.29275515,-32.95589958],[-69.29292334,-32.95596011],[-69.29299946,-32.95598562],[-69.29307514,-32.95600574],[-69.29315984,-32.95602315],[-69.29325638,-32.95603801],[-69.29334973,-32.95604861],[-69.29345813,-32.95605765],[-69.29388715,-32.95608122],[-69.29389353,-32.95608163],[-69.2940696,-32.95609504],[-69.29408179,-32.95609617],[-69.29417404,-32.95610622],[-69.29418535,-32.95610762],[-69.29425954,-32.95611798],[-69.2944139,-32.95615083],[-69.29519343,-32.95640335],[-69.29535701,-32.95646281],[-69.29550145,-32.95651169],[-69.2956241,-32.95654975],[-69.29575161,-32.95658424],[-69.29580298,-32.95659605],[-69.29585058,-32.95660547],[-69.2958922,-32.95661218],[-69.29592746,-32.95661639],[-69.29595597,-32.95661841],[-69.29598547,-32.95661883],[-69.29613099,-32.95661752],[-69.29613741,-32.95661751],[-69.29628996,-32.95661871],[-69.29629754,-32.95661885],[-69.29671795,-32.95663053],[-69.2968344,-32.9566323],[-69.29695609,-32.95663026],[-69.29706299,-32.95662339],[-69.29712987,-32.95661609],[-69.29719848,-32.95660603],[-69.29726908,-32.95659309],[-69.297343,-32.95657693],[-69.29742156,-32.95655715],[-69.29750545,-32.95653347],[-69.29759545,-32.95650557],[-69.29769808,-32.95647123],[-69.29777936,-32.95644531],[-69.2977949,-32.95644074],[-69.29788183,-32.95641726],[-69.29789426,-32.95641413],[-69.29799052,-32.95639171],[-69.29799654,-32.95639036],[-69.29827756,-32.95632998],[-69.29835528,-32.9563102],[-69.29842106,-32.95629061],[-69.2984783,-32.9562701],[-69.29853351,-32.95624624],[-69.29858792,-32.95621851],[-69.29864105,-32.95618705],[-69.29869244,-32.95615206],[-69.29874155,-32.95611381],[-69.2987879,-32.95607266],[-69.29883102,-32.95602897],[-69.29887047,-32.95598323],[-69.29890594,-32.95593583],[-69.29893713,-32.95588726],[-69.29896383,-32.95583796],[-69.2989859,-32.95578842],[-69.2990033,-32.95573899],[-69.29901603,-32.95569004],[-69.29902559,-32.95563333],[-69.29903467,-32.9555739],[-69.29903669,-32.95556266],[-69.29905012,-32.95549961],[-69.2990533,-32.95548654],[-69.29906993,-32.95542592],[-69.29907384,-32.9554131],[-69.29909404,-32.95535304],[-69.29909866,-32.95534046],[-69.29912251,-32.95528077],[-69.29912768,-32.95526882],[-69.2991548,-32.95521047],[-69.29916081,-32.95519839],[-69.29919126,-32.95514119],[-69.29919796,-32.95512937],[-69.29923163,-32.95507353],[-69.29923504,-32.95506803],[-69.29923903,-32.95506197],[-69.2992758,-32.95500767],[-69.29928389,-32.95499637],[-69.29932364,-32.95494382],[-69.29933245,-32.95493278],[-69.29937503,-32.95488216],[-69.29938378,-32.95487224],[-69.29942983,-32.95482288],[-69.29944011,-32.95481241],[-69.2994879,-32.95476616],[-69.29949894,-32.95475602],[-69.29954911,-32.95471218],[-69.29956092,-32.95470239],[-69.29961386,-32.95466068],[-69.2996259,-32.9546517],[-69.29968035,-32.95461311],[-69.2996932,-32.95460446],[-69.29974555,-32.95457106],[-69.29975732,-32.9545639],[-69.29981452,-32.95453072],[-69.29982013,-32.95452754],[-69.29982546,-32.95452465],[-69.29988705,-32.95449196],[-69.29989734,-32.95448672],[-69.29996282,-32.9544548],[-69.29997263,-32.95445021],[-69.30004144,-32.95441931],[-69.30005091,-32.95441522],[-69.30012248,-32.95438562],[-69.30013176,-32.95438193],[-69.30020665,-32.95435342],[-69.30021469,-32.9543505],[-69.30028999,-32.95432418],[-69.30029921,-32.9543211],[-69.30037506,-32.95429688],[-69.3003844,-32.95429404],[-69.30046071,-32.95427192],[-69.3004703,-32.95426928],[-69.30054655,-32.95424942],[-69.3005565,-32.95424698],[-69.30063478,-32.95422892],[-69.30064266,-32.95422724],[-69.30071737,-32.95421225],[-69.30072838,-32.95421021],[-69.30080177,-32.95419775],[-69.30081349,-32.95419595],[-69.30088522,-32.9541861],[-69.30089778,-32.95418459],[-69.30096756,-32.95417738],[-69.30097918,-32.95417636],[-69.3010321,-32.95417573],[-69.3011395,-32.95416403],[-69.30130633,-32.95414046],[-69.30146797,-32.9541113],[-69.3016245,-32.95407659],[-69.30177791,-32.95403586],[-69.30184997,-32.95401424],[-69.30192266,-32.9539907],[-69.30199415,-32.95396579],[-69.30206446,-32.95393952],[-69.3021336,-32.95391187],[-69.30219555,-32.95388543],[-69.30205646,-32.95392042],[-69.30000889,-32.95420651],[-69.29892807,-32.95389519],[-69.29881559,-32.95372786],[-69.29863592,-32.95381104],[-69.29753317,-32.95432158],[-69.29648382,-32.95478347],[-69.29646458,-32.95396308],[-69.29641872,-32.95334111],[-69.29638515,-32.95329136],[-69.29557487,-32.95317278],[-69.29518311,-32.95302709],[-69.29445924,-32.95294407],[-69.29390437,-32.95255154],[-69.29385772,-32.95253419],[-69.2912848,-32.95241972],[-69.29009448,-32.95262332],[-69.28771407,-32.9531108],[-69.28737249,-32.95313611],[-69.28699495,-32.953194],[-69.28577843,-32.95326836],[-69.28572364,-32.95325823],[-69.28547553,-32.9532766],[-69.28528034,-32.95317623],[-69.28475914,-32.95307983],[-69.2834952,-32.95225826],[-69.27925867,-32.95000587],[-69.27812294,-32.94959293],[-69.2777433,-32.94980267],[-69.27763226,-32.94986402],[-69.27762076,-32.94985611],[-69.27760247,-32.94986409],[-69.27728995,-32.94962868],[-69.27680383,-32.94929446]]]]},"geometry_name":"the_geom","properties":{"fid":93,"id":93,"distrito_":"POTRERILLOS","zona_":"RESIDENCIAL MIXTA 6","codigo":"ZRM6","lote_min":"500","lado_min":"15","fos":"45","retiro_fro":"3","retiro_lat":"1,5","retiro_pos":"1,5","alt_max":"8","ordenanza":"14106-2021","sup_m2":1298130}},{"type":"Feature","id":"Zonas.94","geometry":{"type":"MultiPolygon","coordinates":[[[[-69.91097767,-32.82849536],[-69.90894119,-32.82881673],[-69.90660791,-32.82804471],[-69.90565936,-32.8282319],[-69.90417124,-32.82865742],[-69.90233584,-32.82880141],[-69.90110172,-32.82847218],[-69.89999709,-32.82774528],[-69.89848076,-32.82696272],[-69.89697384,-32.82658131],[-69.89561857,-32.82660325],[-69.89563959,-32.82869758],[-69.89749989,-32.83299892],[-69.89978949,-32.83480423],[-69.90049507,-32.8371962],[-69.89994756,-32.83921365],[-69.90234803,-32.84073046],[-69.9040759,-32.84311503],[-69.90663589,-32.8437011],[-69.90627293,-32.84767622],[-69.90495261,-32.85006927],[-69.90794875,-32.85379305],[-69.91250295,-32.85205743],[-69.91668161,-32.85304838],[-69.91732704,-32.85043316],[-69.91920238,-32.8497384],[-69.92392706,-32.85151959],[-69.92372449,-32.84925361],[-69.92545688,-32.84344983],[-69.92287127,-32.83970787],[-69.92271047,-32.83790863],[-69.9195974,-32.83588855],[-69.91714392,-32.83212661],[-69.91710017,-32.82553074],[-69.91669924,-32.82564946],[-69.91360598,-32.82730857],[-69.91205408,-32.82801867],[-69.91097767,-32.82849536]]]]},"geometry_name":"the_geom","properties":{"fid":94,"id":94,"distrito_":"POTRERILLOS","zona_":"CONSERVACION NATURAL","codigo":"ZCN","lote_min":"5000","lado_min":"30","fos":"0","retiro_fro":"3","retiro_lat":"3","retiro_pos":"3","alt_max":"8","ordenanza":"14106-2021","sup_m2":5003350}},{"type":"Feature","id":"Zonas.95","geometry":{"type":"MultiPolygon","coordinates":[[[[-69.30263404,-33.03084186],[-69.30266389,-33.0308951],[-69.30265091,-33.03084301],[-69.3027647,-33.03101639],[-69.30272384,-33.03095807],[-69.30277602,-33.03104041],[-69.30278218,-33.03105734],[-69.30277957,-33.03111139],[-69.30283739,-33.0312173],[-69.30291381,-33.03143386],[-69.30299439,-33.0317237],[-69.30300263,-33.03174989],[-69.30300407,-33.03175462],[-69.30303611,-33.03186437],[-69.30303743,-33.0318691],[-69.30306719,-33.03197956],[-69.30306841,-33.03198429],[-69.30307569,-33.03201374],[-69.30316786,-33.03207561],[-69.30377684,-33.03248437],[-69.30381889,-33.03247375],[-69.30478392,-33.03222992],[-69.30470327,-33.03212032],[-69.30469861,-33.03211573],[-69.30458363,-33.03199987],[-69.30446939,-33.03188128],[-69.30435771,-33.03176181],[-69.30424768,-33.03164045],[-69.30414022,-33.03151821],[-69.30408958,-33.03145879],[-69.30417182,-33.03158349],[-69.30408066,-33.03144832],[-69.30403502,-33.03139476],[-69.30393343,-33.03127175],[-69.30392927,-33.03126659],[-69.30388768,-33.03121366],[-69.30388245,-33.03120676],[-69.30384187,-33.03115156],[-69.30383711,-33.03114487],[-69.30379746,-33.03108728],[-69.30379322,-33.03108092],[-69.30375434,-33.03102071],[-69.3037487,-33.03101157],[-69.30367316,-33.03088315],[-69.30366703,-33.03087212],[-69.30359303,-33.03073065],[-69.30358868,-33.03072192],[-69.3035269,-33.03059164],[-69.3035239,-33.03058508],[-69.30345827,-33.03043545],[-69.30339647,-33.03028638],[-69.30333869,-33.03014312],[-69.30324772,-33.02991755],[-69.30316539,-33.02972515],[-69.30312463,-33.02963675],[-69.30293186,-33.02928937],[-69.30289499,-33.02923585],[-69.3027918,-33.02911109],[-69.30274488,-33.02905394],[-69.30263724,-33.02895405],[-69.3026049,-33.02892712],[-69.30254407,-33.02888227],[-69.30250953,-33.02886024],[-69.30210729,-33.02866565],[-69.30208598,-33.02872339],[-69.3020322,-33.02889613],[-69.30203096,-33.02890049],[-69.30201103,-33.02898245],[-69.30199963,-33.02903909],[-69.30196696,-33.02929309],[-69.30196624,-33.02930258],[-69.30196564,-33.02951687],[-69.30196752,-33.02955523],[-69.301975,-33.029638],[-69.30198085,-33.02968442],[-69.30200324,-33.02976265],[-69.30205646,-33.02998973],[-69.30212904,-33.03013294],[-69.30213309,-33.03013996],[-69.30217642,-33.03020658],[-69.3022301,-33.03028249],[-69.30231822,-33.03039805],[-69.30238944,-33.03048087],[-69.30241965,-33.03053106],[-69.30244998,-33.03057084],[-69.302454,-33.03057625],[-69.30253896,-33.03069367],[-69.30254238,-33.03069853],[-69.30254475,-33.03070202],[-69.30258683,-33.03076515],[-69.30259185,-33.03077298],[-69.3026287,-33.0308328],[-69.30263127,-33.03083706],[-69.30263404,-33.03084186]]],[[[-69.26991566,-33.01729424],[-69.27036059,-33.01736729],[-69.2703772,-33.0173704],[-69.2704274,-33.0173848],[-69.27044868,-33.0173934],[-69.2709351,-33.01760901],[-69.27102714,-33.0176498],[-69.27105256,-33.01766236],[-69.27109593,-33.01769083],[-69.27147995,-33.01799446],[-69.27151309,-33.01802501],[-69.2715171,-33.01803014],[-69.27154221,-33.01806234],[-69.27156364,-33.01810321],[-69.27156708,-33.01811207],[-69.27170882,-33.01849974],[-69.27177099,-33.01850548],[-69.27183251,-33.01851115],[-69.27186923,-33.01851454],[-69.27190066,-33.01851744],[-69.27204819,-33.01848557],[-69.2720651,-33.01847101],[-69.27220483,-33.01814388],[-69.27221014,-33.01813386],[-69.27222417,-33.01810735],[-69.27225306,-33.01806988],[-69.27226691,-33.01805581],[-69.27247343,-33.01785998],[-69.27249539,-33.01784111],[-69.27253715,-33.01781358],[-69.27254948,-33.01780708],[-69.27283636,-33.01766352],[-69.2728706,-33.01764865],[-69.27292071,-33.01763403],[-69.27297299,-33.01762656],[-69.27302602,-33.01762645],[-69.27307835,-33.01763369],[-69.27309298,-33.01763708],[-69.27322398,-33.01767034],[-69.27341331,-33.01769271],[-69.27343055,-33.01769515],[-69.27344579,-33.01769799],[-69.27371567,-33.01775421],[-69.2737209,-33.01775534],[-69.27374103,-33.01776043],[-69.27376071,-33.01776662],[-69.27377987,-33.01777389],[-69.27379843,-33.01778219],[-69.2738163,-33.0177915],[-69.27383341,-33.01780177],[-69.27384941,-33.01781277],[-69.2741144,-33.01800708],[-69.27420382,-33.01806703],[-69.27455153,-33.01820477],[-69.27486684,-33.01832968],[-69.27490513,-33.01834763],[-69.27494706,-33.01837498],[-69.27498308,-33.01840777],[-69.2750122,-33.01844511],[-69.27502581,-33.01846885],[-69.27504705,-33.01851103],[-69.27519252,-33.01879999],[-69.275303,-33.01897299],[-69.27538542,-33.01908349],[-69.27556013,-33.01924616],[-69.27556924,-33.01924935],[-69.27561594,-33.01927051],[-69.27565787,-33.01929786],[-69.27569123,-33.01932782],[-69.27599129,-33.01964213],[-69.27600159,-33.01964903],[-69.27620708,-33.01987041],[-69.27646091,-33.02019641],[-69.27647148,-33.0202149],[-69.27652608,-33.02024967],[-69.27720438,-33.02068159],[-69.27776789,-33.02120528],[-69.27867075,-33.02178749],[-69.28069002,-33.02193086],[-69.2814536,-33.02198944],[-69.28231622,-33.02205563],[-69.28543282,-33.02217659],[-69.28756345,-33.02294005],[-69.29477089,-33.02491629],[-69.29478076,-33.024919],[-69.2949088,-33.02504769],[-69.29797754,-33.02813206],[-69.30009351,-33.03000709],[-69.30067228,-33.03055478],[-69.30077594,-33.03061277],[-69.30096414,-33.03071806],[-69.30156206,-33.03109355],[-69.30222863,-33.03151215],[-69.30222592,-33.03149955],[-69.30220191,-33.03138816],[-69.30219517,-33.03137169],[-69.30215146,-33.03127088],[-69.30210631,-33.03117239],[-69.30208278,-33.03112547],[-69.30205588,-33.0310775],[-69.30202423,-33.03102613],[-69.30198755,-33.03097109],[-69.30190755,-33.03086053],[-69.3016868,-33.03057103],[-69.30168111,-33.03056328],[-69.30162169,-33.03047926],[-69.30161993,-33.03047674],[-69.30161593,-33.03047078],[-69.3015661,-33.03039415],[-69.30156014,-33.03038452],[-69.30155898,-33.03038254],[-69.30150923,-33.03029641],[-69.30150166,-33.03028229],[-69.30150112,-33.0302812],[-69.30146077,-33.03019878],[-69.30145385,-33.03018333],[-69.30145294,-33.03018106],[-69.30142125,-33.03010086],[-69.301416,-33.0300862],[-69.30141436,-33.0300809],[-69.30139103,-33.0300021],[-69.30138784,-33.02999018],[-69.30138716,-33.02998726],[-69.30137259,-33.02992284],[-69.30137096,-33.02991497],[-69.30135817,-33.02984768],[-69.301357,-33.029841],[-69.3013569,-33.02984034],[-69.30134593,-33.02977036],[-69.30134495,-33.02976346],[-69.30133584,-33.02969105],[-69.30133498,-33.02968308],[-69.30132671,-33.02959162],[-69.30132653,-33.02958955],[-69.30132605,-33.02958222],[-69.30132158,-33.02949083],[-69.30132156,-33.02948992],[-69.30130979,-33.02947196],[-69.30132198,-33.02934532],[-69.30132389,-33.0292893],[-69.30132439,-33.02928018],[-69.30132441,-33.02927984],[-69.30133134,-33.02918864],[-69.30133225,-33.02917923],[-69.30134296,-33.0290881],[-69.30134403,-33.02908023],[-69.30134426,-33.02907877],[-69.30135877,-33.0289877],[-69.30136043,-33.02897849],[-69.30137874,-33.02888749],[-69.30138022,-33.02888068],[-69.30138076,-33.02887842],[-69.30139462,-33.0288214],[-69.30141521,-33.02869747],[-69.30147921,-33.02854513],[-69.30149994,-33.02848899],[-69.3015022,-33.0284831],[-69.30150315,-33.02848076],[-69.30154045,-33.02839008],[-69.3015439,-33.0283821],[-69.30158499,-33.02829148],[-69.30158794,-33.02828522],[-69.30158865,-33.02828377],[-69.30159106,-33.02827891],[-69.30159777,-33.02826294],[-69.30156513,-33.02822436],[-69.30156047,-33.02821871],[-69.30143219,-33.02805865],[-69.30141104,-33.02803226],[-69.30137291,-33.02798817],[-69.3013676,-33.02798249],[-69.30115601,-33.02778742],[-69.30097561,-33.02765194],[-69.30091219,-33.02760929],[-69.30082369,-33.02755359],[-69.30072927,-33.02749781],[-69.30062511,-33.02743991],[-69.3005132,-33.02738121],[-69.30051072,-33.02737997],[-69.30039237,-33.02732114],[-69.30026043,-33.02725868],[-69.30012839,-33.02719871],[-69.2999795,-33.02713331],[-69.29939425,-33.02688466],[-69.29923486,-33.02681498],[-69.29914683,-33.02677649],[-69.29901205,-33.02671504],[-69.29888748,-33.02665598],[-69.2987732,-33.02659944],[-69.29876744,-33.02659652],[-69.29866257,-33.02654209],[-69.29865582,-33.02653849],[-69.29853172,-33.02647025],[-69.2985232,-33.0264654],[-69.29840765,-33.02639733],[-69.29839856,-33.02639178],[-69.29829041,-33.0263232],[-69.29828086,-33.0263169],[-69.29817957,-33.02624747],[-69.29816967,-33.0262404],[-69.29807257,-33.02616813],[-69.29806456,-33.02616187],[-69.29797574,-33.02608983],[-69.29796552,-33.02608117],[-69.2978826,-33.02600756],[-69.29787244,-33.02599812],[-69.29779523,-33.02592278],[-69.29778639,-33.02591376],[-69.29773743,-33.02586159],[-69.29773075,-33.02585417],[-69.29768346,-33.02579978],[-69.29767697,-33.02579204],[-69.29763079,-33.02573482],[-69.29762495,-33.02572732],[-69.29757975,-33.02566711],[-69.29757454,-33.02565992],[-69.29753023,-33.02559662],[-69.2975256,-33.02558979],[-69.29748157,-33.02552249],[-69.29747788,-33.02551665],[-69.29743467,-33.02544618],[-69.29743111,-33.02544021],[-69.29738805,-33.02536552],[-69.29738415,-33.02535849],[-69.29731423,-33.02522782],[-69.29731047,-33.02522051],[-69.297237,-33.02507164],[-69.29723457,-33.02506658],[-69.29716642,-33.02492022],[-69.29700589,-33.02456592],[-69.29698531,-33.02452279],[-69.29680537,-33.02410336],[-69.29667453,-33.02396729],[-69.29647141,-33.02374034],[-69.29626545,-33.02354998],[-69.29607396,-33.02344904],[-69.295691,-33.02325313],[-69.29506042,-33.02294],[-69.29505348,-33.02293622],[-69.29503637,-33.02292595],[-69.29502009,-33.02291476],[-69.29501936,-33.02291422],[-69.29489922,-33.02282543],[-69.29450622,-33.02257792],[-69.29432804,-33.02246306],[-69.29416598,-33.02235636],[-69.29400955,-33.02225074],[-69.29386255,-33.02214862],[-69.29372334,-33.02204881],[-69.29359094,-33.02195059],[-69.29346235,-33.02185161],[-69.2934577,-33.02184795],[-69.2933377,-33.02175174],[-69.29333276,-33.02174769],[-69.29321858,-33.02165212],[-69.29321347,-33.02164775],[-69.2931048,-33.02155256],[-69.29309955,-33.02154786],[-69.29299604,-33.02145275],[-69.29299069,-33.02144771],[-69.29289222,-33.02135256],[-69.2928868,-33.02134719],[-69.29279318,-33.02125183],[-69.29278776,-33.02124615],[-69.29269885,-33.02115042],[-69.29269278,-33.02114367],[-69.29264467,-33.02108839],[-69.29263909,-33.02108177],[-69.29258743,-33.02101851],[-69.29258319,-33.02101318],[-69.29250448,-33.02091172],[-69.29209635,-33.02059833],[-69.29179697,-33.02046097],[-69.29165339,-33.02039567],[-69.29087297,-33.02012331],[-69.29085669,-33.02011717],[-69.28983395,-33.01970276],[-69.28868497,-33.0192864],[-69.28840114,-33.01923965],[-69.28779972,-33.01916177],[-69.28742625,-33.01912912],[-69.28726281,-33.01912024],[-69.28725741,-33.01911991],[-69.28709022,-33.01910823],[-69.28708215,-33.01910758],[-69.28693253,-33.01909391],[-69.2869224,-33.01909285],[-69.28678832,-33.01907696],[-69.28646191,-33.01905819],[-69.28644274,-33.0190566],[-69.286422,-33.01905376],[-69.28640152,-33.01904979],[-69.2863814,-33.0190447],[-69.28636171,-33.01903851],[-69.2863589,-33.01903752],[-69.28551509,-33.01873739],[-69.28551264,-33.01873651],[-69.28502776,-33.01856004],[-69.28441524,-33.01846047],[-69.28441428,-33.01846032],[-69.28440067,-33.01845781],[-69.28373933,-33.01832321],[-69.28373247,-33.01832174],[-69.28371234,-33.01831665],[-69.28369266,-33.01831046],[-69.2836735,-33.0183032],[-69.28365494,-33.0182949],[-69.28363707,-33.01828559],[-69.28362745,-33.01827999],[-69.28317672,-33.01800729],[-69.28290384,-33.0179994],[-69.2823575,-33.01805967],[-69.28233767,-33.01806133],[-69.28231668,-33.01806196],[-69.28229567,-33.01806143],[-69.28227476,-33.01805974],[-69.28225402,-33.0180569],[-69.28223355,-33.01805293],[-69.2822303,-33.01805219],[-69.28163997,-33.01791476],[-69.2816231,-33.01791041],[-69.28160341,-33.01790422],[-69.28159832,-33.01790241],[-69.28093176,-33.01766019],[-69.28025013,-33.01756818],[-69.28023913,-33.01756652],[-69.27985655,-33.01742211],[-69.27926475,-33.01724896],[-69.27891046,-33.01728253],[-69.2783596,-33.01716426],[-69.2776298,-33.01705787],[-69.2774375,-33.01705829],[-69.2774165,-33.01705776],[-69.27739558,-33.01705607],[-69.27737484,-33.01705323],[-69.27735437,-33.01704926],[-69.2773528,-33.01704886],[-69.2753403,-33.01697675],[-69.27533433,-33.01697649],[-69.27374955,-33.01689476],[-69.273749,-33.01689474],[-69.27372808,-33.01689304],[-69.27371721,-33.0168917],[-69.27290774,-33.01677986],[-69.27290044,-33.01677878],[-69.27221199,-33.01666986],[-69.27169268,-33.01664365],[-69.27169171,-33.0166436],[-69.2716708,-33.01664191],[-69.27165006,-33.01663908],[-69.27163481,-33.01663623],[-69.27148776,-33.0166056],[-69.2713677,-33.01658059],[-69.2705553,-33.01641135],[-69.27055007,-33.01641022],[-69.27052995,-33.01640513],[-69.27051026,-33.01639894],[-69.2704911,-33.01639167],[-69.27047255,-33.01638337],[-69.27045468,-33.01637406],[-69.27043757,-33.01636378],[-69.2704297,-33.01635855],[-69.27008135,-33.01611969],[-69.26973636,-33.01596212],[-69.26972957,-33.01595893],[-69.26971169,-33.01594962],[-69.26969459,-33.01593934],[-69.26967831,-33.01592815],[-69.26966294,-33.01591608],[-69.26964854,-33.0159032],[-69.26964326,-33.01589802],[-69.26949826,-33.01575219],[-69.26912299,-33.01551633],[-69.26912017,-33.01551454],[-69.2691039,-33.01550335],[-69.26908853,-33.01549128],[-69.26907412,-33.01547839],[-69.26906294,-33.01546709],[-69.26877354,-33.01515814],[-69.26811574,-33.01490048],[-69.26701999,-33.01459537],[-69.26701831,-33.0145949],[-69.26699863,-33.0145887],[-69.26697947,-33.01458144],[-69.26696092,-33.01457313],[-69.26694304,-33.01456382],[-69.26693466,-33.01455896],[-69.26683702,-33.01450046],[-69.26679092,-33.01448527],[-69.26677962,-33.01448134],[-69.26673656,-33.01446183],[-69.26673319,-33.01446055],[-69.26671464,-33.01445224],[-69.26669676,-33.01444293],[-69.26667966,-33.01443266],[-69.26666432,-33.01442211],[-69.26671487,-33.01463227],[-69.26677191,-33.01486944],[-69.26681444,-33.01504625],[-69.26701752,-33.01540194],[-69.26757325,-33.01569119],[-69.26806931,-33.01594938],[-69.26819737,-33.01601603],[-69.26820354,-33.01601933],[-69.26824547,-33.01604668],[-69.26826353,-33.01606176],[-69.26833331,-33.01612486],[-69.26848104,-33.01625844],[-69.268499,-33.01627615],[-69.26851094,-33.01628988],[-69.26898836,-33.01687653],[-69.26919209,-33.01702011],[-69.26933655,-33.01712191],[-69.26969265,-33.01725763],[-69.26991566,-33.01729424]]],[[[-69.26446153,-33.00973618],[-69.26446962,-33.00977355],[-69.26447473,-33.00976184],[-69.26488566,-33.01049693],[-69.26507445,-33.01096983],[-69.26546268,-33.01181012],[-69.26623377,-33.01305977],[-69.26687875,-33.01377593],[-69.26704768,-33.01396282],[-69.26714464,-33.01402091],[-69.26730139,-33.01407255],[-69.26838405,-33.01440149],[-69.26840053,-33.01440693],[-69.26861183,-33.01448246],[-69.26878047,-33.01451831],[-69.26883014,-33.01453259],[-69.26886371,-33.01454694],[-69.26907187,-33.01464925],[-69.26908501,-33.01465607],[-69.26912694,-33.01468342],[-69.26913954,-33.01469369],[-69.26918734,-33.01473483],[-69.2691893,-33.01473618],[-69.26920467,-33.01474825],[-69.26921907,-33.01476113],[-69.26922587,-33.014768],[-69.26923288,-33.01477403],[-69.26948656,-33.0149924],[-69.27026689,-33.01550368],[-69.27085804,-33.0157357],[-69.27228547,-33.01601402],[-69.27243644,-33.01599965],[-69.27382484,-33.01628289],[-69.27603377,-33.01634959],[-69.27737137,-33.01645225],[-69.27754599,-33.01645964],[-69.27755555,-33.01646017],[-69.27760788,-33.0164674],[-69.27762088,-33.0164714],[-69.2778465,-33.01648871],[-69.27926287,-33.01665255],[-69.27977548,-33.01678855],[-69.28161514,-33.0172766],[-69.28199764,-33.01737807],[-69.2824935,-33.01743255],[-69.28261292,-33.01743228],[-69.28277122,-33.01740669],[-69.28278584,-33.01740462],[-69.28285899,-33.01739571],[-69.28287506,-33.01739411],[-69.28294122,-33.01738891],[-69.28296206,-33.01738791],[-69.28303163,-33.01738649],[-69.2830605,-33.017387],[-69.28312646,-33.01739067],[-69.28315758,-33.01739387],[-69.28321653,-33.01740243],[-69.28324001,-33.0174066],[-69.28325315,-33.01740963],[-69.28330796,-33.01742329],[-69.28333926,-33.01743261],[-69.28337378,-33.0174446],[-69.28337953,-33.01744665],[-69.28339628,-33.01745329],[-69.28343135,-33.01746823],[-69.28345068,-33.01747719],[-69.28348664,-33.01749523],[-69.28349727,-33.0175008],[-69.28350278,-33.01750388],[-69.28354025,-33.01752532],[-69.28355726,-33.01753576],[-69.28362946,-33.01758317],[-69.28364183,-33.01759173],[-69.28377615,-33.01768939],[-69.28382345,-33.01772199],[-69.28386638,-33.01774823],[-69.28388851,-33.01775944],[-69.28405217,-33.01781072],[-69.28444986,-33.01787958],[-69.28469037,-33.0179053],[-69.28469731,-33.0179061],[-69.28483794,-33.01792378],[-69.28484838,-33.01792524],[-69.28492149,-33.01793651],[-69.28493098,-33.0179381],[-69.28499867,-33.01795033],[-69.28500936,-33.01795242],[-69.28507288,-33.01796582],[-69.28508465,-33.01796851],[-69.2851446,-33.01798322],[-69.28515596,-33.0179862],[-69.2852351,-33.01800833],[-69.28524462,-33.01801113],[-69.28528902,-33.01802486],[-69.28541216,-33.01804618],[-69.28680103,-33.01844856],[-69.28835911,-33.01863583],[-69.28935069,-33.01877667],[-69.29174961,-33.01976221],[-69.29187872,-33.01980189],[-69.29188497,-33.01980388],[-69.29200998,-33.01984481],[-69.29202064,-33.01984849],[-69.2921346,-33.01988982],[-69.29214809,-33.01989506],[-69.29224787,-33.01993617],[-69.29226166,-33.0199422],[-69.29232556,-33.01997184],[-69.29233785,-33.01997784],[-69.29239763,-33.02000854],[-69.29240793,-33.02001407],[-69.29246665,-33.02004753],[-69.29247981,-33.02005544],[-69.29250992,-33.02007454],[-69.29252658,-33.02008139],[-69.2925356,-33.02009094],[-69.29254589,-33.02009783],[-69.29259582,-33.0201331],[-69.29260755,-33.02014182],[-69.29265589,-33.0201799],[-69.29266843,-33.02019034],[-69.29271281,-33.02022937],[-69.2927247,-33.02024042],[-69.2927665,-33.0202815],[-69.29277615,-33.02029145],[-69.29283065,-33.02035081],[-69.29283828,-33.02035947],[-69.29289515,-33.02042681],[-69.2929023,-33.02043564],[-69.29309129,-33.02067924],[-69.29326175,-33.02085971],[-69.29378961,-33.02124923],[-69.29379596,-33.02125404],[-69.29433414,-33.021673],[-69.29487055,-33.02208452],[-69.29530384,-33.02240478],[-69.29535163,-33.02243488],[-69.29547598,-33.02250872],[-69.29562008,-33.02258678],[-69.29576951,-33.02266254],[-69.29617031,-33.02285946],[-69.2961761,-33.02286238],[-69.29629066,-33.02292141],[-69.29629682,-33.02292467],[-69.29639832,-33.02297968],[-69.29640593,-33.02298395],[-69.29651618,-33.0230478],[-69.29652649,-33.02305403],[-69.29662599,-33.02311667],[-69.2966374,-33.0231242],[-69.29672802,-33.02318681],[-69.29674024,-33.02319569],[-69.29682339,-33.02325929],[-69.29683471,-33.02326842],[-69.29689169,-33.02331668],[-69.29690163,-33.02332447],[-69.29691603,-33.02333736],[-69.29692941,-33.02335101],[-69.29692979,-33.02335146],[-69.29696226,-33.02338165],[-69.2969717,-33.02339084],[-69.29702764,-33.0234478],[-69.29703463,-33.02345519],[-69.29709051,-33.02351732],[-69.29709818,-33.02352621],[-69.29715097,-33.02359017],[-69.29715778,-33.02359878],[-69.29720928,-33.02366655],[-69.29721528,-33.02367477],[-69.29726567,-33.02374662],[-69.29727091,-33.02375438],[-69.29732061,-33.02383089],[-69.2973248,-33.02383758],[-69.29736925,-33.02391098],[-69.29737281,-33.02391704],[-69.29741719,-33.02399507],[-69.29742024,-33.02400058],[-69.29746496,-33.02408397],[-69.29746752,-33.02408888],[-69.29751336,-33.02417905],[-69.29751611,-33.02418464],[-69.29756107,-33.0242789],[-69.29760384,-33.02436858],[-69.29776535,-33.02472497],[-69.29783124,-33.02486647],[-69.29790165,-33.02500914],[-69.29796774,-33.02513265],[-69.29800706,-33.02520085],[-69.29804647,-33.02526511],[-69.29808578,-33.0253252],[-69.29812518,-33.02538149],[-69.29816487,-33.02543435],[-69.2982049,-33.02548394],[-69.29824537,-33.02553049],[-69.29828589,-33.02557368],[-69.29835362,-33.02563976],[-69.29842635,-33.02570432],[-69.29850499,-33.02576809],[-69.29858994,-33.02583129],[-69.29868149,-33.02589404],[-69.29878031,-33.0259567],[-69.29888704,-33.02601958],[-69.29900301,-33.02608334],[-69.29910146,-33.02613444],[-69.29920765,-33.02618701],[-69.29932239,-33.0262414],[-69.2994476,-33.02629849],[-69.2996091,-33.02636909],[-69.29968676,-33.02640303],[-69.30027256,-33.02665192],[-69.30042925,-33.02672075],[-69.30057016,-33.02678475],[-69.30070995,-33.02685091],[-69.30071584,-33.02685376],[-69.30084289,-33.02691692],[-69.30084944,-33.02692027],[-69.30087383,-33.02693306],[-69.30093872,-33.02695359],[-69.30134731,-33.02718163],[-69.30166541,-33.02744805],[-69.30167925,-33.02746151],[-69.30167982,-33.027462],[-69.30175262,-33.02752772],[-69.30176127,-33.02753585],[-69.3018298,-33.02760295],[-69.30183852,-33.02761186],[-69.301845,-33.02761879],[-69.3018493,-33.02762139],[-69.30186558,-33.02763258],[-69.30188096,-33.02764464],[-69.30189537,-33.02765753],[-69.30190875,-33.02767118],[-69.30201422,-33.02781755],[-69.30209836,-33.0279339],[-69.30219762,-33.02803182],[-69.3023105,-33.02812375],[-69.30233399,-33.0281385],[-69.30237078,-33.02815964],[-69.30246159,-33.02820659],[-69.3026635,-33.02830221],[-69.30266934,-33.02830505],[-69.30275379,-33.02834703],[-69.30276594,-33.02835338],[-69.30285127,-33.02840042],[-69.30286925,-33.0284111],[-69.30294083,-33.02845675],[-69.3029585,-33.02846887],[-69.30303523,-33.02852545],[-69.30304054,-33.02852945],[-69.30304949,-33.02853662],[-69.30312293,-33.02859778],[-69.30313596,-33.02860929],[-69.30320626,-33.02867515],[-69.30321798,-33.02868678],[-69.3032865,-33.02875876],[-69.30329571,-33.02876904],[-69.30336024,-33.02884479],[-69.3033693,-33.028856],[-69.30341296,-33.0289131],[-69.30351374,-33.02903776],[-69.30359636,-33.02919502],[-69.30361567,-33.02922888],[-69.30361956,-33.02923597],[-69.30366596,-33.02932375],[-69.30366923,-33.02933017],[-69.3037156,-33.02942436],[-69.3037183,-33.02943003],[-69.30376549,-33.02953238],[-69.30376825,-33.02953859],[-69.30385292,-33.02973646],[-69.30385456,-33.02974039],[-69.30393545,-33.02994096],[-69.30411058,-33.03033818],[-69.30432292,-33.03076901],[-69.30435525,-33.03081908],[-69.30439037,-33.03087009],[-69.30442595,-33.03091849],[-69.30446281,-33.03096541],[-69.30449675,-33.03100652],[-69.30525793,-33.03183274],[-69.30544809,-33.03201585],[-69.30695568,-33.03339805],[-69.31038803,-33.03207354],[-69.31118003,-33.03178529],[-69.31241626,-33.03097704],[-69.30667745,-33.0264823],[-69.30339528,-33.02523967],[-69.30316135,-33.0251511],[-69.30312298,-33.02512735],[-69.29953982,-33.02290964],[-69.29839795,-33.02215313],[-69.29725056,-33.02139295],[-69.29719631,-33.02131074],[-69.29598276,-33.01947171],[-69.29518763,-33.01909611],[-69.29488655,-33.01895388],[-69.2947265,-33.01893459],[-69.29469403,-33.01892922],[-69.29464383,-33.01891483],[-69.29459712,-33.01889368],[-69.2945712,-33.0188779],[-69.29421114,-33.01863481],[-69.293682,-33.01838485],[-69.29215191,-33.01850863],[-69.29214929,-33.01850909],[-69.29212857,-33.01851202],[-69.29210767,-33.0185138],[-69.29208667,-33.01851443],[-69.29206567,-33.0185139],[-69.29204475,-33.01851222],[-69.29203387,-33.01851088],[-69.29187266,-33.01848863],[-69.2918628,-33.01848714],[-69.29184232,-33.01848316],[-69.2918222,-33.01847807],[-69.29180252,-33.01847188],[-69.29178335,-33.01846462],[-69.2917648,-33.01845632],[-69.29174692,-33.01844701],[-69.29172981,-33.01843675],[-69.29171353,-33.01842556],[-69.29169816,-33.01841349],[-69.29168446,-33.01840128],[-69.29165778,-33.01837596],[-69.29163961,-33.01836411],[-69.29160693,-33.01833487],[-69.29151774,-33.01824212],[-69.29132779,-33.01804459],[-69.29109023,-33.01798222],[-69.29040595,-33.01796665],[-69.2892961,-33.01794137],[-69.28928466,-33.01794094],[-69.28926374,-33.01793925],[-69.28925366,-33.01793802],[-69.28894419,-33.01789598],[-69.28893353,-33.01789437],[-69.28891306,-33.0178904],[-69.28889294,-33.01788531],[-69.28887325,-33.01787912],[-69.28885409,-33.01787186],[-69.28883553,-33.01786356],[-69.288826,-33.01785876],[-69.28803652,-33.01744599],[-69.28802818,-33.01744148],[-69.28801107,-33.01743121],[-69.28800362,-33.01742628],[-69.28774202,-33.0172476],[-69.28759779,-33.01714908],[-69.28649788,-33.01653015],[-69.28631715,-33.01644173],[-69.28552322,-33.01640182],[-69.28492331,-33.01640419],[-69.28492268,-33.01640419],[-69.28490168,-33.01640366],[-69.28488077,-33.01640197],[-69.28486003,-33.01639914],[-69.28483955,-33.01639516],[-69.28481943,-33.01639007],[-69.28479974,-33.01638388],[-69.28478059,-33.01637662],[-69.28476203,-33.01636832],[-69.28474416,-33.01635901],[-69.28474146,-33.01635749],[-69.2841899,-33.01604198],[-69.28417549,-33.01603324],[-69.28415921,-33.01602205],[-69.28414384,-33.01600998],[-69.28412944,-33.01599709],[-69.28411606,-33.01598344],[-69.28411139,-33.01597798],[-69.2840853,-33.0159606],[-69.28404928,-33.01592781],[-69.28401908,-33.01588878],[-69.28362022,-33.0152504],[-69.28326095,-33.01500958],[-69.28178587,-33.01456367],[-69.28160058,-33.01451229],[-69.28079376,-33.01430974],[-69.28040432,-33.01421695],[-69.28001529,-33.01420998],[-69.28000339,-33.01421826],[-69.27998634,-33.01422861],[-69.27996853,-33.01423799],[-69.27958616,-33.01419054],[-69.27933507,-33.01414171],[-69.2786168,-33.01385487],[-69.27781366,-33.01351081],[-69.27780941,-33.01350909],[-69.27779086,-33.01350078],[-69.27777298,-33.01349148],[-69.27777161,-33.0134907],[-69.27605337,-33.0125181],[-69.27603764,-33.01250861],[-69.27602136,-33.01249741],[-69.27601192,-33.01249019],[-69.27508638,-33.01175334],[-69.27508046,-33.01174851],[-69.27451014,-33.0112705],[-69.27442919,-33.01122678],[-69.27423089,-33.01119859],[-69.27381831,-33.01113927],[-69.27380597,-33.01113749],[-69.27374572,-33.01116832],[-69.2735063,-33.01129083],[-69.27339323,-33.01135311],[-69.27320101,-33.0114585],[-69.27320033,-33.01145882],[-69.27309179,-33.01150994],[-69.27304833,-33.01153041],[-69.27263538,-33.01167922],[-69.27242023,-33.011694],[-69.27202713,-33.0116854],[-69.27188934,-33.01168238],[-69.27182557,-33.01168099],[-69.27150223,-33.01150515],[-69.27140426,-33.01146414],[-69.27121871,-33.01138648],[-69.27107696,-33.01132953],[-69.27093005,-33.01127853],[-69.2707244,-33.01120714],[-69.2702889,-33.01103542],[-69.27018805,-33.01098994],[-69.27004858,-33.01092703],[-69.27000538,-33.01093466],[-69.26998887,-33.01093757],[-69.2699148,-33.01092649],[-69.26976739,-33.01086955],[-69.26963138,-33.01083644],[-69.26962749,-33.0108203],[-69.26962564,-33.0108126],[-69.26959591,-33.01081074],[-69.26955201,-33.01080799],[-69.2695164,-33.01078668],[-69.26951229,-33.01078422],[-69.26947826,-33.0107652],[-69.26942042,-33.01075763],[-69.26933636,-33.01073219],[-69.26931668,-33.01072561],[-69.26926998,-33.01070445],[-69.26922805,-33.0106771],[-69.26919204,-33.0106443],[-69.26916162,-33.01060491],[-69.26900023,-33.01034463],[-69.26898141,-33.01030788],[-69.26896826,-33.0102646],[-69.2689651,-33.01024421],[-69.26893941,-33.01000932],[-69.26893805,-33.00998519],[-69.26894138,-33.00994565],[-69.26898987,-33.00966411],[-69.26907824,-33.00915109],[-69.26905943,-33.00906682],[-69.26901071,-33.00898098],[-69.26871881,-33.00877709],[-69.26871264,-33.00877267],[-69.26869727,-33.0087606],[-69.26868287,-33.00874771],[-69.2686695,-33.00873406],[-69.26865722,-33.0087197],[-69.26864608,-33.00870469],[-69.26864082,-33.00869675],[-69.26861116,-33.00865019],[-69.26856527,-33.00859646],[-69.267961,-33.00845864],[-69.26791667,-33.00844553],[-69.26786998,-33.00842436],[-69.26782805,-33.00839701],[-69.26779204,-33.00836422],[-69.26777183,-33.0083398],[-69.26738114,-33.00780746],[-69.26703511,-33.00733598],[-69.26683451,-33.00723049],[-69.26672084,-33.00716398],[-69.26665733,-33.00713731],[-69.26646176,-33.00705517],[-69.26618673,-33.00690405],[-69.26618441,-33.00690276],[-69.26618225,-33.00690154],[-69.26549951,-33.00651248],[-69.26516166,-33.00634266],[-69.2642212,-33.00630182],[-69.26421753,-33.00630165],[-69.26420307,-33.0063006],[-69.26296235,-33.00618709],[-69.2629559,-33.00618645],[-69.26293516,-33.00618361],[-69.26291469,-33.00617963],[-69.26289457,-33.00617453],[-69.26287489,-33.00616834],[-69.26285573,-33.00616108],[-69.26284876,-33.00615811],[-69.26233239,-33.00593159],[-69.26203791,-33.00592093],[-69.26207889,-33.005971],[-69.26208421,-33.00597771],[-69.2621312,-33.00603896],[-69.26213641,-33.00604599],[-69.26218056,-33.00610758],[-69.26218565,-33.00611495],[-69.26222788,-33.00617832],[-69.26223182,-33.00618449],[-69.2622366,-33.00619225],[-69.26229798,-33.00625316],[-69.26230745,-33.00626302],[-69.26231973,-33.00627738],[-69.26233087,-33.0062924],[-69.26234082,-33.00630798],[-69.26234954,-33.00632409],[-69.26235698,-33.00634064],[-69.26236313,-33.00635757],[-69.26234244,-33.00638808],[-69.26234492,-33.00639343],[-69.26234998,-33.00640514],[-69.26237717,-33.00647437],[-69.26238152,-33.0064864],[-69.26240597,-33.00656001],[-69.26240892,-33.00656956],[-69.2624284,-33.00663769],[-69.26243034,-33.00664491],[-69.26244964,-33.00672159],[-69.26245124,-33.00672839],[-69.26246663,-33.0067983],[-69.26252166,-33.00697821],[-69.26264938,-33.00740434],[-69.26265,-33.00740641],[-69.2626514,-33.00740856],[-69.26305959,-33.00803537],[-69.26354262,-33.00860214],[-69.26365058,-33.00872597],[-69.26366581,-33.00875379],[-69.26371321,-33.00884035],[-69.26385533,-33.00897083],[-69.26395171,-33.00905933],[-69.26445397,-33.00972411],[-69.26446153,-33.00973618]]],[[[-69.25252181,-32.99278724],[-69.25594381,-32.99584281],[-69.26002996,-33.00369721],[-69.26073217,-33.00497761],[-69.26081586,-33.00495572],[-69.2612581,-33.00524702],[-69.26126245,-33.00524958],[-69.26127437,-33.00525696],[-69.26133994,-33.00529952],[-69.26236306,-33.00533655],[-69.262375,-33.00533717],[-69.26242732,-33.00534442],[-69.26247751,-33.00535882],[-69.26249754,-33.00536688],[-69.26301981,-33.00559598],[-69.26521611,-33.00574928],[-69.26526763,-33.00575647],[-69.26531782,-33.00577087],[-69.26536412,-33.00579181],[-69.26676405,-33.00655572],[-69.26744115,-33.0069118],[-69.26748555,-33.00694048],[-69.26752156,-33.00697327],[-69.26754176,-33.00699769],[-69.26787817,-33.00745607],[-69.26801907,-33.00764311],[-69.26814415,-33.00780507],[-69.26825786,-33.0079575],[-69.26841502,-33.00800172],[-69.26884312,-33.00809936],[-69.26888744,-33.00811247],[-69.26893414,-33.00813363],[-69.26894364,-33.00813982],[-69.26895496,-33.00814209],[-69.26896656,-33.00815478],[-69.26915698,-33.00836304],[-69.26917361,-33.00838251],[-69.26946586,-33.00858664],[-69.26947779,-33.00859541],[-69.26951381,-33.0086282],[-69.2695163,-33.0086314],[-69.26953399,-33.00864375],[-69.26954015,-33.00864817],[-69.26955552,-33.00866024],[-69.26956992,-33.00867313],[-69.26958329,-33.00868678],[-69.26959557,-33.00870114],[-69.26960671,-33.00871615],[-69.26961666,-33.00873174],[-69.26962538,-33.00874784],[-69.26963277,-33.00876424],[-69.26965509,-33.00886231],[-69.26965682,-33.00886537],[-69.26967057,-33.00889357],[-69.2696827,-33.00893207],[-69.26971966,-33.00909777],[-69.26972468,-33.00914467],[-69.26972324,-33.0091618],[-69.26973402,-33.00920919],[-69.26970598,-33.00929991],[-69.26970767,-33.00936559],[-69.26966702,-33.00952424],[-69.26966529,-33.00963927],[-69.26960042,-33.00996812],[-69.26961231,-33.01015418],[-69.26969191,-33.01025898],[-69.26988442,-33.01032321],[-69.27043947,-33.01049118],[-69.27045915,-33.01049776],[-69.27046621,-33.01050044],[-69.27181666,-33.01102903],[-69.27185475,-33.01104667],[-69.2720347,-33.01114394],[-69.27247442,-33.01113239],[-69.27283598,-33.01101332],[-69.27329401,-33.01075327],[-69.27333409,-33.01073414],[-69.27363886,-33.01061214],[-69.27364691,-33.01060903],[-69.27369702,-33.01059442],[-69.2737493,-33.01058695],[-69.27380232,-33.01058683],[-69.27382391,-33.01058892],[-69.27414967,-33.01062977],[-69.27419778,-33.0106358],[-69.27238934,-33.00703077],[-69.27136861,-33.00581527],[-69.27094021,-33.00530513],[-69.27071638,-33.00515325],[-69.27068404,-33.00512043],[-69.26927298,-33.00416298],[-69.26796208,-33.00355301],[-69.26627404,-32.99814501],[-69.26601164,-32.99797116],[-69.265587,-32.997147],[-69.26556486,-32.99709735],[-69.26509151,-32.99603567],[-69.26450768,-32.99609159],[-69.2638702,-32.99616761],[-69.26371177,-32.99620612],[-69.26320241,-32.99628353],[-69.26271564,-32.99634181],[-69.26245551,-32.99633877],[-69.26243958,-32.99633858],[-69.26229784,-32.99633692],[-69.26202484,-32.99633372],[-69.26068751,-32.99575867],[-69.25953653,-32.99543236],[-69.25932203,-32.9951785],[-69.25924676,-32.99508942],[-69.25914581,-32.99496415],[-69.25897118,-32.99474745],[-69.25895476,-32.99472708],[-69.25886751,-32.99471596],[-69.2584415,-32.99466167],[-69.25777638,-32.99471593],[-69.25764403,-32.9946026],[-69.25743646,-32.99442485],[-69.25695959,-32.99398687],[-69.2569556,-32.99398575],[-69.25661959,-32.99389214],[-69.2563528,-32.99378246],[-69.25577312,-32.99361115],[-69.25518813,-32.99334224],[-69.25510374,-32.99326896],[-69.25483614,-32.99315894],[-69.25421271,-32.99247123],[-69.25389651,-32.99202733],[-69.25357825,-32.99160809],[-69.25316907,-32.99107453],[-69.2527378,-32.99073187],[-69.25214188,-32.99045907],[-69.2521107,-32.99044479],[-69.25179055,-32.99042296],[-69.2508295,-32.99043348],[-69.25025814,-32.99052997],[-69.2500564,-32.99058565],[-69.25004206,-32.9905896],[-69.25012251,-32.99064926],[-69.25013373,-32.9906547],[-69.25015815,-32.99066655],[-69.25021012,-32.99069177],[-69.25021712,-32.99069527],[-69.25036439,-32.99077098],[-69.25037138,-32.99077468],[-69.25051569,-32.99085324],[-69.25052228,-32.99085693],[-69.25066286,-32.99093792],[-69.25066979,-32.99094202],[-69.25080704,-32.99102564],[-69.2508139,-32.99102994],[-69.25094781,-32.99111619],[-69.2509546,-32.99112068],[-69.25108517,-32.99120958],[-69.25109186,-32.99121426],[-69.2512191,-32.99130578],[-69.25122567,-32.99131064],[-69.2513505,-32.99140552],[-69.25135601,-32.99140984],[-69.25147657,-32.99150664],[-69.25148287,-32.99151184],[-69.25160009,-32.99161127],[-69.25160623,-32.99161662],[-69.25172011,-32.99171869],[-69.2517292,-32.99172719],[-69.2518218,-32.99181755],[-69.2518322,-32.99182824],[-69.25192332,-32.99192746],[-69.25193257,-32.99193806],[-69.25202206,-32.99204596],[-69.25202972,-32.99205564],[-69.25211959,-32.99217458],[-69.2521254,-32.99218258],[-69.25220622,-32.99229821],[-69.25221048,-32.9923045],[-69.25229704,-32.9924363],[-69.25229941,-32.99244001],[-69.25238417,-32.99257509],[-69.25246656,-32.99270928],[-69.25252181,-32.99278724]]]]},"geometry_name":"the_geom","properties":{"fid":95,"id":95,"distrito_":"POTRERILLOS","zona_":"RESIDENCIAL MIXTA 6","codigo":"ZRM6","lote_min":"500","lado_min":"15","fos":"45","retiro_fro":"3","retiro_lat":"1,5","retiro_pos":"1,5","alt_max":"8","ordenanza":"14106-2021","sup_m2":4083660}},{"type":"Feature","id":"Zonas.96","geometry":{"type":"MultiPolygon","coordinates":[[[[-69.25897118,-32.99474745],[-69.25914581,-32.99496415],[-69.25902735,-32.99476451],[-69.25897118,-32.99474745]]],[[[-69.30286715,-32.99877307],[-69.30249888,-32.99954173],[-69.30236949,-32.9997203],[-69.30201041,-33.00021587],[-69.30176024,-33.00046478],[-69.3011865,-33.00103563],[-69.29995377,-33.00200827],[-69.29881781,-33.00273621],[-69.29783653,-33.00336501],[-69.29748447,-33.00352704],[-69.29659751,-33.00372709],[-69.29619,-33.00378531],[-69.29544242,-33.00374891],[-69.29478467,-33.00348327],[-69.29328755,-33.00281881],[-69.29301534,-33.00269539],[-69.29266407,-33.00263419],[-69.29216536,-33.0025113],[-69.29167834,-33.00249812],[-69.29124244,-33.00253254],[-69.2883921,-33.00289049],[-69.28838121,-33.00289019],[-69.28793581,-33.00294771],[-69.28549584,-33.00297849],[-69.28518043,-33.00294242],[-69.28513351,-33.00293976],[-69.28512464,-33.00293911],[-69.28502815,-33.00293086],[-69.28501407,-33.00292939],[-69.2848968,-33.00291493],[-69.28487903,-33.0029123],[-69.28476965,-33.00289347],[-69.28475297,-33.0028902],[-69.28464779,-33.00286622],[-69.28462646,-33.00286067],[-69.28453097,-33.00283275],[-69.2845083,-33.0028253],[-69.28441891,-33.00279258],[-69.28439551,-33.00278303],[-69.28431234,-33.00274554],[-69.28428877,-33.00273379],[-69.28421133,-33.0026913],[-69.28418809,-33.00267726],[-69.28411655,-33.00262986],[-69.28409732,-33.00261606],[-69.28406565,-33.00259126],[-69.28405014,-33.00257826],[-69.28401954,-33.0025508],[-69.28400686,-33.00253872],[-69.28397614,-33.00250763],[-69.28397005,-33.00250127],[-69.28396603,-33.00249685],[-69.28393457,-33.00246151],[-69.28392483,-33.00244994],[-69.28392271,-33.00244729],[-69.28386971,-33.00238073],[-69.28386384,-33.00237309],[-69.2837402,-33.00220595],[-69.28371251,-33.00217162],[-69.28368872,-33.00214466],[-69.28366578,-33.0021214],[-69.28364668,-33.00210453],[-69.28363095,-33.00209267],[-69.28361573,-33.0020831],[-69.28359845,-33.00207388],[-69.28357629,-33.00206348],[-69.28355144,-33.00205322],[-69.28352688,-33.00204434],[-69.28345808,-33.002024],[-69.28343914,-33.00201978],[-69.28295418,-33.00197236],[-69.28182791,-33.00200919],[-69.28176671,-33.00199012],[-69.28174591,-33.00198973],[-69.28173235,-33.00198924],[-69.28166473,-33.00198555],[-69.28165244,-33.00198461],[-69.28159019,-33.00197879],[-69.28157017,-33.00197637],[-69.28149762,-33.00196565],[-69.28147515,-33.00196163],[-69.28139976,-33.00194573],[-69.28138018,-33.00194104],[-69.28130122,-33.00191982],[-69.28128461,-33.00191493],[-69.28120056,-33.00188799],[-69.28118818,-33.00188377],[-69.28111386,-33.00185691],[-69.28110582,-33.00185387],[-69.28102429,-33.00182191],[-69.28101633,-33.00181868],[-69.28075034,-33.00170681],[-69.2806589,-33.00166985],[-69.28057362,-33.00163836],[-69.28052525,-33.00162283],[-69.27969719,-33.00189842],[-69.27923614,-33.00190036],[-69.2792139,-33.0018925],[-69.27920624,-33.00189271],[-69.27917088,-33.00189202],[-69.27910741,-33.00188783],[-69.27907363,-33.00188405],[-69.27901067,-33.0018741],[-69.27899184,-33.00187063],[-69.2789784,-33.00186753],[-69.27891551,-33.00185179],[-69.27888601,-33.00184307],[-69.27882301,-33.00182148],[-69.27881576,-33.00181891],[-69.27879688,-33.00181136],[-69.27873365,-33.0017839],[-69.27871108,-33.0017731],[-69.27864724,-33.00173963],[-69.278642,-33.00173682],[-69.27862812,-33.00172878],[-69.27856337,-33.00168911],[-69.27854743,-33.00167869],[-69.27848127,-33.00163255],[-69.27846941,-33.00162386],[-69.27841546,-33.00158232],[-69.27840681,-33.0015754],[-69.27835124,-33.00152926],[-69.27834389,-33.00152295],[-69.27828599,-33.00147162],[-69.27827994,-33.00146611],[-69.27821854,-33.00140857],[-69.27821248,-33.00140273],[-69.27809824,-33.00128925],[-69.27782522,-33.00100788],[-69.27775441,-33.00093823],[-69.27769117,-33.00087901],[-69.27762558,-33.0008214],[-69.27756518,-33.00077249],[-69.27750888,-33.00073101],[-69.27745222,-33.00069364],[-69.27709136,-33.00046967],[-69.2768727,-33.00033764],[-69.27666946,-33.00022078],[-69.27648396,-33.00012105],[-69.27639249,-33.00007482],[-69.27630272,-33.0000316],[-69.27621532,-32.99999171],[-69.27612998,-32.99995497],[-69.27604637,-32.99992122],[-69.27596436,-32.99989036],[-69.27588375,-32.9998623],[-69.27580631,-32.99983757],[-69.27575339,-32.99982285],[-69.27572084,-32.99981537],[-69.27507592,-32.99974005],[-69.27502466,-32.99973548],[-69.27501286,-32.99973424],[-69.27490722,-32.99972146],[-69.27489475,-32.99971974],[-69.27480121,-32.99970524],[-69.27478486,-32.99970233],[-69.2746851,-32.99968229],[-69.27466649,-32.99967795],[-69.2745772,-32.99965469],[-69.27455443,-32.99964796],[-69.27447228,-32.99962071],[-69.2744617,-32.99961701],[-69.27444785,-32.99961159],[-69.27437206,-32.99958009],[-69.27435125,-32.99957061],[-69.2743009,-32.99954564],[-69.27428737,-32.99953853],[-69.27423486,-32.99950908],[-69.27422179,-32.99950135],[-69.27416963,-32.99946883],[-69.27415856,-32.9994616],[-69.27410432,-32.99942458],[-69.27409257,-32.99941615],[-69.27398915,-32.99933833],[-69.27398202,-32.99933274],[-69.27379622,-32.99918228],[-69.27372598,-32.99912741],[-69.27365612,-32.99907699],[-69.27359364,-32.99903686],[-69.27347747,-32.99896952],[-69.2733547,-32.99890284],[-69.27322787,-32.9988383],[-69.27309717,-32.99877601],[-69.27296279,-32.99871608],[-69.27282498,-32.99865864],[-69.27268399,-32.99860381],[-69.27254009,-32.99855171],[-69.27239341,-32.99850238],[-69.27224441,-32.99845601],[-69.27209343,-32.99841269],[-69.27194082,-32.99837254],[-69.27178691,-32.99833565],[-69.27163212,-32.99830211],[-69.27149201,-32.99827495],[-69.27041225,-32.99823187],[-69.27023763,-32.99819022],[-69.26970028,-32.99812062],[-69.26929528,-32.99780232],[-69.26929363,-32.99780143],[-69.26875244,-32.99739123],[-69.26805193,-32.99688991],[-69.26802626,-32.99687675],[-69.26730793,-32.99658389],[-69.26720725,-32.99652957],[-69.26706051,-32.99645425],[-69.26692984,-32.99639098],[-69.26679424,-32.99633028],[-69.266067,-32.99613432],[-69.2659343,-32.99611497],[-69.26527185,-32.9960184],[-69.26509151,-32.99603567],[-69.26556486,-32.99709735],[-69.265587,-32.997147],[-69.26601164,-32.99797116],[-69.26627404,-32.99814501],[-69.26796208,-33.00355301],[-69.26927298,-33.00416298],[-69.27068404,-33.00512043],[-69.27071638,-33.00515325],[-69.27094021,-33.00530513],[-69.27136861,-33.00581527],[-69.27238934,-33.00703077],[-69.27419778,-33.0106358],[-69.27438504,-33.01065929],[-69.27454766,-33.01067968],[-69.27457839,-33.01068484],[-69.27462859,-33.01069923],[-69.27463765,-33.0107027],[-69.27479226,-33.01076431],[-69.27482989,-33.010782],[-69.27487182,-33.01080935],[-69.27487798,-33.01081423],[-69.27597033,-33.01170273],[-69.27639676,-33.01202403],[-69.27732072,-33.01251137],[-69.27813258,-33.01294939],[-69.27963527,-33.01356631],[-69.28030286,-33.01361813],[-69.28039088,-33.0136197],[-69.28040972,-33.01362051],[-69.28046205,-33.01362774],[-69.28047853,-33.01363176],[-69.28048445,-33.0136332],[-69.28233559,-33.01414657],[-69.28331885,-33.01434528],[-69.28399959,-33.01470158],[-69.28407384,-33.01485235],[-69.28407745,-33.01485494],[-69.28411347,-33.01488773],[-69.28414367,-33.01492676],[-69.28454886,-33.01557528],[-69.28461015,-33.01561034],[-69.28504137,-33.01581121],[-69.28635498,-33.01584808],[-69.28636993,-33.0158488],[-69.28642226,-33.01585603],[-69.28647246,-33.01587042],[-69.28652089,-33.01589254],[-69.28827882,-33.01688174],[-69.2891552,-33.01722671],[-69.28986577,-33.01733771],[-69.29109004,-33.01738552],[-69.2911008,-33.0173861],[-69.29115313,-33.01739333],[-69.29117069,-33.01739748],[-69.29156118,-33.01749999],[-69.29159382,-33.01751023],[-69.29164053,-33.01753138],[-69.29168247,-33.01755872],[-69.29169928,-33.01757377],[-69.29211384,-33.01790857],[-69.29353408,-33.01780998],[-69.29384387,-33.01778847],[-69.2938959,-33.01778841],[-69.29394823,-33.01779564],[-69.29399843,-33.01781003],[-69.29404514,-33.01783119],[-69.29407106,-33.01784697],[-69.2945856,-33.01819434],[-69.2953071,-33.01845807],[-69.29683933,-33.01864277],[-69.2968718,-33.01864814],[-69.296922,-33.01866253],[-69.29694498,-33.01867188],[-69.29822968,-33.01924923],[-69.29935005,-33.01936655],[-69.3020787,-33.01905845],[-69.30288361,-33.01763523],[-69.29983708,-33.0162801],[-69.29982733,-33.01626487],[-69.29976377,-33.0161656],[-69.30017497,-33.01504572],[-69.30147066,-33.01573923],[-69.30147141,-33.0157394],[-69.30258083,-33.01598931],[-69.3031048,-33.01607208],[-69.30403548,-33.01615287],[-69.30427805,-33.01587554],[-69.30435391,-33.01615671],[-69.30480421,-33.01618722],[-69.30481324,-33.01620045],[-69.30487727,-33.01620504],[-69.30652338,-33.01844399],[-69.30672403,-33.01847231],[-69.30701644,-33.01879613],[-69.30809615,-33.01895993],[-69.30826635,-33.01904539],[-69.30857213,-33.01903032],[-69.30932017,-33.01899345],[-69.30950641,-33.01898427],[-69.31008349,-33.01879755],[-69.31091411,-33.01825155],[-69.31157321,-33.0178183],[-69.31228862,-33.01776144],[-69.31269593,-33.0176316],[-69.31307365,-33.01751119],[-69.3131688,-33.01748085],[-69.31310521,-33.01805999],[-69.31324792,-33.01997771],[-69.31229452,-33.02002806],[-69.31203827,-33.0200416],[-69.31158414,-33.02035404],[-69.31085318,-33.02025567],[-69.31056444,-33.02028501],[-69.31053101,-33.02044255],[-69.3102766,-33.02057201],[-69.31007346,-33.02078723],[-69.30976813,-33.02093112],[-69.30942851,-33.02098922],[-69.30882377,-33.02073096],[-69.30875621,-33.02073642],[-69.30868933,-33.0207668],[-69.30843454,-33.02099168],[-69.30832477,-33.02118519],[-69.30819826,-33.02124753],[-69.30796036,-33.02144375],[-69.30776591,-33.02151341],[-69.30758781,-33.02159973],[-69.3072563,-33.02175323],[-69.30817702,-33.02208909],[-69.30834432,-33.02224322],[-69.30858275,-33.02233764],[-69.30902189,-33.02251155],[-69.30940531,-33.02251848],[-69.30977067,-33.02252508],[-69.31002327,-33.02252964],[-69.31183306,-33.0222983],[-69.31185377,-33.02229622],[-69.31189313,-33.02229542],[-69.31211997,-33.0223025],[-69.31213363,-33.02230318],[-69.31218597,-33.0223104],[-69.31223618,-33.02232478],[-69.31227792,-33.02234326],[-69.31259618,-33.02251038],[-69.31291204,-33.02267624],[-69.31363887,-33.02278774],[-69.31390565,-33.02282867],[-69.31483702,-33.02279972],[-69.31500954,-33.02279436],[-69.31511351,-33.02279112],[-69.31510843,-33.02275953],[-69.31438268,-33.01824469],[-69.31399998,-33.01604034],[-69.31246245,-33.0065069],[-69.32943266,-33.00494614],[-69.33806715,-33.00415111],[-69.33939904,-33.00409207],[-69.33997682,-33.00406646],[-69.33936767,-33.00379484],[-69.33891724,-33.00359399],[-69.33840877,-33.00322812],[-69.33770276,-33.00272012],[-69.33728076,-33.00256145],[-69.336899,-33.00241791],[-69.33613422,-33.00171179],[-69.33568405,-33.00118693],[-69.33513739,-33.00066386],[-69.33375403,-33.00025661],[-69.33240129,-33.00002598],[-69.33173167,-32.9996327],[-69.33169087,-32.999594],[-69.33163559,-32.99954158],[-69.33137937,-32.99904498],[-69.33006326,-32.99781249],[-69.33006077,-32.99781264],[-69.32953659,-32.99784484],[-69.32893576,-32.99793085],[-69.32681449,-32.99746406],[-69.3262813,-32.99746545],[-69.32518526,-32.99789694],[-69.32454269,-32.9981499],[-69.32393111,-32.9985759],[-69.32375199,-32.99870066],[-69.32369614,-32.99870309],[-69.32252524,-32.99875413],[-69.3211336,-32.99881478],[-69.31898196,-32.99882029],[-69.31881279,-32.99874156],[-69.31870229,-32.99869013],[-69.3183838,-32.99860472],[-69.31781988,-32.99845348],[-69.31776067,-32.99843081],[-69.31712521,-32.99818861],[-69.31643358,-32.99792499],[-69.31596968,-32.99780656],[-69.31552425,-32.99769285],[-69.31502841,-32.99766135],[-69.31441971,-32.99704001],[-69.31411917,-32.99673323],[-69.31363655,-32.9963664],[-69.31335272,-32.99615066],[-69.31242276,-32.99557997],[-69.31228027,-32.99549252],[-69.31146786,-32.99504391],[-69.31095593,-32.9948996],[-69.31072736,-32.99483516],[-69.31050576,-32.99477268],[-69.30938879,-32.99460356],[-69.30911839,-32.99459211],[-69.30761062,-32.99452822],[-69.30654539,-32.99459926],[-69.30582788,-32.99475532],[-69.30528802,-32.99494263],[-69.30516242,-32.99501161],[-69.30495709,-32.99512438],[-69.30465602,-32.99541131],[-69.30458867,-32.99551098],[-69.30455366,-32.99556278],[-69.30286715,-32.99877307]]],[[[-69.25661959,-32.99389214],[-69.2569556,-32.99398575],[-69.2569173,-32.99394928],[-69.2563528,-32.99378246],[-69.25661959,-32.99389214]]],[[[-69.23535039,-32.97333992],[-69.23535996,-32.97334614],[-69.23529552,-32.9732949],[-69.23528004,-32.97329422],[-69.23530142,-32.97330811],[-69.23535039,-32.97333992]]],[[[-69.22928845,-32.96873622],[-69.22947674,-32.96874476],[-69.22946648,-32.96874182],[-69.229446,-32.96873593],[-69.22939371,-32.96872868],[-69.22928845,-32.96873622]]],[[[-69.26723214,-32.9585661],[-69.26720382,-32.95857957],[-69.26728716,-32.95854629],[-69.2672849,-32.95854672],[-69.26726428,-32.95855312],[-69.26723214,-32.9585661]]],[[[-69.2822079,-32.95762636],[-69.28116957,-32.95790905],[-69.28055828,-32.95794423],[-69.27980538,-32.95828046],[-69.27867363,-32.95858857],[-69.27770022,-32.95864936],[-69.27718825,-32.95868134],[-69.27681679,-32.95873155],[-69.2757248,-32.95887914],[-69.27546798,-32.95787445],[-69.27535186,-32.9579144],[-69.27517971,-32.95798098],[-69.27500302,-32.95805486],[-69.27450836,-32.95826905],[-69.27450135,-32.95827199],[-69.27434924,-32.95833395],[-69.2743416,-32.95833695],[-69.27420223,-32.95838995],[-69.27419294,-32.9583933],[-69.27403369,-32.95844823],[-69.27402011,-32.95845262],[-69.27386859,-32.95849825],[-69.27385306,-32.95850255],[-69.2737064,-32.95853973],[-69.27369136,-32.9585432],[-69.2735459,-32.95857275],[-69.27353696,-32.95857446],[-69.27270493,-32.95872235],[-69.27243754,-32.95876724],[-69.27219558,-32.95880535],[-69.27194968,-32.9588409],[-69.27172029,-32.95887056],[-69.27171393,-32.95887132],[-69.27149806,-32.95889549],[-69.27149104,-32.95889621],[-69.27128405,-32.95891548],[-69.27127615,-32.95891614],[-69.27117388,-32.9589235],[-69.2710645,-32.95893138],[-69.2710557,-32.95893192],[-69.27085127,-32.95894188],[-69.27084182,-32.95894222],[-69.2706437,-32.95894694],[-69.27063363,-32.95894705],[-69.27044118,-32.95894655],[-69.27043053,-32.95894637],[-69.27024306,-32.95894063],[-69.27023187,-32.95894012],[-69.27004771,-32.95892904],[-69.27003747,-32.95892825],[-69.26985911,-32.95891198],[-69.26984702,-32.95891068],[-69.26975441,-32.95889923],[-69.26950231,-32.95889491],[-69.26951821,-32.95890676],[-69.26953533,-32.95891736],[-69.26953793,-32.9589188],[-69.27009584,-32.95906597],[-69.27085594,-32.95926648],[-69.27093127,-32.95930236],[-69.27093316,-32.95930326],[-69.27094259,-32.95930801],[-69.27102047,-32.95934874],[-69.2710289,-32.9593533],[-69.27103014,-32.959354],[-69.27111212,-32.95940039],[-69.2711221,-32.95940627],[-69.27126932,-32.95949659],[-69.27127519,-32.95950028],[-69.27127581,-32.95950068],[-69.2716038,-32.9597128],[-69.27167882,-32.9597588],[-69.27174636,-32.95979806],[-69.2718071,-32.95983114],[-69.27186392,-32.95985984],[-69.27191767,-32.9598847],[-69.27196871,-32.95990604],[-69.27203326,-32.95992998],[-69.27210048,-32.9599518],[-69.27217097,-32.95997165],[-69.27224509,-32.95998955],[-69.27232307,-32.96000549],[-69.27240541,-32.96001949],[-69.27249254,-32.96003155],[-69.27258531,-32.96004172],[-69.27259571,-32.96004259],[-69.27267307,-32.96005107],[-69.27276171,-32.96005855],[-69.27285642,-32.96006451],[-69.27295799,-32.96006892],[-69.27306743,-32.96007182],[-69.27329337,-32.96007345],[-69.27374376,-32.96006989],[-69.27374593,-32.96006988],[-69.2737468,-32.96006988],[-69.27393352,-32.9600699],[-69.27394014,-32.96006996],[-69.27413337,-32.96007334],[-69.274143,-32.96007363],[-69.27431492,-32.96008099],[-69.27431879,-32.96008118],[-69.27432424,-32.9600815],[-69.27442369,-32.96008821],[-69.27443167,-32.96008884],[-69.27451055,-32.96009584],[-69.27453846,-32.96009896],[-69.27454774,-32.96010011],[-69.27463527,-32.96011211],[-69.27464513,-32.9601136],[-69.27472966,-32.96012748],[-69.27473008,-32.96012755],[-69.27474005,-32.96012934],[-69.27482172,-32.96014514],[-69.27483221,-32.96014732],[-69.27483258,-32.9601474],[-69.2749116,-32.96016515],[-69.27492286,-32.96016787],[-69.27499941,-32.96018761],[-69.27500789,-32.96018991],[-69.27501408,-32.96019172],[-69.2750989,-32.96021742],[-69.27511238,-32.9602218],[-69.27511516,-32.96022278],[-69.27520284,-32.96025398],[-69.27521697,-32.96025935],[-69.27530836,-32.96029636],[-69.2753106,-32.96029727],[-69.27532036,-32.96030148],[-69.27541712,-32.96034495],[-69.27542591,-32.96034905],[-69.27542623,-32.96034921],[-69.27551288,-32.96039124],[-69.27551953,-32.96039456],[-69.27561529,-32.96044363],[-69.27562138,-32.96044683],[-69.27594871,-32.96062316],[-69.27607074,-32.96068673],[-69.27619139,-32.960745],[-69.27629709,-32.96079042],[-69.27635281,-32.96081159],[-69.27640649,-32.96082979],[-69.27645698,-32.9608447],[-69.2765046,-32.9608566],[-69.27654975,-32.96086572],[-69.27659266,-32.96087226],[-69.27663368,-32.96087642],[-69.27665241,-32.96087734],[-69.27668041,-32.96088161],[-69.27672144,-32.96088577],[-69.27675948,-32.96088763],[-69.27680709,-32.96088705],[-69.27685883,-32.96088307],[-69.27691753,-32.96087512],[-69.27698511,-32.96086245],[-69.27705316,-32.96084681],[-69.27713238,-32.96082596],[-69.27746925,-32.96072647],[-69.2774714,-32.96072584],[-69.277478,-32.960724],[-69.27762235,-32.96068526],[-69.2776358,-32.96068192],[-69.27771377,-32.96066412],[-69.27772661,-32.96066142],[-69.27779945,-32.96064748],[-69.27780706,-32.96064611],[-69.2778144,-32.96064493],[-69.27788353,-32.96063459],[-69.27789689,-32.96063283],[-69.27790046,-32.96063245],[-69.27796658,-32.96062559],[-69.27797922,-32.9606245],[-69.27810531,-32.96061569],[-69.27810998,-32.96061539],[-69.27811243,-32.96061526],[-69.27823682,-32.96060891],[-69.27824418,-32.96060861],[-69.27836654,-32.96060474],[-69.27837419,-32.96060457],[-69.27849426,-32.96060319],[-69.27849778,-32.96060317],[-69.27850223,-32.96060319],[-69.27861974,-32.9606043],[-69.27862806,-32.96060447],[-69.27874289,-32.96060806],[-69.27875112,-32.96060841],[-69.27875159,-32.96060843],[-69.2788636,-32.96061451],[-69.27887271,-32.96061512],[-69.27898176,-32.96062367],[-69.2789913,-32.96062454],[-69.27902266,-32.9606278],[-69.27912197,-32.96064081],[-69.27913244,-32.96064233],[-69.27923186,-32.96065821],[-69.2792339,-32.96065854],[-69.27924283,-32.96066013],[-69.27933897,-32.96067843],[-69.27935044,-32.96068081],[-69.27944322,-32.96070153],[-69.27944329,-32.96070154],[-69.27945519,-32.96070441],[-69.27954458,-32.96072753],[-69.27955279,-32.96072976],[-69.27955703,-32.96073099],[-69.27964299,-32.9607565],[-69.2796559,-32.9607606],[-69.27973838,-32.9607885],[-69.27974091,-32.96078936],[-69.27975658,-32.96079521],[-69.2798319,-32.96082537],[-69.27983537,-32.96082679],[-69.27985308,-32.96083468],[-69.27992892,-32.96087111],[-69.27992976,-32.96087152],[-69.27994725,-32.96088062],[-69.28002429,-32.96092364],[-69.28002466,-32.96092385],[-69.28003974,-32.96093283],[-69.28011917,-32.9609831],[-69.28012118,-32.96098439],[-69.28013132,-32.96099118],[-69.28020793,-32.96104473],[-69.28021406,-32.96104912],[-69.28021714,-32.96105141],[-69.2803002,-32.96111409],[-69.28030661,-32.96111906],[-69.28039073,-32.96118608],[-69.28039367,-32.96118845],[-69.28062113,-32.96137435],[-69.28068675,-32.96142553],[-69.28074449,-32.9614683],[-69.28081053,-32.96151384],[-69.28087066,-32.96155152],[-69.28092671,-32.96158286],[-69.28098125,-32.96160952],[-69.28101991,-32.96162619],[-69.28106254,-32.96164278],[-69.28110775,-32.96165864],[-69.28115332,-32.96167302],[-69.28126156,-32.96170197],[-69.28138308,-32.96172788],[-69.28149257,-32.96174684],[-69.28154993,-32.96175516],[-69.2815509,-32.96175109],[-69.28150201,-32.96166972],[-69.28228417,-32.95784491],[-69.2822079,-32.95762636]]],[[[-69.29686062,-32.95717297],[-69.29684106,-32.9571733],[-69.29683899,-32.9571733],[-69.2968289,-32.95717331],[-69.29670158,-32.95717136],[-69.29628019,-32.95715966],[-69.29613464,-32.95715852],[-69.29598788,-32.95715984],[-69.29597901,-32.95715982],[-69.29593436,-32.95715918],[-69.29591358,-32.95715831],[-69.29586467,-32.95715485],[-69.29584655,-32.95715313],[-69.29579457,-32.95714693],[-69.29577923,-32.95714478],[-69.29572344,-32.95713578],[-69.29571043,-32.95713344],[-69.2956485,-32.95712117],[-69.29563972,-32.95711927],[-69.29557599,-32.95710463],[-69.29556235,-32.95710122],[-69.29542161,-32.95706315],[-69.29540879,-32.95705943],[-69.29527541,-32.95701804],[-69.29526673,-32.95701522],[-69.29514245,-32.95697317],[-69.29511418,-32.9569636],[-69.29510666,-32.95696096],[-69.2950929,-32.95695596],[-69.29513753,-32.95698997],[-69.29523087,-32.95706111],[-69.29491144,-32.95801614],[-69.2946984,-32.96091404],[-69.2942047,-32.9622321],[-69.29419053,-32.96222847],[-69.29418212,-32.96225124],[-69.29337058,-32.96221406],[-69.29293896,-32.96219429],[-69.29284889,-32.96219016],[-69.29284758,-32.96219312],[-69.29283897,-32.96220926],[-69.29282912,-32.96222489],[-69.29281808,-32.96223995],[-69.2928059,-32.96225437],[-69.29279263,-32.96226808],[-69.29277831,-32.96228104],[-69.29276303,-32.96229317],[-69.29274683,-32.96230444],[-69.2927298,-32.96231479],[-69.292712,-32.96232418],[-69.29269351,-32.96233257],[-69.29267441,-32.96233992],[-69.29265478,-32.9623462],[-69.29265245,-32.96234686],[-69.29243765,-32.96240734],[-69.29242891,-32.96240969],[-69.2922148,-32.96246429],[-69.2922058,-32.96246647],[-69.29220577,-32.96246648],[-69.29199235,-32.9625152],[-69.29198304,-32.9625172],[-69.29177031,-32.96256004],[-69.29176073,-32.96256184],[-69.2915487,-32.96259879],[-69.2915472,-32.96259905],[-69.29153887,-32.96260037],[-69.29132753,-32.96263145],[-69.29131746,-32.96263279],[-69.29110681,-32.96265799],[-69.2911045,-32.96265826],[-69.29109655,-32.96265908],[-69.29088659,-32.96267839],[-69.29087615,-32.96267921],[-69.29066688,-32.96269264],[-69.29066438,-32.96269279],[-69.29065629,-32.96269317],[-69.29044771,-32.96270073],[-69.290437,-32.96270097],[-69.29022912,-32.96270264],[-69.29022694,-32.96270265],[-69.29021833,-32.96270257],[-69.29001113,-32.96269837],[-69.2900003,-32.96269799],[-69.28979379,-32.9626879],[-69.28979225,-32.96268783],[-69.28978295,-32.96268722],[-69.28957714,-32.96267125],[-69.28956632,-32.96267025],[-69.28944896,-32.96265774],[-69.28944818,-32.96265766],[-69.28943821,-32.96265644],[-69.28923378,-32.96262871],[-69.28922302,-32.96262709],[-69.28921955,-32.9626265],[-69.28915615,-32.96261541],[-69.2891399,-32.96261219],[-69.28907353,-32.96259751],[-69.28907279,-32.96259734],[-69.28905938,-32.96259409],[-69.2889894,-32.96257567],[-69.28898269,-32.96257384],[-69.28897735,-32.96257228],[-69.28890252,-32.96254981],[-69.28888967,-32.96254569],[-69.28874552,-32.96249645],[-69.28874404,-32.96249594],[-69.28873602,-32.96249306],[-69.2884726,-32.96239466],[-69.28837533,-32.96235977],[-69.28828089,-32.96232899],[-69.28820066,-32.96230661],[-69.28816026,-32.96229718],[-69.28812214,-32.96228975],[-69.28808763,-32.96228447],[-69.28805646,-32.96228111],[-69.2880283,-32.96227944],[-69.28802805,-32.96227944],[-69.28800288,-32.96227924],[-69.28797985,-32.96228033],[-69.28796288,-32.96228211],[-69.28793261,-32.96228783],[-69.28790058,-32.96229721],[-69.28786122,-32.96231263],[-69.28781326,-32.96233583],[-69.28776071,-32.96236546],[-69.28769702,-32.96240562],[-69.28762651,-32.96245361],[-69.28741389,-32.96260341],[-69.28740586,-32.96260889],[-69.28733916,-32.96265288],[-69.28733745,-32.962654],[-69.28732992,-32.96265876],[-69.28726945,-32.96269576],[-69.28725996,-32.96270135],[-69.287256,-32.96270355],[-69.2871857,-32.96274213],[-69.28717184,-32.96274932],[-69.28716679,-32.96275174],[-69.28710006,-32.96278308],[-69.28708662,-32.96278904],[-69.28707669,-32.96279302],[-69.28701224,-32.96281772],[-69.28700306,-32.96282109],[-69.28698426,-32.96282713],[-69.28692142,-32.96284543],[-69.28692059,-32.96284567],[-69.28690052,-32.96285086],[-69.28689415,-32.96285225],[-69.28684879,-32.96286177],[-69.28683472,-32.96286445],[-69.286826,-32.96286582],[-69.28677884,-32.96287271],[-69.28676685,-32.96287426],[-69.28675698,-32.96287525],[-69.28670791,-32.96287951],[-69.2866969,-32.9628803],[-69.28668731,-32.96288073],[-69.28663621,-32.96288238],[-69.28662482,-32.96288258],[-69.28661711,-32.96288252],[-69.2865639,-32.96288156],[-69.28655062,-32.96288109],[-69.28654644,-32.96288085],[-69.28649083,-32.96287729],[-69.28647508,-32.96287595],[-69.28641682,-32.96286977],[-69.28641585,-32.96286967],[-69.28640278,-32.96286802],[-69.28640119,-32.96286779],[-69.28634147,-32.96285918],[-69.28633381,-32.96285799],[-69.28632572,-32.96285656],[-69.2862194,-32.96283658],[-69.28620703,-32.96283403],[-69.28620391,-32.96283332],[-69.28608384,-32.9628054],[-69.28607365,-32.96280288],[-69.28595759,-32.96277237],[-69.28595302,-32.96277114],[-69.28567884,-32.96269525],[-69.28554873,-32.96266253],[-69.28549044,-32.96264975],[-69.28543733,-32.96263961],[-69.28538971,-32.96263207],[-69.28534738,-32.96262691],[-69.28530927,-32.96262388],[-69.28530623,-32.96262364],[-69.28527028,-32.96262253],[-69.28523888,-32.96262325],[-69.28521164,-32.96262548],[-69.28518799,-32.96262894],[-69.28516737,-32.96263342],[-69.28514904,-32.96263882],[-69.28513343,-32.96264473],[-69.28512432,-32.96264911],[-69.28511161,-32.96265663],[-69.28509367,-32.9626692],[-69.2850719,-32.9626867],[-69.2850167,-32.96273768],[-69.28486153,-32.9628941],[-69.28485719,-32.96289838],[-69.28485,-32.9629051],[-69.28480527,-32.96294552],[-69.28479816,-32.96295174],[-69.28479192,-32.96295688],[-69.28475023,-32.96299035],[-69.28474118,-32.96299734],[-69.28473103,-32.96300458],[-69.28468553,-32.96303568],[-69.28467948,-32.96303971],[-69.28466245,-32.96305006],[-69.28465878,-32.9630521],[-69.284614,-32.96307673],[-69.28459986,-32.96308407],[-69.28458137,-32.96309246],[-69.28458021,-32.96309294],[-69.28453542,-32.9631115],[-69.28451748,-32.96311837],[-69.28449785,-32.96312465],[-69.28449497,-32.96312546],[-69.28444976,-32.96313811],[-69.28443256,-32.96314248],[-69.28441581,-32.9631459],[-69.28436949,-32.96315425],[-69.28436581,-32.9631549],[-69.28434791,-32.9631575],[-69.28429801,-32.96316354],[-69.28429519,-32.96316387],[-69.28427871,-32.96316537],[-69.28422543,-32.96316906],[-69.28422102,-32.96316934],[-69.28420808,-32.96316986],[-69.28415173,-32.96317118],[-69.28414369,-32.96317128],[-69.28413597,-32.96317122],[-69.2840767,-32.96317015],[-69.28406343,-32.96316968],[-69.28406218,-32.96316962],[-69.2840008,-32.96316616],[-69.2839872,-32.96316515],[-69.28392442,-32.96315935],[-69.28391837,-32.96315874],[-69.28391135,-32.96315791],[-69.28388287,-32.96315428],[-69.28384832,-32.96314987],[-69.28383461,-32.96314786],[-69.28383095,-32.96314724],[-69.28379503,-32.96314093],[-69.28377823,-32.96313758],[-69.28377385,-32.96313657],[-69.28373804,-32.96312811],[-69.28372231,-32.96312403],[-69.28371793,-32.96312276],[-69.28368215,-32.96311212],[-69.28366686,-32.9631072],[-69.28366338,-32.96310598],[-69.28362754,-32.96309314],[-69.28361187,-32.96308711],[-69.2836103,-32.96308645],[-69.28357433,-32.9630714],[-69.28355871,-32.9630644],[-69.28352243,-32.96304705],[-69.28352109,-32.9630464],[-69.28350322,-32.96303709],[-69.28350211,-32.96303646],[-69.28342786,-32.9629945],[-69.28341187,-32.96298486],[-69.28340809,-32.96298239],[-69.28334409,-32.96293993],[-69.28333161,-32.96293121],[-69.28333063,-32.96293049],[-69.28326115,-32.96287898],[-69.28325238,-32.96287223],[-69.28318573,-32.96281901],[-69.28318186,-32.96281587],[-69.28301764,-32.96268026],[-69.28293402,-32.96261613],[-69.28289541,-32.96258933],[-69.28285983,-32.96256687],[-69.28282786,-32.96254883],[-69.28279937,-32.96253476],[-69.28272657,-32.9625042],[-69.2826468,-32.96247624],[-69.28255817,-32.9624505],[-69.28245904,-32.96242682],[-69.28234369,-32.96240434],[-69.28220948,-32.96238306],[-69.28205976,-32.96236326],[-69.28161338,-32.96230981],[-69.28160413,-32.96230858],[-69.28146645,-32.96228863],[-69.28145907,-32.96228748],[-69.28145625,-32.962287],[-69.2813346,-32.96226593],[-69.28132052,-32.96226321],[-69.28118272,-32.96223384],[-69.28117916,-32.96223306],[-69.28116433,-32.96222942],[-69.28103922,-32.96219595],[-69.28103394,-32.9621945],[-69.28102385,-32.96219148],[-69.28096519,-32.96217298],[-69.28095561,-32.96216981],[-69.28095433,-32.96216936],[-69.28089806,-32.96214962],[-69.28088681,-32.96214546],[-69.28083276,-32.96212442],[-69.28082615,-32.96212176],[-69.28082121,-32.96211968],[-69.28076929,-32.9620973],[-69.28075567,-32.96209108],[-69.28075439,-32.96209045],[-69.28068416,-32.96205612],[-69.28066779,-32.96204755],[-69.28059655,-32.96200771],[-69.28059634,-32.9620076],[-69.28058249,-32.96199939],[-69.28050948,-32.96195365],[-69.28050624,-32.96195159],[-69.28049773,-32.96194592],[-69.28042153,-32.96189338],[-69.28041377,-32.96188785],[-69.28041289,-32.9618872],[-69.28034781,-32.96183899],[-69.2803417,-32.96183434],[-69.28027031,-32.96177867],[-69.28026488,-32.96177433],[-69.28003619,-32.96158743],[-69.27995672,-32.9615241],[-69.27988143,-32.96146729],[-69.27981545,-32.96142118],[-69.27974978,-32.96137962],[-69.2796896,-32.96134602],[-69.27963351,-32.96131907],[-69.27957796,-32.96129683],[-69.2795111,-32.96127421],[-69.27943783,-32.96125246],[-69.27936064,-32.9612325],[-69.27927958,-32.9612144],[-69.27919466,-32.96119822],[-69.27910595,-32.96118406],[-69.27901354,-32.96117195],[-69.27893411,-32.9611637],[-69.27892579,-32.96116261],[-69.27882977,-32.96115263],[-69.27873005,-32.96114481],[-69.27862696,-32.96113921],[-69.27852063,-32.96113588],[-69.27841126,-32.96113485],[-69.278299,-32.96113614],[-69.27818415,-32.96113977],[-69.27806701,-32.96114574],[-69.27795081,-32.96115386],[-69.27789951,-32.96115918],[-69.27784632,-32.96116714],[-69.27778738,-32.96117842],[-69.27772259,-32.96119321],[-69.27758932,-32.96122898],[-69.27725159,-32.96132873],[-69.27724944,-32.96132936],[-69.27724111,-32.96133166],[-69.27715105,-32.96135536],[-69.27713987,-32.96135811],[-69.27705885,-32.96137674],[-69.27705829,-32.96137687],[-69.27704407,-32.96137982],[-69.27695975,-32.96139563],[-69.27695353,-32.96139674],[-69.27694102,-32.96139865],[-69.27686206,-32.96140934],[-69.27685387,-32.96141036],[-69.27684031,-32.96141165],[-69.27676542,-32.96141741],[-69.27675809,-32.9614179],[-69.27674092,-32.9614185],[-69.27666939,-32.96141938],[-69.27666558,-32.9614194],[-69.27664612,-32.96141895],[-69.27658656,-32.96141603],[-69.27658503,-32.96141595],[-69.27657314,-32.96141504],[-69.27651439,-32.96140608],[-69.27650973,-32.96140534],[-69.27649673,-32.96140295],[-69.27643456,-32.96139039],[-69.2764271,-32.9613888],[-69.27641819,-32.9613867],[-69.27635489,-32.96137089],[-69.27634369,-32.9613679],[-69.2763399,-32.9613668],[-69.27627513,-32.96134766],[-69.27626156,-32.96134336],[-69.27619502,-32.96132081],[-69.27619272,-32.96132002],[-69.27618289,-32.96131645],[-69.27611414,-32.96129033],[-69.27610483,-32.96128664],[-69.27610028,-32.96128472],[-69.27598074,-32.96123335],[-69.27596694,-32.96122706],[-69.27583486,-32.96116327],[-69.27583465,-32.96116317],[-69.27582568,-32.96115867],[-69.27569704,-32.96109165],[-69.27569296,-32.96108949],[-69.27536662,-32.96091369],[-69.27527724,-32.96086789],[-69.27519845,-32.96082967],[-69.27511221,-32.96079092],[-69.27503387,-32.9607592],[-69.27496137,-32.9607334],[-69.27489204,-32.96071239],[-69.27482849,-32.960696],[-69.27476052,-32.96068074],[-69.27468948,-32.960667],[-69.27461508,-32.96065478],[-69.27453711,-32.96064409],[-69.27445507,-32.96063491],[-69.27443472,-32.9606331],[-69.27436731,-32.96062556],[-69.27428073,-32.96061788],[-69.27418994,-32.96061175],[-69.27402749,-32.96060479],[-69.27384238,-32.96060155],[-69.27366049,-32.96060153],[-69.27320874,-32.9606051],[-69.27320657,-32.96060511],[-69.273203,-32.9606051],[-69.27297053,-32.96060343],[-69.27296321,-32.9606033],[-69.27284688,-32.96060023],[-69.27284041,-32.9606],[-69.27273194,-32.96059528],[-69.27272831,-32.96059511],[-69.27272461,-32.96059489],[-69.27262217,-32.96058845],[-69.27261404,-32.96058786],[-69.27252237,-32.96058011],[-69.27249227,-32.96057682],[-69.2724816,-32.96057549],[-69.27238341,-32.9605619],[-69.27237363,-32.96056041],[-69.27237196,-32.96056013],[-69.27227782,-32.96054412],[-69.27226568,-32.96054185],[-69.27217523,-32.96052336],[-69.27216858,-32.96052194],[-69.27216246,-32.96052052],[-69.27207532,-32.96049948],[-69.27206204,-32.960496],[-69.27197806,-32.96047236],[-69.27197735,-32.96047216],[-69.2719644,-32.96046822],[-69.27188339,-32.96044193],[-69.27187667,-32.96043967],[-69.27186948,-32.96043709],[-69.27179129,-32.96040809],[-69.27177933,-32.96040341],[-69.27177793,-32.96040282],[-69.27171432,-32.96037623],[-69.27170253,-32.96037104],[-69.27163763,-32.96034101],[-69.27163227,-32.96033848],[-69.2716271,-32.96033592],[-69.2715604,-32.96030224],[-69.27155116,-32.96029739],[-69.27148182,-32.96025962],[-69.27147838,-32.96025772],[-69.27147383,-32.96025513],[-69.27139899,-32.96021163],[-69.27139236,-32.96020767],[-69.27131074,-32.96015762],[-69.27130482,-32.9601539],[-69.2713042,-32.9601535],[-69.27097619,-32.95994137],[-69.27083717,-32.95985608],[-69.27076504,-32.95981526],[-69.27069764,-32.95978001],[-69.2706344,-32.9597499],[-69.27057521,-32.95972463],[-69.27052683,-32.95970672],[-69.27047326,-32.95968988],[-69.2704124,-32.95967366],[-69.27034416,-32.95965824],[-69.27019855,-32.9596315],[-69.26991585,-32.95958829],[-69.26991131,-32.95958756],[-69.26991125,-32.95958755],[-69.26980213,-32.95956948],[-69.26979212,-32.95956768],[-69.26968399,-32.95954674],[-69.26967361,-32.95954457],[-69.2696697,-32.95954367],[-69.26957484,-32.95952138],[-69.26955865,-32.95951718],[-69.26955585,-32.95951638],[-69.26945549,-32.95948703],[-69.26943862,-32.95948164],[-69.26943161,-32.95947913],[-69.2693417,-32.95944583],[-69.26932957,-32.95944108],[-69.26932209,-32.95943789],[-69.2692805,-32.95941956],[-69.26926943,-32.95941445],[-69.26926689,-32.95941321],[-69.2692274,-32.95939369],[-69.26921356,-32.95938645],[-69.26917607,-32.9593657],[-69.26917459,-32.95936487],[-69.2691622,-32.95935757],[-69.26912663,-32.95933554],[-69.26912192,-32.95933257],[-69.26910566,-32.95932138],[-69.26910416,-32.95932027],[-69.26905349,-32.95928253],[-69.26903963,-32.95927157],[-69.26902925,-32.95926245],[-69.26897709,-32.95921442],[-69.26897308,-32.95921065],[-69.26896246,-32.95919995],[-69.26891519,-32.95914975],[-69.26891245,-32.95914679],[-69.26890905,-32.95914301],[-69.26880333,-32.95902319],[-69.26875697,-32.95897677],[-69.26874142,-32.95896353],[-69.26872798,-32.95895364],[-69.26871842,-32.95894772],[-69.26871006,-32.9589435],[-69.26867308,-32.9589283],[-69.26863204,-32.95891435],[-69.2685887,-32.95890249],[-69.26854275,-32.95889275],[-69.26849393,-32.95888519],[-69.26844202,-32.95887994],[-69.26838686,-32.95887712],[-69.26837531,-32.95887707],[-69.26772743,-32.9587331],[-69.26749298,-32.95862035],[-69.26732147,-32.95855165],[-69.26901625,-32.96040026],[-69.26991665,-32.96130642],[-69.26989009,-32.96133793],[-69.26992855,-32.96137919],[-69.26970302,-32.96166596],[-69.26913776,-32.96190575],[-69.26882568,-32.96193397],[-69.26880014,-32.96193627],[-69.26670465,-32.96212568],[-69.26625489,-32.96196938],[-69.26621791,-32.96195653],[-69.26604461,-32.96195355],[-69.26514761,-32.96193814],[-69.26393002,-32.96170215],[-69.26380415,-32.9617582],[-69.26285118,-32.96227226],[-69.26284467,-32.96227577],[-69.261988,-32.963115],[-69.26168233,-32.96339161],[-69.261199,-32.96353655],[-69.26048338,-32.96371337],[-69.25992193,-32.96417261],[-69.25966463,-32.96438307],[-69.25960525,-32.96440289],[-69.25924636,-32.9645064],[-69.25849916,-32.9641934],[-69.25787456,-32.96385299],[-69.25694553,-32.96360141],[-69.25630657,-32.96347279],[-69.25612434,-32.9634361],[-69.25611408,-32.96343714],[-69.2549748,-32.96355249],[-69.25411717,-32.9641066],[-69.25323529,-32.96449011],[-69.25171456,-32.96521048],[-69.25117759,-32.96547399],[-69.2503913,-32.96607613],[-69.24987919,-32.9666933],[-69.24928042,-32.96705076],[-69.24811922,-32.96691845],[-69.24753991,-32.96684044],[-69.24658564,-32.96687002],[-69.24617273,-32.96697581],[-69.24583326,-32.96710689],[-69.24507025,-32.96751396],[-69.2450425,-32.96752377],[-69.24454768,-32.96769871],[-69.24405239,-32.96787381],[-69.24393291,-32.96788124],[-69.24286393,-32.9679477],[-69.24241187,-32.96806798],[-69.24215247,-32.96813701],[-69.24006409,-32.96869267],[-69.2399629,-32.96874982],[-69.23986022,-32.96880781],[-69.23980976,-32.9688363],[-69.23996754,-32.96905076],[-69.24001879,-32.96912042],[-69.23967523,-32.9692976],[-69.2388548,-32.96941846],[-69.23837328,-32.96927624],[-69.23814661,-32.96918124],[-69.23743868,-32.96903945],[-69.23735339,-32.96889647],[-69.23690031,-32.9688019],[-69.23673024,-32.9687068],[-69.23639043,-32.96863587],[-69.23636181,-32.96851664],[-69.23608287,-32.96836768],[-69.23602695,-32.96837793],[-69.23602045,-32.96837906],[-69.23589926,-32.96839906],[-69.23589275,-32.96840008],[-69.23577104,-32.96841798],[-69.2357645,-32.96841888],[-69.23564254,-32.96843464],[-69.23563595,-32.96843543],[-69.23551399,-32.96844902],[-69.23550733,-32.9684497],[-69.23538564,-32.96846108],[-69.23537937,-32.96846161],[-69.23521274,-32.9684744],[-69.23520755,-32.96847475],[-69.23506886,-32.96848314],[-69.23400212,-32.96844175],[-69.23319699,-32.96831792],[-69.2331124,-32.9682913],[-69.23309475,-32.96828524],[-69.23300754,-32.96825223],[-69.23298463,-32.96824261],[-69.23289804,-32.96820256],[-69.23287848,-32.96819273],[-69.2327895,-32.96814434],[-69.23277381,-32.96813522],[-69.23268163,-32.96807807],[-69.23266994,-32.96807047],[-69.23259177,-32.96801717],[-69.23258365,-32.96801144],[-69.23249794,-32.96794895],[-69.23249093,-32.96794369],[-69.23221751,-32.96773206],[-69.23215013,-32.96768151],[-69.2321231,-32.96766124],[-69.2320347,-32.96759925],[-69.23200515,-32.9675804],[-69.23195693,-32.96754964],[-69.23188264,-32.96750765],[-69.23181414,-32.9674744],[-69.23174992,-32.96744855],[-69.23168455,-32.96742775],[-69.23163461,-32.96741474],[-69.23157832,-32.9674017],[-69.23144455,-32.96737571],[-69.2312906,-32.96735193],[-69.23108798,-32.96732624],[-69.23103921,-32.96732116],[-69.23101694,-32.96731883],[-69.23097245,-32.9673142],[-69.23094287,-32.96731194],[-69.23085508,-32.96730524],[-69.23073448,-32.96729928],[-69.23061049,-32.96729632],[-69.23048298,-32.9672964],[-69.23035169,-32.96729955],[-69.2302164,-32.9673058],[-69.23007676,-32.9673152],[-69.22993441,-32.9673276],[-69.22978699,-32.96734319],[-69.22963394,-32.96736205],[-69.22947435,-32.96738431],[-69.2293083,-32.96740995],[-69.22913267,-32.96743946],[-69.22894485,-32.96747329],[-69.22873856,-32.96751259],[-69.22866886,-32.96752667],[-69.22702098,-32.96797113],[-69.22805346,-32.96855405],[-69.22828741,-32.96863476],[-69.22833251,-32.96865032],[-69.23005691,-32.96877187],[-69.23095657,-32.96909985],[-69.23100368,-32.96912119],[-69.23104557,-32.96914856],[-69.23106246,-32.96916302],[-69.23113363,-32.96923897],[-69.23120042,-32.96933666],[-69.23147953,-32.96960192],[-69.23149226,-32.9696148],[-69.23152134,-32.96965214],[-69.23153797,-32.96968214],[-69.23226494,-32.97123546],[-69.23264842,-32.97167817],[-69.23334893,-32.97205885],[-69.2336159,-32.97207214],[-69.23365186,-32.97209169],[-69.2342699,-32.97212589],[-69.23449971,-32.97213861],[-69.2349378,-32.97227283],[-69.23612365,-32.97320961],[-69.23635414,-32.97333386],[-69.23730196,-32.97336057],[-69.23731702,-32.97336129],[-69.23736932,-32.97336855],[-69.23740731,-32.97337873],[-69.2374386,-32.97338896],[-69.23761995,-32.97339412],[-69.23815587,-32.97357709],[-69.23893603,-32.97451471],[-69.2397223,-32.97501649],[-69.24014286,-32.97570918],[-69.24122754,-32.97647597],[-69.24153134,-32.97726908],[-69.24256173,-32.97764296],[-69.2430437,-32.97830959],[-69.24373831,-32.9786413],[-69.24425327,-32.97909731],[-69.24466636,-32.97964901],[-69.24488667,-32.98029611],[-69.24473085,-32.98303137],[-69.24481038,-32.98352745],[-69.24513517,-32.98435992],[-69.245891,-32.98534435],[-69.24729074,-32.98644842],[-69.24776914,-32.9870727],[-69.24814821,-32.9885596],[-69.24800404,-32.98975178],[-69.24807114,-32.99004354],[-69.24825942,-32.99018658],[-69.24849775,-32.99027035],[-69.24854116,-32.99028561],[-69.24944063,-32.99034637],[-69.2496097,-32.99028169],[-69.25015141,-32.99007443],[-69.25028741,-32.99005039],[-69.25071139,-32.98990139],[-69.25070806,-32.9898956],[-69.25183199,-32.98987051],[-69.25195085,-32.98990977],[-69.25214091,-32.98990708],[-69.25276804,-32.99002835],[-69.25359945,-32.9906211],[-69.2549829,-32.99238965],[-69.25556052,-32.9928981],[-69.25577269,-32.99299575],[-69.25603214,-32.99311515],[-69.2562617,-32.99318434],[-69.25728263,-32.99349203],[-69.25782962,-32.99403209],[-69.25856926,-32.99412478],[-69.25858799,-32.99412992],[-69.25888325,-32.99414711],[-69.25938796,-32.99429958],[-69.25954167,-32.99441824],[-69.25974903,-32.99478086],[-69.25987948,-32.99485967],[-69.26244794,-32.9957624],[-69.26328001,-32.99572035],[-69.2637439,-32.99558577],[-69.2640268,-32.99551837],[-69.26485288,-32.99552128],[-69.2650255,-32.99552608],[-69.26511641,-32.99551775],[-69.26538522,-32.99553609],[-69.26611074,-32.99558559],[-69.26624996,-32.99559509],[-69.26703067,-32.99576239],[-69.26764163,-32.99601973],[-69.26845772,-32.99645782],[-69.26963391,-32.99733687],[-69.2701044,-32.99760252],[-69.27040728,-32.99767455],[-69.27045576,-32.99767576],[-69.27085011,-32.99767664],[-69.27085723,-32.99767673],[-69.27102308,-32.9976802],[-69.27103384,-32.99768058],[-69.27112251,-32.99768494],[-69.27113102,-32.99768546],[-69.27121468,-32.9976918],[-69.27122615,-32.99769285],[-69.27130327,-32.99770107],[-69.27131601,-32.99770264],[-69.27138895,-32.99771293],[-69.27139983,-32.99771463],[-69.27154511,-32.9977395],[-69.27169198,-32.99774567],[-69.27271295,-32.99797783],[-69.27335566,-32.99820179],[-69.27394836,-32.99847462],[-69.27497766,-32.99915427],[-69.27610956,-32.9993176],[-69.27677544,-32.99954729],[-69.27728498,-32.99980438],[-69.27816919,-33.00034234],[-69.27906337,-33.00117984],[-69.27930527,-33.0013208],[-69.27932042,-33.00131594],[-69.27937961,-33.00129408],[-69.27967701,-33.00117007],[-69.27968521,-33.00116677],[-69.2797581,-33.00113852],[-69.27976656,-33.00113542],[-69.27982988,-33.00111319],[-69.27984525,-33.00110817],[-69.27991775,-33.00108632],[-69.27993907,-33.00108059],[-69.28000644,-33.00106465],[-69.28001361,-33.00106302],[-69.28003236,-33.00105948],[-69.2800959,-33.00104914],[-69.28012639,-33.00104544],[-69.28018825,-33.00104049],[-69.28021269,-33.00103942],[-69.28025262,-33.00103895],[-69.28027044,-33.00103916],[-69.28031106,-33.00104059],[-69.28032334,-33.00104122],[-69.28033634,-33.00104232],[-69.28042001,-33.00105088],[-69.28045024,-33.00105521],[-69.28053782,-33.00107143],[-69.2805469,-33.00107323],[-69.2805524,-33.00107452],[-69.28057348,-33.00107188],[-69.28097924,-33.00113972],[-69.28185463,-33.00144865],[-69.28190593,-33.00144655],[-69.28198247,-33.00144168],[-69.28232083,-33.0014124],[-69.28232763,-33.00141188],[-69.28247714,-33.00140218],[-69.28248945,-33.00140158],[-69.28256991,-33.00139898],[-69.28258153,-33.00139878],[-69.28265634,-33.00139864],[-69.28266958,-33.00139884],[-69.28274023,-33.00140117],[-69.28275412,-33.00140188],[-69.28282441,-33.00140693],[-69.28309839,-33.00142989],[-69.28321879,-33.00144157],[-69.28322929,-33.00144274],[-69.28334823,-33.00145765],[-69.28336341,-33.00145987],[-69.28346768,-33.00147729],[-69.28348524,-33.00148067],[-69.28349549,-33.00148295],[-69.28377072,-33.00151],[-69.28407061,-33.00159186],[-69.28430624,-33.00171434],[-69.28473252,-33.00219956],[-69.28488516,-33.00230682],[-69.28516583,-33.00239794],[-69.28523877,-33.00240596],[-69.28533122,-33.00240881],[-69.28544047,-33.00240976],[-69.28566974,-33.00240609],[-69.2861227,-33.00239018],[-69.28630624,-33.00238551],[-69.28631456,-33.00238539],[-69.28650002,-33.00238473],[-69.28651259,-33.00238489],[-69.2866759,-33.00238971],[-69.2868215,-33.00239521],[-69.28696475,-33.00239747],[-69.28711199,-33.00239668],[-69.28726365,-33.0023928],[-69.28742004,-33.00238583],[-69.28758204,-33.00237569],[-69.28775047,-33.00236232],[-69.28792578,-33.00234567],[-69.28823065,-33.0023111],[-69.28857232,-33.0022658],[-69.28890297,-33.00221754],[-69.28971402,-33.00209414],[-69.29013692,-33.00203476],[-69.29035287,-33.00200762],[-69.29055559,-33.00198479],[-69.29074905,-33.00196582],[-69.29093173,-33.00195081],[-69.29093705,-33.00195041],[-69.29113056,-33.0019381],[-69.2911385,-33.00193768],[-69.29132342,-33.0019298],[-69.29133196,-33.00192953],[-69.29151092,-33.00192592],[-69.29152004,-33.00192585],[-69.29169373,-33.00192651],[-69.29170339,-33.00192667],[-69.29187258,-33.0019316],[-69.29188273,-33.00193203],[-69.29204987,-33.00194138],[-69.29205827,-33.00194199],[-69.29221939,-33.00195552],[-69.29223036,-33.0019566],[-69.29238793,-33.00197447],[-69.29240049,-33.00197611],[-69.29247178,-33.00198662],[-69.29253341,-33.00198929],[-69.29303504,-33.00206986],[-69.29352863,-33.00221764],[-69.29568263,-33.00314722],[-69.29608467,-33.00325379],[-69.29613619,-33.00325402],[-69.29618934,-33.00325231],[-69.29624115,-33.00324869],[-69.29629177,-33.00324317],[-69.29634134,-33.00323579],[-69.29639002,-33.00322652],[-69.29643806,-33.00321534],[-69.29650123,-33.00319792],[-69.29656676,-33.00317712],[-69.29663479,-33.0031528],[-69.2967055,-33.00312479],[-69.29677898,-33.00309296],[-69.29685561,-33.00305707],[-69.29693571,-33.00301689],[-69.29701882,-33.00297261],[-69.29716923,-33.0028868],[-69.29733804,-33.00278368],[-69.29750201,-33.00267885],[-69.29790037,-33.00241886],[-69.29810368,-33.00229109],[-69.29843594,-33.00208623],[-69.29872714,-33.0019017],[-69.29899359,-33.00172724],[-69.29924008,-33.00155972],[-69.2994723,-33.00139522],[-69.29968993,-33.00123393],[-69.29989455,-33.0010747],[-69.30008801,-33.00091611],[-69.30025741,-33.00077149],[-69.30041648,-33.00063168],[-69.30056593,-33.00049608],[-69.30070661,-33.00036391],[-69.30083947,-33.00023432],[-69.30096468,-33.00010717],[-69.30108259,-32.9999821],[-69.30119312,-32.99985928],[-69.30126882,-32.99977017],[-69.30134254,-32.99967755],[-69.30141482,-32.99958068],[-69.30148588,-32.99947925],[-69.30155583,-32.99937302],[-69.30162505,-32.99926137],[-69.30169386,-32.99914373],[-69.30176284,-32.999019],[-69.30181948,-32.99891152],[-69.30187677,-32.99879826],[-69.30199838,-32.99854405],[-69.30211211,-32.99829273],[-69.30239636,-32.9976478],[-69.30246938,-32.99748819],[-69.30266851,-32.99703109],[-69.30283829,-32.99677302],[-69.30292093,-32.99663643],[-69.30300086,-32.99650289],[-69.30308494,-32.99635058],[-69.30316385,-32.99619923],[-69.3033568,-32.99581932],[-69.30345981,-32.99562592],[-69.3034628,-32.99562047],[-69.30351511,-32.99552783],[-69.30351784,-32.99552313],[-69.30356861,-32.99543753],[-69.30357183,-32.99543224],[-69.30362246,-32.9953514],[-69.30362563,-32.99534649],[-69.30367541,-32.99527151],[-69.30368049,-32.99526411],[-69.30374668,-32.99517141],[-69.30375351,-32.99516226],[-69.30382043,-32.99507647],[-69.30382848,-32.99506664],[-69.30389661,-32.99498718],[-69.30390444,-32.99497844],[-69.30397563,-32.9949033],[-69.3039864,-32.99489252],[-69.30405797,-32.99482458],[-69.30407023,-32.99481358],[-69.30414383,-32.99475111],[-69.30415556,-32.99474166],[-69.30423342,-32.99468293],[-69.30424866,-32.99467214],[-69.30432688,-32.99462015],[-69.30432912,-32.99461874],[-69.30440113,-32.9945577],[-69.30451527,-32.99451297],[-69.30458792,-32.99447657],[-69.30459791,-32.99447176],[-69.30468159,-32.99443318],[-69.30469118,-32.99442893],[-69.304779,-32.99439163],[-69.30478816,-32.99438789],[-69.30488015,-32.99435185],[-69.30488728,-32.99434915],[-69.30498508,-32.99431377],[-69.30499338,-32.99431088],[-69.30509384,-32.99427732],[-69.3051017,-32.9942748],[-69.3052061,-32.99424256],[-69.30521352,-32.99424035],[-69.3053223,-32.99420929],[-69.30532931,-32.99420736],[-69.30544256,-32.99417745],[-69.30544916,-32.99417577],[-69.30556706,-32.99414695],[-69.30557326,-32.99414549],[-69.30569583,-32.99411777],[-69.30570048,-32.99411675],[-69.30583208,-32.99408921],[-69.30597066,-32.99406232],[-69.30611308,-32.99403667],[-69.30612271,-32.99403507],[-69.30628583,-32.99401008],[-69.30629963,-32.99400823],[-69.30647127,-32.99398839],[-69.30648388,-32.99398714],[-69.30666709,-32.99397217],[-69.30667661,-32.99397155],[-69.30687011,-32.99396152],[-69.30687977,-32.99396114],[-69.30707882,-32.99395589],[-69.30708678,-32.99395576],[-69.30730952,-32.99395456],[-69.30755562,-32.99395714],[-69.30791945,-32.99396455],[-69.30829289,-32.99397593],[-69.3084747,-32.99398411],[-69.30865138,-32.99399391],[-69.30882358,-32.99400534],[-69.30899318,-32.99401854],[-69.30915855,-32.9940334],[-69.30932043,-32.99404999],[-69.30947916,-32.99406836],[-69.30963457,-32.9940885],[-69.30978673,-32.99411042],[-69.3099357,-32.99413415],[-69.30999513,-32.99414457],[-69.31038458,-32.99419236],[-69.31153608,-32.99448483],[-69.31258062,-32.99489304],[-69.31356478,-32.9954232],[-69.31448736,-32.99607382],[-69.31505346,-32.9967428],[-69.31530136,-32.99680918],[-69.31558817,-32.99688598],[-69.31579397,-32.99690821],[-69.31582551,-32.99691161],[-69.31588713,-32.99694248],[-69.31587063,-32.99694372],[-69.31777731,-32.99782714],[-69.32029516,-32.99698822],[-69.32179036,-32.99572263],[-69.32179972,-32.99571502],[-69.32184146,-32.99568747],[-69.321888,-32.99566609],[-69.32193809,-32.99565145],[-69.32196648,-32.99564646],[-69.32321601,-32.99547575],[-69.32420124,-32.99409194],[-69.32422258,-32.99406562],[-69.32425837,-32.99403266],[-69.32429458,-32.99400824],[-69.32649824,-32.99273082],[-69.32650376,-32.99272769],[-69.3265503,-32.99270631],[-69.32660039,-32.99269167],[-69.32661702,-32.99268847],[-69.32941248,-32.99221587],[-69.32944811,-32.99221158],[-69.32950112,-32.99221145],[-69.32955344,-32.99221866],[-69.32958437,-32.99222659],[-69.33161096,-32.99284155],[-69.33163023,-32.992848],[-69.33167613,-32.9928687],[-69.33377874,-32.99401093],[-69.33381371,-32.99403297],[-69.33567482,-32.99538149],[-69.33770008,-32.99580236],[-69.33908192,-32.99525437],[-69.33924419,-32.99348775],[-69.33924744,-32.99346496],[-69.33926029,-32.99342162],[-69.33928143,-32.99338065],[-69.33931028,-32.99334317],[-69.33933453,-32.99331966],[-69.34078516,-32.99206743],[-69.34185727,-32.99105582],[-69.34242765,-32.99053356],[-69.34254145,-32.99049892],[-69.34290555,-32.9901603],[-69.34368505,-32.98894827],[-69.34549441,-32.9879931],[-69.34715247,-32.98803911],[-69.34888659,-32.98721433],[-69.34983557,-32.98657014],[-69.34965767,-32.98461202],[-69.34948884,-32.98378673],[-69.34951785,-32.98373035],[-69.34985494,-32.98307533],[-69.3498997,-32.98298835],[-69.35122614,-32.98211973],[-69.35461499,-32.98038848],[-69.35808592,-32.97938985],[-69.3589812,-32.97866175],[-69.36015545,-32.97700956],[-69.36174791,-32.97583114],[-69.36349867,-32.97445668],[-69.36454055,-32.97411699],[-69.3645516,-32.97411339],[-69.36409592,-32.97483749],[-69.36384805,-32.97491666],[-69.36218209,-32.97622961],[-69.36062383,-32.97738275],[-69.35948928,-32.97899637],[-69.3584337,-32.97985235],[-69.35488156,-32.98088235],[-69.35158488,-32.98256886],[-69.35037965,-32.98335788],[-69.35014267,-32.98381873],[-69.35029649,-32.98455734],[-69.35048852,-32.98667083],[-69.35042244,-32.98685691],[-69.34924379,-32.98766492],[-69.34736051,-32.9885599],[-69.3456612,-32.98852885],[-69.34414716,-32.98933668],[-69.34396028,-32.98963289],[-69.3434239,-32.99048308],[-69.34301071,-32.99091893],[-69.34291532,-32.99101956],[-69.34288965,-32.99098525],[-69.33994703,-32.9936375],[-69.33972336,-32.99552262],[-69.33967778,-32.99562234],[-69.33967278,-32.99563328],[-69.33955551,-32.99571258],[-69.33784483,-32.99638567],[-69.33768818,-32.99638629],[-69.33542688,-32.99591243],[-69.33484844,-32.99549796],[-69.33198892,-32.99370101],[-69.33139032,-32.99337582],[-69.32948232,-32.99279684],[-69.32684174,-32.99324325],[-69.32493701,-32.99450595],[-69.32378783,-32.99611211],[-69.32230736,-32.99631208],[-69.3213503,-32.99713097],[-69.3207754,-32.99762286],[-69.31929194,-32.99811577],[-69.31947005,-32.99812691],[-69.31948509,-32.99812786],[-69.32109352,-32.9982285],[-69.32152219,-32.99821202],[-69.32182525,-32.99820037],[-69.32341895,-32.99805383],[-69.32387973,-32.99783902],[-69.3241477,-32.99766271],[-69.32486762,-32.99737847],[-69.32531629,-32.99720133],[-69.32607311,-32.996887],[-69.32660621,-32.9968805],[-69.32693679,-32.99687646],[-69.32806251,-32.99710216],[-69.32842589,-32.99720278],[-69.32881216,-32.99730974],[-69.33014499,-32.99723601],[-69.33029404,-32.99725787],[-69.33175792,-32.99859569],[-69.33190656,-32.99873152],[-69.33207418,-32.9990444],[-69.33217644,-32.99923527],[-69.33265888,-32.99952371],[-69.33374283,-32.99970369],[-69.33391618,-32.99973247],[-69.33412068,-32.99979358],[-69.33549742,-33.00020496],[-69.33726668,-33.00196703],[-69.33803451,-33.0022559],[-69.33929617,-33.00273411],[-69.34176045,-33.00372994],[-69.34224051,-33.00342404],[-69.34703331,-32.99720521],[-69.34729233,-32.99686909],[-69.34731362,-32.99684146],[-69.34734231,-32.99687901],[-69.34914388,-32.99446632],[-69.36429143,-32.9748034],[-69.36411017,-32.9748613],[-69.36456585,-32.97413721],[-69.36489379,-32.9740328],[-69.36503566,-32.9738513],[-69.36979948,-32.96178997],[-69.36979146,-32.96177698],[-69.36984956,-32.96163864],[-69.36762741,-32.95806667],[-69.36288769,-32.96351007],[-69.35608627,-32.97125865],[-69.34838486,-32.97329902],[-69.33282221,-32.97739289],[-69.30268689,-32.95426271],[-69.30266831,-32.95427444],[-69.30265209,-32.95428403],[-69.30258967,-32.95431852],[-69.30257183,-32.95432769],[-69.30250824,-32.95435803],[-69.30249514,-32.95436394],[-69.30241975,-32.95439612],[-69.30241232,-32.95439919],[-69.30233573,-32.95442981],[-69.30232827,-32.9544327],[-69.30225033,-32.95446183],[-69.30224299,-32.95446448],[-69.30220544,-32.95447756],[-69.30160097,-32.95454514],[-69.30092094,-32.95462116],[-69.30040153,-32.95487283],[-69.30040056,-32.9548732],[-69.30033838,-32.95489892],[-69.30027923,-32.95492549],[-69.30022381,-32.95495251],[-69.30017284,-32.95497956],[-69.30013008,-32.95500436],[-69.30012701,-32.95500614],[-69.30009367,-32.95502741],[-69.300087,-32.95503167],[-69.3000453,-32.95506123],[-69.30000511,-32.95509289],[-69.29996636,-32.95512674],[-69.29992922,-32.95516268],[-69.29989386,-32.95520058],[-69.29986046,-32.95524029],[-69.29982917,-32.95528166],[-69.29980015,-32.95532451],[-69.29977354,-32.95536866],[-69.29974945,-32.95541391],[-69.29972801,-32.95546006],[-69.29970929,-32.95550692],[-69.29969336,-32.95555427],[-69.29968029,-32.95560194],[-69.29967009,-32.95564974],[-69.29966148,-32.95570597],[-69.29964966,-32.95577615],[-69.29964863,-32.95578186],[-69.29964542,-32.95579601],[-69.29962763,-32.95586443],[-69.29962181,-32.95588346],[-69.2996191,-32.95589118],[-69.29960554,-32.95591586],[-69.29873761,-32.95676501],[-69.29866289,-32.95679181],[-69.29864421,-32.95679793],[-69.29856197,-32.95682241],[-69.29854787,-32.9568263],[-69.29845634,-32.9568496],[-69.29844303,-32.95685273],[-69.29815833,-32.9569139],[-69.29807144,-32.95693414],[-69.29806834,-32.95693498],[-69.29799853,-32.95695383],[-69.29792996,-32.95697568],[-69.29782849,-32.95700966],[-69.29782077,-32.95701214],[-69.29772249,-32.95704261],[-69.29771364,-32.95704523],[-69.29762029,-32.95707158],[-69.29761023,-32.95707426],[-69.29752101,-32.95709672],[-69.29750975,-32.95709937],[-69.29742357,-32.95711821],[-69.29741167,-32.9571206],[-69.29732827,-32.95713589],[-69.29731502,-32.95713807],[-69.29723292,-32.95715011],[-69.29721918,-32.95715186],[-69.29713702,-32.95716083],[-69.29712171,-32.95716218],[-69.29699588,-32.95717028],[-69.29697785,-32.95717101],[-69.29686062,-32.95717297]]]]},"geometry_name":"the_geom","properties":{"fid":96,"id":96,"distrito_":"POTRERILLOS","zona_":"RURAL NO IRRIGADA","codigo":"ZRURNI","lote_min":"5000","lado_min":"30","fos":"10","retiro_fro":"10","retiro_lat":"10","retiro_pos":"10","alt_max":"8","ordenanza":"14106-2021","sup_m2":4.72524E7}},{"type":"Feature","id":"Zonas.107","geometry":{"type":"MultiPolygon","coordinates":[[[[-68.84350802,-32.96693599],[-68.84358507,-32.96691169],[-68.84322131,-32.96662182],[-68.84229414,-32.96594714],[-68.84190425,-32.96557448],[-68.84159939,-32.96513035],[-68.8413535,-32.96463621],[-68.84107773,-32.96420972],[-68.84077765,-32.96366416],[-68.84029601,-32.96284558],[-68.84007624,-32.96230851],[-68.83979718,-32.96169264],[-68.83941125,-32.96039812],[-68.83936034,-32.96027018],[-68.83936099,-32.96026974],[-68.83917986,-32.96034631],[-68.83889941,-32.96050341],[-68.83888214,-32.96066084],[-68.83887818,-32.96089542],[-68.84103915,-32.96505724],[-68.84156475,-32.96590883],[-68.8418207,-32.96608156],[-68.84210198,-32.96618386],[-68.84263886,-32.96643054],[-68.84305309,-32.96672042],[-68.84350802,-32.96693599]]]]},"geometry_name":"the_geom","properties":{"fid":107,"id":107,"distrito_":"","zona_":"RESIDENCIAL MIXTA 1","codigo":"ZRM1","lote_min":"200","lado_min":"10","fos":"75","retiro_fro":"0","retiro_lat":"0","retiro_pos":"0","alt_max":"0","ordenanza":"14106-2021","sup_m2":33743.6}},{"type":"Feature","id":"Zonas.97","geometry":{"type":"MultiPolygon","coordinates":[[[[-68.76313811,-33.31685439],[-68.76310288,-33.31688051],[-68.76135722,-33.31580673],[-68.76130784,-33.31572856],[-68.76118947,-33.31563966],[-68.76104863,-33.31553388],[-68.76057285,-33.31496043],[-68.76009693,-33.31444423],[-68.76011128,-33.314346],[-68.76009724,-33.31432972],[-68.75981605,-33.31340608],[-68.76085611,-33.3118518],[-68.76130278,-33.31100053],[-68.76179696,-33.3100301],[-68.76175118,-33.30982606],[-68.7612357,-33.30752809],[-68.76051562,-33.30522998],[-68.7592958,-33.30069197],[-68.75722529,-33.29840144],[-68.73799691,-33.3101888],[-68.73692515,-33.31084702],[-68.73715661,-33.31226282],[-68.7371506,-33.31426668],[-68.73714458,-33.31627054],[-68.73827472,-33.3193431],[-68.73862066,-33.32279132],[-68.73935849,-33.32550645],[-68.73970979,-33.32681924],[-68.7395281,-33.32819055],[-68.73937794,-33.33090381],[-68.74011604,-33.33355928],[-68.74169154,-33.33530751],[-68.7426749,-33.33662459],[-68.74392846,-33.33807891],[-68.74502677,-33.33887302],[-68.74574486,-33.33934249],[-68.74574578,-33.33934309],[-68.74583478,-33.33928217],[-68.74921997,-33.3369646],[-68.752068,-33.33484718],[-68.75305267,-33.334688],[-68.7547018,-33.334405],[-68.75596281,-33.33418801],[-68.75594417,-33.33322898],[-68.75735713,-33.33309149],[-68.75870384,-33.33338296],[-68.75983371,-33.33360394],[-68.7601182,-33.33349714],[-68.76073539,-33.33252437],[-68.7613423,-33.33251227],[-68.76148266,-33.33250947],[-68.76283166,-33.33229438],[-68.76326954,-33.33247381],[-68.76358421,-33.33253179],[-68.76392543,-33.33246087],[-68.7639268,-33.33246069],[-68.76400277,-33.33245918],[-68.76411703,-33.33243631],[-68.76441678,-33.3322941],[-68.76456362,-33.33210234],[-68.76476782,-33.33159353],[-68.76483469,-33.33153719],[-68.76488176,-33.33143904],[-68.76538656,-33.3310172],[-68.76567767,-33.33094798],[-68.76582954,-33.33086725],[-68.76622519,-33.33077037],[-68.7662446,-33.33076562],[-68.7662614,-33.33075084],[-68.76802651,-33.32979856],[-68.76962965,-33.32587041],[-68.76941037,-33.32522068],[-68.77016341,-33.32458204],[-68.77053173,-33.32346168],[-68.77228435,-33.3227713],[-68.77331434,-33.32150899],[-68.77409751,-33.32054913],[-68.77433677,-33.32025589],[-68.77556517,-33.31771657],[-68.77816298,-33.31573727],[-68.78323913,-33.30993748],[-68.78384392,-33.3089366],[-68.78364403,-33.30704688],[-68.78405455,-33.30647506],[-68.78705927,-33.30459087],[-68.78726758,-33.30304538],[-68.78835974,-33.30253196],[-68.78931951,-33.30035796],[-68.7905488,-33.29950123],[-68.79233164,-33.29521019],[-68.79221171,-33.29513986],[-68.78700132,-33.29209919],[-68.7869443,-33.29207599],[-68.78645256,-33.29309903],[-68.78638433,-33.29319397],[-68.78632832,-33.29335833],[-68.78576877,-33.29452615],[-68.77231341,-33.30990711],[-68.77195049,-33.31031789],[-68.77184183,-33.31039849],[-68.76508516,-33.31541032],[-68.76313811,-33.31685439]]]]},"geometry_name":"the_geom","properties":{"fid":97,"id":97,"distrito_":"CARRIZAL","zona_":"RESIDENCIAL MIXTA 3","codigo":"ZRM3","lote_min":"500","lado_min":"12","fos":"75","retiro_fro":"0","retiro_lat":"0","retiro_pos":"0","alt_max":"0","ordenanza":"14106-2021","sup_m2":1.13394E7}},{"type":"Feature","id":"Zonas.98","geometry":{"type":"MultiPolygon","coordinates":[[[[-68.8967725,-33.0340194],[-68.89682408,-33.0342597],[-68.89692311,-33.03434328],[-68.89699343,-33.03440263],[-68.89734246,-33.03457761],[-68.89753557,-33.03467443],[-68.89764305,-33.03470104],[-68.89783618,-33.03475334],[-68.89830183,-33.03492674],[-68.89849816,-33.03500325],[-68.8987659,-33.03509779],[-68.89898545,-33.03517688],[-68.8993142,-33.03532432],[-68.89950916,-33.03541182],[-68.90022792,-33.03571525],[-68.90094216,-33.03611715],[-68.90113725,-33.03621317],[-68.90118533,-33.03625397],[-68.90158323,-33.03659168],[-68.90309319,-33.03787319],[-68.9045553,-33.03933557],[-68.90458592,-33.03936618],[-68.90460666,-33.03938693],[-68.90387115,-33.03984288],[-68.90482802,-33.04115468],[-68.90551083,-33.04209757],[-68.90552498,-33.04210354],[-68.90703476,-33.04231656],[-68.90759289,-33.04236452],[-68.90770169,-33.0423783],[-68.90780441,-33.0423827],[-68.90792098,-33.04239657],[-68.9080616,-33.0425302],[-68.9082895,-33.04271797],[-68.90876103,-33.04304339],[-68.90933221,-33.0434125],[-68.91024772,-33.04361653],[-68.91099223,-33.0437132],[-68.91129796,-33.04374192],[-68.91231018,-33.04372126],[-68.91393921,-33.04389211],[-68.91442497,-33.04394305],[-68.91446523,-33.04395356],[-68.91448752,-33.04395616],[-68.91826519,-33.04494448],[-68.92027005,-33.0454609],[-68.92221414,-33.04594679],[-68.92281182,-33.04609808],[-68.92467787,-33.04647432],[-68.92587053,-33.04663615],[-68.92692827,-33.0466652],[-68.92771598,-33.04664671],[-68.92914364,-33.04657216],[-68.9293314,-33.04665136],[-68.92965793,-33.04678909],[-68.92987275,-33.04691678],[-68.93021805,-33.04718387],[-68.93056174,-33.04739536],[-68.93072451,-33.04751761],[-68.93109098,-33.04771953],[-68.93151849,-33.04785244],[-68.93217109,-33.04794757],[-68.93359521,-33.04800701],[-68.93362319,-33.04800903],[-68.93412492,-33.04802267],[-68.93462574,-33.04808116],[-68.93482171,-33.04809938],[-68.93495851,-33.0481613],[-68.93532673,-33.04832798],[-68.935636,-33.04847639],[-68.93567227,-33.04849308],[-68.93585036,-33.048575],[-68.93607617,-33.04871686],[-68.93609374,-33.04873081],[-68.93640479,-33.04897784],[-68.9367528,-33.04925503],[-68.93693706,-33.04950451],[-68.93700505,-33.04959656],[-68.93735794,-33.05007433],[-68.93736976,-33.05009033],[-68.93761116,-33.05070144],[-68.93785048,-33.05130726],[-68.93785529,-33.05130603],[-68.93881948,-33.05105858],[-68.93881481,-33.05105245],[-68.93879399,-33.05105141],[-68.93880111,-33.05103447],[-68.9387992,-33.05103197],[-68.93879399,-33.05104425],[-68.93864967,-33.05081621],[-68.9382026,-33.05008598],[-68.93806127,-33.04983305],[-68.93794156,-33.04963641],[-68.93766806,-33.04920632],[-68.93762538,-33.04914096],[-68.93748389,-33.04892618],[-68.93740696,-33.04878342],[-68.93736612,-33.04871271],[-68.93714692,-33.04854755],[-68.93710845,-33.04852167],[-68.93687242,-33.04836285],[-68.93666856,-33.04821961],[-68.93660146,-33.04819282],[-68.93609599,-33.047991],[-68.93602572,-33.04796534],[-68.93570669,-33.04786748],[-68.93498293,-33.04767381],[-68.93411927,-33.0474339],[-68.93356845,-33.0473219],[-68.93282434,-33.04718976],[-68.93243607,-33.04711338],[-68.932003,-33.04703768],[-68.93182321,-33.04670588],[-68.93149704,-33.04649721],[-68.93146859,-33.04646059],[-68.93145605,-33.04645387],[-68.93144776,-33.04645229],[-68.93132721,-33.0462786],[-68.93129024,-33.046231],[-68.9310946,-33.04619865],[-68.9302933,-33.0460985],[-68.93000559,-33.04607155],[-68.92965191,-33.04607919],[-68.92939313,-33.04604114],[-68.92901057,-33.04600301],[-68.92798581,-33.04584315],[-68.92733412,-33.04574616],[-68.92728676,-33.04573409],[-68.92712035,-33.04570813],[-68.92664007,-33.04556926],[-68.92608053,-33.04542664],[-68.92450139,-33.04509663],[-68.92360247,-33.04483805],[-68.92292167,-33.04465899],[-68.92240724,-33.04449823],[-68.92203678,-33.04448357],[-68.92186643,-33.04448241],[-68.92040488,-33.04443554],[-68.91874971,-33.04423401],[-68.91656711,-33.04382506],[-68.91577417,-33.04362902],[-68.91486835,-33.04344483],[-68.91393463,-33.04321674],[-68.91312464,-33.04302664],[-68.91228088,-33.04285546],[-68.91149341,-33.04266536],[-68.91049223,-33.04239929],[-68.91005081,-33.04231204],[-68.90973944,-33.04226413],[-68.90942808,-33.04216553],[-68.90913626,-33.04200137],[-68.90908779,-33.0419707],[-68.90895117,-33.04190536],[-68.90892432,-33.04187552],[-68.90891221,-33.04186902],[-68.90889595,-33.0418493],[-68.90873115,-33.0416494],[-68.90851615,-33.04139159],[-68.9084014,-33.04123251],[-68.90835775,-33.04117199],[-68.90826716,-33.0410324],[-68.90826663,-33.04102187],[-68.90822941,-33.04028242],[-68.90778473,-33.03978453],[-68.90729731,-33.03922532],[-68.90727743,-33.03920635],[-68.9072761,-33.03920482],[-68.90681772,-33.03876074],[-68.90648903,-33.03844379],[-68.90642921,-33.03838458],[-68.90628452,-33.03824052],[-68.90558408,-33.03754312],[-68.90499483,-33.03697961],[-68.90494965,-33.03693765],[-68.90461273,-33.03662227],[-68.90422941,-33.03627062],[-68.90421977,-33.03626177],[-68.90317421,-33.03553158],[-68.90215517,-33.03499401],[-68.90127275,-33.03449855],[-68.90119853,-33.0344549],[-68.90015929,-33.03383566],[-68.89951745,-33.03406939],[-68.89918889,-33.033886],[-68.89866001,-33.03359257],[-68.89848001,-33.03386368],[-68.8967725,-33.0340194]]]]},"geometry_name":"the_geom","properties":{"fid":98,"id":98,"distrito_":"VISTALBA","zona_":"RESIDENCIAL MIXTA 2","codigo":"ZRM2","lote_min":"300","lado_min":"12","fos":"75","retiro_fro":"0","retiro_lat":"0","retiro_pos":"0","alt_max":"0","ordenanza":"14106-2021","sup_m2":597399}},{"type":"Feature","id":"Zonas.99","geometry":{"type":"MultiPolygon","coordinates":[[[[-69.13896379,-32.99776696],[-69.13764153,-32.9967317],[-69.13744602,-32.99659761],[-69.13741345,-32.99655311],[-69.13740965,-32.99654793],[-69.13735992,-32.99650741],[-69.13735451,-32.99650362],[-69.13137763,-32.99967955],[-69.13056492,-33.0003069],[-69.12951496,-33.00021974],[-69.12866291,-33.00038847],[-69.1281661,-33.00078495],[-69.12797722,-33.00132722],[-69.12760192,-33.00182529],[-69.12724371,-33.00245608],[-69.12666791,-33.002901],[-69.12619819,-33.00379362],[-69.12563039,-33.00419633],[-69.12500268,-33.00490436],[-69.12151644,-33.00604179],[-69.1207145,-33.00688617],[-69.1206698,-33.00754347],[-69.12102825,-33.00853631],[-69.12237321,-33.01028868],[-69.1220894,-33.01143503],[-69.12191917,-33.01163608],[-69.11930285,-33.01208914],[-69.11873717,-33.01258988],[-69.11846127,-33.0128341],[-69.11753761,-33.01509041],[-69.11720574,-33.01566576],[-69.11684649,-33.01664267],[-69.11666554,-33.0170436],[-69.11637974,-33.01771673],[-69.11576034,-33.01917557],[-69.11556435,-33.01946614],[-69.11485457,-33.0205185],[-69.11456416,-33.02094906],[-69.11341554,-33.02262183],[-69.11342556,-33.02386134],[-69.11377871,-33.02476628],[-69.11419349,-33.02507406],[-69.11563547,-33.02544653],[-69.11551213,-33.02640661],[-69.11502349,-33.02709522],[-69.11426091,-33.02779105],[-69.11247463,-33.02862382],[-69.11023496,-33.03007014],[-69.10962811,-33.03033435],[-69.1088646,-33.03028356],[-69.10822196,-33.03051645],[-69.10743015,-33.03160973],[-69.1061471,-33.03213824],[-69.10608896,-33.03216218],[-69.10606477,-33.03219198],[-69.10532194,-33.0331069],[-69.10524768,-33.03319836],[-69.10509359,-33.03333235],[-69.10411844,-33.0341803],[-69.10406085,-33.03423038],[-69.10294465,-33.03658839],[-69.10233848,-33.03866452],[-69.1018174,-33.04044915],[-69.10169416,-33.04087123],[-69.10169423,-33.04093409],[-69.10169468,-33.0413283],[-69.10170355,-33.04140174],[-69.10206432,-33.04226912],[-69.10185782,-33.04239397],[-69.10130467,-33.04247017],[-69.1000696,-33.04258145],[-69.10006603,-33.04258094],[-69.10006082,-33.04258146],[-69.09969634,-33.04252771],[-69.09902726,-33.04242905],[-69.09901181,-33.04242916],[-69.09819657,-33.04243498],[-69.09818471,-33.04243506],[-69.09816461,-33.04244144],[-69.09740601,-33.0426823],[-69.09736529,-33.04269523],[-69.09732707,-33.04272525],[-69.09634873,-33.04349399],[-69.09623529,-33.04359002],[-69.0942059,-33.04430721],[-69.09414075,-33.04434443],[-69.09347407,-33.04478463],[-69.0934112,-33.04482614],[-69.09332479,-33.0449334],[-69.09296305,-33.04538241],[-69.09248074,-33.0462384],[-69.09227627,-33.0466798],[-69.09209217,-33.04695353],[-69.0919831,-33.04713715],[-69.09197582,-33.0471345],[-69.09197432,-33.04713716],[-69.09189337,-33.04710441],[-69.09152149,-33.04696874],[-69.08959424,-33.04617443],[-69.08912042,-33.04598276],[-69.08810255,-33.04570085],[-69.08629237,-33.04528609],[-69.08443868,-33.04460749],[-69.08284766,-33.04424352],[-69.08236896,-33.04419467],[-69.07943746,-33.04390093],[-69.07863445,-33.04381354],[-69.07849214,-33.04379902],[-69.07807647,-33.0437465],[-69.07789774,-33.04373741],[-69.07701109,-33.04369228],[-69.07699599,-33.04369151],[-69.07456292,-33.04369613],[-69.07455414,-33.04369614],[-69.07082994,-33.04384872],[-69.06297787,-33.04417004],[-69.06274707,-33.04417947],[-69.06051841,-33.04427058],[-69.06051378,-33.04427077],[-69.06050798,-33.04427101],[-69.05880586,-33.04413788],[-69.05819373,-33.04383152],[-69.05664025,-33.04305399],[-69.05440594,-33.04182814],[-69.05378841,-33.04152252],[-69.0528424,-33.04112652],[-69.0528457,-33.04112159],[-69.0528318,-33.0411159],[-69.05265627,-33.04105984],[-69.05198101,-33.04084421],[-69.04594816,-33.0390905],[-69.04286695,-33.03879837],[-69.04011408,-33.03723928],[-69.03845296,-33.03682587],[-69.03845285,-33.03682584],[-69.03518174,-33.03694954],[-69.02924563,-33.03917865],[-69.02924552,-33.03917869],[-69.02863416,-33.03914271],[-69.02406884,-33.03764404],[-69.02307219,-33.03751583],[-69.02307178,-33.03751578],[-69.01978188,-33.03791261],[-69.01798362,-33.03756135],[-69.01771685,-33.03754917],[-69.01771685,-33.03754921],[-69.01771703,-33.03755092],[-69.01758787,-33.03754378],[-69.01746452,-33.03753831],[-69.0173838,-33.0375407],[-69.01738481,-33.03753404],[-69.01739587,-33.03746069],[-69.01651602,-33.03740592],[-69.01595418,-33.03741791],[-69.01524042,-33.03738937],[-69.01405888,-33.03729321],[-69.01293182,-33.03725117],[-69.01257218,-33.03723371],[-69.01241718,-33.03722627],[-69.01235049,-33.0372255],[-69.01197604,-33.03723104],[-69.01186565,-33.03723267],[-69.01146767,-33.03728957],[-69.01104282,-33.03740412],[-69.01066897,-33.0375473],[-69.01032908,-33.03759027],[-69.00995522,-33.03771912],[-69.00935556,-33.03780314],[-69.00895901,-33.03788757],[-69.00755904,-33.03796263],[-69.0052268,-33.03800553],[-69.00382206,-33.03802765],[-69.00069558,-33.03813629],[-69.00020911,-33.03818289],[-68.99992961,-33.0381805],[-68.99909658,-33.03806035],[-68.9985639,-33.03796014],[-68.99830287,-33.03794587],[-68.99798345,-33.0378998],[-68.99750374,-33.03778411],[-68.99746398,-33.03777815],[-68.99727529,-33.03773232],[-68.99715853,-33.03773232],[-68.99413411,-33.03727854],[-68.99363653,-33.03723827],[-68.99321346,-33.03717855],[-68.99318028,-33.03717432],[-68.99311517,-33.03716859],[-68.99165837,-33.03707818],[-68.99020158,-33.03698776],[-68.98740874,-33.03677102],[-68.98739961,-33.03677035],[-68.98505918,-33.03660566],[-68.98354042,-33.03649759],[-68.97987844,-33.0362449],[-68.97983504,-33.03625129],[-68.97982083,-33.03625025],[-68.97784977,-33.03642958],[-68.97628051,-33.03657233],[-68.97605081,-33.03659322],[-68.97556357,-33.03663754],[-68.97544657,-33.03663018],[-68.97495009,-33.03648258],[-68.97463722,-33.03626384],[-68.97418067,-33.03570686],[-68.97409916,-33.03547072],[-68.97396677,-33.03523693],[-68.97388909,-33.0350966],[-68.97312035,-33.03338656],[-68.97293411,-33.03297226],[-68.97122067,-33.03086914],[-68.96744413,-33.028196],[-68.96713421,-33.02797662],[-68.96636637,-33.02743308],[-68.96614401,-33.02727567],[-68.96576714,-33.02697669],[-68.96531413,-33.02667835],[-68.96443645,-33.0260459],[-68.9640967,-33.02580723],[-68.96392399,-33.0257041],[-68.96358667,-33.0254653],[-68.96330397,-33.02523444],[-68.96293589,-33.02500458],[-68.96210103,-33.02441354],[-68.9619021,-33.02427271],[-68.96182902,-33.02422096],[-68.96150745,-33.02403012],[-68.9610764,-33.02389675],[-68.96096819,-33.02383811],[-68.96084077,-33.02379035],[-68.96061426,-33.02370678],[-68.96041605,-33.02364708],[-68.96018953,-33.02356351],[-68.95985297,-33.02342362],[-68.95975065,-33.02339637],[-68.95971667,-33.02338613],[-68.95947168,-33.02329413],[-68.95924872,-33.02325627],[-68.95813973,-33.02306795],[-68.95807997,-33.02306182],[-68.95695748,-33.02286717],[-68.95332735,-33.02225061],[-68.95324196,-33.02222582],[-68.95240872,-33.02198391],[-68.95221146,-33.02192664],[-68.95109925,-33.0213185],[-68.95062879,-33.02095353],[-68.95021667,-33.02063381],[-68.95006955,-33.02051968],[-68.94836963,-33.01920087],[-68.94820787,-33.01911564],[-68.94815112,-33.01908573],[-68.94785617,-33.01893031],[-68.94761507,-33.01880326],[-68.94708099,-33.01852183],[-68.94554725,-33.01798309],[-68.94542378,-33.01795951],[-68.94389437,-33.01766745],[-68.94320326,-33.01754324],[-68.93912608,-33.01675881],[-68.93910066,-33.01675188],[-68.93848897,-33.01663504],[-68.93785409,-33.01742497],[-68.93732938,-33.01813304],[-68.93725456,-33.01823401],[-68.94351604,-33.01939118],[-68.94411412,-33.01950169],[-68.94577109,-33.01999213],[-68.94789212,-33.02116267],[-68.94811581,-33.0213467],[-68.94985475,-33.0227772],[-68.949938,-33.02284568],[-68.95001426,-33.02288401],[-68.95147753,-33.0236195],[-68.95153572,-33.02364434],[-68.95287567,-33.02401183],[-68.95349298,-33.02411644],[-68.95350444,-33.02411986],[-68.95375777,-33.0241956],[-68.95438642,-33.02428172],[-68.95516798,-33.02441083],[-68.95589856,-33.02453991],[-68.95629705,-33.02459306],[-68.95633821,-33.02459855],[-68.95750499,-33.02479624],[-68.95769692,-33.02483024],[-68.95793452,-33.02487049],[-68.95794662,-33.02487106],[-68.95892802,-33.02503733],[-68.95985792,-33.02532773],[-68.96075396,-33.02575902],[-68.96192368,-33.02654622],[-68.9620108,-33.02658582],[-68.9623964,-33.02685877],[-68.96247144,-33.02693502],[-68.96868532,-33.03128551],[-68.9697861,-33.03222043],[-68.969859,-33.0322926],[-68.96986794,-33.03230134],[-68.96988108,-33.03231378],[-68.96988353,-33.03231557],[-68.97034149,-33.03281651],[-68.97046201,-33.03297691],[-68.97071255,-33.0333188],[-68.97084136,-33.0334907],[-68.97097366,-33.03372552],[-68.97107078,-33.03392987],[-68.97121538,-33.03412353],[-68.97133151,-33.03441208],[-68.97146073,-33.03468306],[-68.97158615,-33.03490179],[-68.97171179,-33.03529227],[-68.97184463,-33.03568704],[-68.97218419,-33.03653072],[-68.97234581,-33.03693227],[-68.97255657,-33.03721283],[-68.97268391,-33.03742445],[-68.97281791,-33.03753193],[-68.97295978,-33.03764441],[-68.97332944,-33.03792179],[-68.97349096,-33.0380449],[-68.97350708,-33.03805279],[-68.97371799,-33.03815817],[-68.97409832,-33.03833802],[-68.97456283,-33.03847571],[-68.97502654,-33.03858573],[-68.97589293,-33.03860923],[-68.9763139,-33.03860479],[-68.97696223,-33.03852058],[-68.9774023,-33.03847489],[-68.97827563,-33.03837066],[-68.97843304,-33.03835187],[-68.97853834,-33.0383393],[-68.97860952,-33.0383308],[-68.97869943,-33.0383038],[-68.97938364,-33.03819587],[-68.98014164,-33.03815848],[-68.98047115,-33.03810858],[-68.98051714,-33.03810309],[-68.98128885,-33.03816027],[-68.98266382,-33.03826391],[-68.98292107,-33.03828215],[-68.98880112,-33.03873359],[-68.98923983,-33.03878798],[-68.99054893,-33.03892723],[-68.99331704,-33.03898241],[-68.99897995,-33.03989436],[-69.00923194,-33.03975609],[-69.01007675,-33.03959911],[-69.01041264,-33.03954301],[-69.01066987,-33.0394445],[-69.01099056,-33.03935818],[-69.01120397,-33.03923108],[-69.01194039,-33.0390998],[-69.01643729,-33.03928957],[-69.01775867,-33.03935605],[-69.01782021,-33.03936665],[-69.01882176,-33.03956229],[-69.02007085,-33.03966348],[-69.02010058,-33.03966513],[-69.02010917,-33.0396656],[-69.02100561,-33.03955265],[-69.02121286,-33.03949532],[-69.02194515,-33.03936084],[-69.02215755,-33.03932183],[-69.0226899,-33.03928097],[-69.0226992,-33.03927959],[-69.02270183,-33.03928006],[-69.02270798,-33.03927958],[-69.02293324,-33.03930553],[-69.02319124,-33.03933525],[-69.02328446,-33.03934599],[-69.02365808,-33.0394508],[-69.02398972,-33.03951002],[-69.02575427,-33.04011456],[-69.02752169,-33.04072005],[-69.02752555,-33.04072137],[-69.02753341,-33.04072266],[-69.02758916,-33.04073024],[-69.02769101,-33.04076194],[-69.02774777,-33.04077565],[-69.0278063,-33.04077192],[-69.02840896,-33.04088567],[-69.02851416,-33.04090552],[-69.02860482,-33.04091921],[-69.0287005,-33.04092644],[-69.02877783,-33.04092672],[-69.02877804,-33.04092675],[-69.02877829,-33.04092672],[-69.03021501,-33.04076404],[-69.03272552,-33.0398154],[-69.0352823,-33.03882029],[-69.03570175,-33.03870552],[-69.03578338,-33.03868957],[-69.03630515,-33.03858759],[-69.03704219,-33.03857496],[-69.03797912,-33.03856059],[-69.03798132,-33.03856042],[-69.0379819,-33.03856054],[-69.0379901,-33.03856042],[-69.03865913,-33.03863412],[-69.03883075,-33.038723],[-69.0388964,-33.03875701],[-69.0395301,-33.03908519],[-69.03976403,-33.03920634],[-69.04004501,-33.03934932],[-69.04057639,-33.03963875],[-69.04079508,-33.03979312],[-69.04081556,-33.03980721],[-69.0408933,-33.03985474],[-69.04091109,-33.03986442],[-69.04185508,-33.04036651],[-69.04191977,-33.04039831],[-69.04200633,-33.04043339],[-69.04207538,-33.04045519],[-69.0420875,-33.04046179],[-69.04210476,-33.04046386],[-69.04423357,-33.04071989],[-69.04574473,-33.0409016],[-69.04583239,-33.04092412],[-69.04916238,-33.04177952],[-69.04916718,-33.04178234],[-69.04967165,-33.04207946],[-69.0497079,-33.04209027],[-69.05210657,-33.04280554],[-69.05213341,-33.04281354],[-69.05346338,-33.0434606],[-69.05838236,-33.04585357],[-69.05838637,-33.04585552],[-69.05839399,-33.04585534],[-69.06366825,-33.04572975],[-69.06446607,-33.04570017],[-69.06477159,-33.04568884],[-69.06924999,-33.0455227],[-69.07530185,-33.0454468],[-69.07662686,-33.04542023],[-69.07812003,-33.04538448],[-69.07876758,-33.04547133],[-69.07909648,-33.04550574],[-69.07946225,-33.04556449],[-69.07959537,-33.04558234],[-69.08000092,-33.04563087],[-69.08024849,-33.04566993],[-69.08310607,-33.04605309],[-69.0832795,-33.04607435],[-69.08328779,-33.04607627],[-69.08419954,-33.04635179],[-69.08734858,-33.04729422],[-69.0877409,-33.04740899],[-69.08804682,-33.04753658],[-69.09061102,-33.04857612],[-69.09116217,-33.04879954],[-69.09122488,-33.04882497],[-69.09159374,-33.04890604],[-69.09206133,-33.04893663],[-69.09212504,-33.04894079],[-69.09212694,-33.04894039],[-69.09263683,-33.04883306],[-69.0929528,-33.04876655],[-69.09311654,-33.04866584],[-69.09327565,-33.04856797],[-69.09356944,-33.04838726],[-69.09371894,-33.0482953],[-69.09460685,-33.04679685],[-69.094717,-33.04658924],[-69.09491859,-33.04626373],[-69.09497916,-33.04616852],[-69.09510712,-33.04596738],[-69.09734108,-33.04513676],[-69.09776339,-33.04486452],[-69.09849045,-33.04423969],[-69.09937686,-33.04431885],[-69.10010518,-33.04438388],[-69.10011496,-33.04438475],[-69.10011825,-33.04438449],[-69.1001354,-33.04438312],[-69.10156077,-33.04418423],[-69.10218225,-33.04421917],[-69.1022233,-33.04420987],[-69.1027396,-33.04406286],[-69.10285161,-33.04394095],[-69.10326064,-33.04377114],[-69.10363438,-33.04362769],[-69.10392013,-33.0433973],[-69.10412649,-33.04298315],[-69.10423034,-33.04236641],[-69.10385111,-33.04108663],[-69.10399162,-33.04059872],[-69.1042754,-33.03954765],[-69.10446921,-33.0389403],[-69.10456324,-33.03864563],[-69.10473246,-33.03802998],[-69.10499998,-33.03712764],[-69.10515934,-33.03674297],[-69.10554775,-33.03585434],[-69.1057951,-33.03528843],[-69.10690173,-33.03434435],[-69.10751584,-33.03352205],[-69.10761998,-33.03348127],[-69.10790273,-33.03337053],[-69.10888828,-33.03298455],[-69.10949698,-33.03215087],[-69.11017277,-33.03209035],[-69.11131802,-33.03162847],[-69.11168097,-33.03140596],[-69.11193866,-33.03117611],[-69.11217409,-33.03110364],[-69.11301609,-33.03058741],[-69.11458755,-33.02962393],[-69.11468469,-33.02956437],[-69.11569136,-33.02927655],[-69.11608936,-33.02879416],[-69.11616367,-33.02865892],[-69.11626768,-33.02857802],[-69.11755553,-33.02701704],[-69.11767378,-33.02630798],[-69.11779679,-33.02557043],[-69.11787031,-33.02512957],[-69.11777353,-33.02454908],[-69.11709047,-33.02392242],[-69.11555519,-33.0235831],[-69.11555077,-33.02267123],[-69.11600177,-33.02152986],[-69.11722629,-33.02046043],[-69.1172561,-33.02041978],[-69.11762668,-33.01991452],[-69.1176731,-33.01987705],[-69.11781253,-33.01967307],[-69.11784464,-33.01957751],[-69.11840077,-33.0182777],[-69.11874682,-33.01746886],[-69.11907474,-33.01565122],[-69.12005873,-33.01378937],[-69.12012211,-33.01377849],[-69.12178328,-33.0134476],[-69.12208467,-33.01344143],[-69.12277895,-33.01332219],[-69.12356577,-33.01279293],[-69.12407575,-33.01211151],[-69.12449412,-33.01057888],[-69.12446801,-33.00991512],[-69.12351078,-33.00845789],[-69.12305152,-33.00790562],[-69.12288874,-33.0075109],[-69.12286514,-33.00747498],[-69.12294208,-33.00744336],[-69.12382397,-33.00703427],[-69.12384578,-33.00702416],[-69.12518007,-33.00650279],[-69.12534557,-33.00645535],[-69.12757751,-33.00553779],[-69.12951266,-33.00302926],[-69.12958918,-33.00277491],[-69.12980714,-33.00205041],[-69.1298159,-33.00205036],[-69.13077491,-33.00204526],[-69.13143781,-33.00204173],[-69.13276303,-33.00105577],[-69.13396999,-33.00041565],[-69.13523521,-32.99974462],[-69.13896379,-32.99776696]]]]},"geometry_name":"the_geom","properties":{"fid":99,"id":99,"distrito_":"","zona_":"RECREACION 2","codigo":"ZREC2","lote_min":"500","lado_min":"12","fos":"45","retiro_fro":"3","retiro_lat":"0","retiro_pos":"0","alt_max":"8","ordenanza":"14106-2021","sup_m2":4698110}},{"type":"Feature","id":"Zonas.100","geometry":{"type":"MultiPolygon","coordinates":[[[[-69.11389409,-33.02156995],[-69.11344178,-33.02219064],[-69.11341554,-33.02262183],[-69.11455636,-33.0209651],[-69.11485457,-33.0205185],[-69.11556435,-33.01946614],[-69.11576034,-33.01917557],[-69.11637974,-33.01771673],[-69.11666554,-33.0170436],[-69.11684649,-33.01664267],[-69.11720574,-33.01566576],[-69.11753761,-33.01509041],[-69.11846127,-33.0128341],[-69.11873717,-33.01258988],[-69.11886583,-33.01235658],[-69.11677097,-33.01274027],[-69.11603594,-33.01364751],[-69.11643393,-33.01483999],[-69.11581278,-33.01622426],[-69.1148608,-33.01777541],[-69.11366374,-33.01861192],[-69.113438,-33.0192324],[-69.11417599,-33.02056771],[-69.11389409,-33.02156995]]]]},"geometry_name":"the_geom","properties":{"fid":100,"id":100,"distrito_":"CACHEUTA","zona_":"RESIDENCIAL MIXTA 6","codigo":"ZRM6","lote_min":"500","lado_min":"15","fos":"45","retiro_fro":"3","retiro_lat":"1,5","retiro_pos":"1,5","alt_max":"8","ordenanza":"14106-2021","sup_m2":139322}},{"type":"Feature","id":"Zonas.101","geometry":{"type":"MultiPolygon","coordinates":[[[[-69.11733642,-33.02416117],[-69.1174725,-33.02426482],[-69.11799388,-33.02344213],[-69.11876924,-33.02193397],[-69.11909546,-33.02128953],[-69.11911574,-33.02057738],[-69.11882788,-33.01815142],[-69.1187556,-33.01746886],[-69.11854478,-33.01793522],[-69.11840077,-33.0182777],[-69.11784464,-33.01957751],[-69.11781253,-33.01967307],[-69.1176731,-33.01987705],[-69.11762668,-33.01991452],[-69.1172561,-33.02041978],[-69.11723507,-33.02046042],[-69.11600177,-33.02152986],[-69.1155508,-33.02267775],[-69.11555517,-33.02357953],[-69.11709925,-33.02392241],[-69.11733642,-33.02416117]]]]},"geometry_name":"the_geom","properties":{"fid":101,"id":101,"distrito_":"POTRERILLOS","zona_":"RESIDENCIAL MIXTA 6","codigo":"ZRM6","lote_min":"500","lado_min":"15","fos":"45","retiro_fro":"3","retiro_lat":"1,5","retiro_pos":"1,5","alt_max":"8","ordenanza":"14106-2021","sup_m2":118863}},{"type":"Feature","id":"Zonas.102","geometry":{"type":"MultiPolygon","coordinates":[[[[-68.91065857,-33.01085807],[-68.91059657,-33.01162188],[-68.91048845,-33.01259383],[-68.91765657,-33.01353873],[-68.91845685,-33.01903296],[-68.92579718,-33.01990881],[-68.92572857,-33.01945102],[-68.92514283,-33.01645974],[-68.9251045,-33.01608464],[-68.92510607,-33.01608321],[-68.92510451,-33.01607271],[-68.92541907,-33.01578662],[-68.92599531,-33.01552577],[-68.92613574,-33.0154622],[-68.92649832,-33.01534352],[-68.92693177,-33.01509328],[-68.92717268,-33.01482861],[-68.92740849,-33.01456787],[-68.92756152,-33.0144352],[-68.9275682,-33.01442941],[-68.92109625,-33.00983241],[-68.92104204,-33.00979295],[-68.91957349,-33.00871559],[-68.91680042,-33.00674208],[-68.91612216,-33.00627949],[-68.91577127,-33.00604017],[-68.9154439,-33.0058169],[-68.9152285,-33.00572782],[-68.91490903,-33.00559569],[-68.91460738,-33.00547094],[-68.91460329,-33.00546955],[-68.91457288,-33.00545926],[-68.91374366,-33.00517852],[-68.91297346,-33.00493401],[-68.9120645,-33.00470021],[-68.91118748,-33.00448776],[-68.91118553,-33.00491331],[-68.91108257,-33.00594386],[-68.91087614,-33.00850117],[-68.91076159,-33.00977981],[-68.91065857,-33.01085807]]]]},"geometry_name":"the_geom","properties":{"fid":102,"id":102,"distrito_":"VISTALBA","zona_":"RESERVA AMBIENTAL 2","codigo":"ZRA2","lote_min":"500","lado_min":"12","fos":"45","retiro_fro":"3","retiro_lat":"0","retiro_pos":"0","alt_max":"8","ordenanza":"14106-2021","sup_m2":1290400}},{"type":"Feature","id":"Zonas.103","geometry":{"type":"MultiPolygon","coordinates":[[[[-68.86366772,-33.02903324],[-68.86373088,-33.02939713],[-68.86488584,-33.02930127],[-68.86526799,-33.02942097],[-68.86883489,-33.02916655],[-68.86872401,-33.02886402],[-68.87345557,-33.02750907],[-68.87456055,-33.02717619],[-68.87314642,-33.02321121],[-68.8730876,-33.02305089],[-68.86152831,-33.02451917],[-68.86151058,-33.02452142],[-68.86192142,-33.02544288],[-68.86192845,-33.02545938],[-68.86215531,-33.02600446],[-68.86216847,-33.02602871],[-68.86253214,-33.02669843],[-68.86259185,-33.02681831],[-68.86331286,-33.02831985],[-68.86366772,-33.02903324]]]]},"geometry_name":"the_geom","properties":{"fid":103,"id":103,"distrito_":"MAYOR DRUMMOND","zona_":"RESIDENCIAL 1","codigo":"ZR1","lote_min":"200","lado_min":"10","fos":"75","retiro_fro":"0","retiro_lat":"0","retiro_pos":"0","alt_max":"0","ordenanza":"14106-2021","sup_m2":593842}},{"type":"Feature","id":"Zonas.104","geometry":{"type":"MultiPolygon","coordinates":[[[[-68.8608808,-33.02310888],[-68.86151058,-33.02452142],[-68.8730876,-33.02305089],[-68.87256199,-33.02161822],[-68.8608808,-33.02310888]]]]},"geometry_name":"the_geom","properties":{"fid":104,"id":104,"distrito_":"MAYOR DRUMMOND","zona_":"RESIDENCIAL MIXTA 1","codigo":"ZRM1","lote_min":"200","lado_min":"10","fos":"75","retiro_fro":"0","retiro_lat":"0","retiro_pos":"0","alt_max":"0","ordenanza":"14106-2021","sup_m2":180283}},{"type":"Feature","id":"Zonas.115","geometry":{"type":"MultiPolygon","coordinates":[[[[-68.95199233,-32.95892382],[-68.95277861,-32.95971461],[-68.95283376,-32.95976093],[-68.95284199,-32.95982783],[-68.95287044,-32.96059773],[-68.95282057,-32.96064248],[-68.95277809,-32.96069114],[-68.9524271,-32.96106441],[-68.9521705,-32.96143425],[-68.95211912,-32.96157659],[-68.95198382,-32.96215099],[-68.95195262,-32.9622381],[-68.95194995,-32.96227095],[-68.95198358,-32.9626012],[-68.95203224,-32.96310777],[-68.9520294,-32.96315641],[-68.95208636,-32.96394458],[-68.95213808,-32.96410838],[-68.95216823,-32.9647814],[-68.95221506,-32.96502691],[-68.95229868,-32.96561824],[-68.95243426,-32.96609553],[-68.95254945,-32.96645512],[-68.95261194,-32.96712033],[-68.95262844,-32.96729194],[-68.95277446,-32.96750889],[-68.95323261,-32.96812895],[-68.95356748,-32.96850264],[-68.95384261,-32.96896596],[-68.95373757,-32.96914564],[-68.95356693,-32.96955295],[-68.95348506,-32.96971638],[-68.95345456,-32.96980261],[-68.95334485,-32.97040564],[-68.95334688,-32.97063935],[-68.95328244,-32.97117702],[-68.95316569,-32.97147607],[-68.95313846,-32.97186232],[-68.952969,-32.97231278],[-68.95356506,-32.97313537],[-68.95357628,-32.9731498],[-68.953662,-32.97325211],[-68.95426548,-32.97398684],[-68.95435819,-32.97403783],[-68.95452803,-32.9741661],[-68.9551515,-32.97460152],[-68.95542843,-32.97482405],[-68.95538408,-32.97506951],[-68.95517414,-32.97566074],[-68.95517603,-32.97568718],[-68.95549435,-32.97649764],[-68.95557932,-32.97695001],[-68.95559738,-32.97733446],[-68.95554264,-32.97774853],[-68.95544798,-32.9781712],[-68.95551365,-32.97855516],[-68.95550614,-32.979008],[-68.95554721,-32.97942781],[-68.95555201,-32.9798448],[-68.95594212,-32.98061249],[-68.95597058,-32.98068174],[-68.95604448,-32.98078978],[-68.95655476,-32.98151873],[-68.95673517,-32.9818504],[-68.95700934,-32.98235567],[-68.95730589,-32.98295806],[-68.9574223,-32.9831926],[-68.95749596,-32.98399582],[-68.95749887,-32.98402941],[-68.95752776,-32.98409886],[-68.95784752,-32.98486631],[-68.95787935,-32.98523756],[-68.95798885,-32.98570314],[-68.9583204,-32.98634325],[-68.958454,-32.98654008],[-68.95887251,-32.98712268],[-68.95904525,-32.98737706],[-68.9591136,-32.98744914],[-68.95934071,-32.98761668],[-68.95990704,-32.98806561],[-68.9600491,-32.98821417],[-68.96014488,-32.98846514],[-68.96037565,-32.98905106],[-68.96039481,-32.98956601],[-68.96042256,-32.98988786],[-68.96069979,-32.99026203],[-68.96139616,-32.99072495],[-68.96149331,-32.99077257],[-68.96161155,-32.9908497],[-68.96228686,-32.99124225],[-68.96248272,-32.99156206],[-68.96248078,-32.99176674],[-68.96248093,-32.99239885],[-68.96255087,-32.99267783],[-68.96259476,-32.99323566],[-68.96274427,-32.99371901],[-68.96281124,-32.99407251],[-68.9630792,-32.99463473],[-68.96320874,-32.99490941],[-68.96335267,-32.99519799],[-68.96362823,-32.99574632],[-68.96387238,-32.99611433],[-68.96427869,-32.99658329],[-68.96466581,-32.99701556],[-68.96491707,-32.99742025],[-68.96545924,-32.99797543],[-68.96603706,-32.99825735],[-68.96625288,-32.99845081],[-68.96655581,-32.99909427],[-68.96674267,-32.99961108],[-68.96679244,-32.99993112],[-68.96704606,-33.00016426],[-68.96780408,-33.00076816],[-68.96783966,-33.00080092],[-68.967913,-33.00084552],[-68.96863334,-33.00125082],[-68.96891768,-33.00160523],[-68.96936602,-33.00237807],[-68.96939693,-33.00244213],[-68.96942675,-33.00248746],[-68.96995719,-33.00327905],[-68.97022024,-33.00357296],[-68.97059329,-33.00411598],[-68.97101365,-33.00494866],[-68.97101583,-33.00495286],[-68.97102862,-33.00496865],[-68.97165659,-33.00578979],[-68.97180723,-33.00589961],[-68.97200679,-33.00600025],[-68.97260099,-33.00629489],[-68.9731759,-33.00662691],[-68.9733947,-33.00685977],[-68.97364872,-33.00746379],[-68.97384474,-33.00793852],[-68.9739459,-33.00830064],[-68.97418804,-33.00878686],[-68.97442195,-33.00913752],[-68.97498161,-33.00996817],[-68.97499304,-33.00997441],[-68.97577545,-33.01025622],[-68.97622054,-33.01081143],[-68.97656914,-33.01115956],[-68.97719221,-33.0116484],[-68.97736289,-33.01183777],[-68.9776463,-33.01194721],[-68.97815672,-33.012282],[-68.97843444,-33.0124854],[-68.97895052,-33.01286872],[-68.97958359,-33.01315288],[-68.97974439,-33.01323486],[-68.97987617,-33.01332242],[-68.98053813,-33.01415099],[-68.98054547,-33.01415931],[-68.98133195,-33.01481717],[-68.98178224,-33.01499627],[-68.98212583,-33.01523886],[-68.98256183,-33.01545594],[-68.98291971,-33.01570001],[-68.98312427,-33.01583324],[-68.98371359,-33.01616776],[-68.98442948,-33.01667019],[-68.98450747,-33.01674353],[-68.9850009,-33.01750704],[-68.98528115,-33.01832274],[-68.98528409,-33.01834386],[-68.98530118,-33.01836256],[-68.98532823,-33.01837237],[-68.9860951,-33.01884486],[-68.98675739,-33.01904203],[-68.98688906,-33.01909468],[-68.98706304,-33.01918084],[-68.98768299,-33.01965654],[-68.98807021,-33.02001772],[-68.98847689,-33.02042382],[-68.9889535,-33.02085458],[-68.98927083,-33.02106247],[-68.98946556,-33.02105984],[-68.99006484,-33.02116614],[-68.99031725,-33.02112069],[-68.99085886,-33.02111575],[-68.99115747,-33.02116945],[-68.99165289,-33.02104967],[-68.99228679,-33.02169161],[-68.99216428,-33.02223064],[-68.99221007,-33.02252838],[-68.99207005,-33.02296818],[-68.99185694,-33.02336514],[-68.99218726,-33.02392857],[-68.99234619,-33.02420195],[-68.99244662,-33.02444715],[-68.99284266,-33.02503876],[-68.99324061,-33.02528774],[-68.99340034,-33.02520711],[-68.99403467,-33.02514743],[-68.99418459,-33.02519682],[-68.99482873,-33.02518659],[-68.99548749,-33.02587566],[-68.99547314,-33.02655482],[-68.99551747,-33.02671244],[-68.9956227,-33.02681711],[-68.99582432,-33.02692492],[-68.99641676,-33.02719162],[-68.99719297,-33.02753046],[-68.99721082,-33.02753478],[-68.99724137,-33.02754927],[-68.99800489,-33.02791965],[-68.99838301,-33.02838607],[-68.99857528,-33.02898715],[-68.99864126,-33.02922285],[-68.99879895,-33.02941415],[-68.99928223,-33.03005964],[-68.99959304,-33.03041552],[-68.99992551,-33.03040997],[-69.00038715,-33.03021751],[-69.00098458,-33.03089641],[-69.00118126,-33.03109672],[-69.00183106,-33.03158111],[-69.00197538,-33.03168915],[-69.00204812,-33.03173318],[-69.00276951,-33.03198509],[-69.00301615,-33.03199306],[-69.00356363,-33.03211158],[-69.0041021,-33.03230052],[-69.00435776,-33.03236399],[-69.00468239,-33.03256989],[-69.00515193,-33.03317748],[-69.00551994,-33.03295765],[-69.00594605,-33.03311955],[-69.0064158,-33.03306479],[-69.00674017,-33.03294307],[-69.00709117,-33.03340655],[-69.007173,-33.03386255],[-69.00714541,-33.03424333],[-69.00753444,-33.03461786],[-69.0082426,-33.03508004],[-69.00832863,-33.03515445],[-69.00839957,-33.03515478],[-69.0091228,-33.03539471],[-69.00937699,-33.0353478],[-69.00991693,-33.03529411],[-69.01016036,-33.03533638],[-69.0107111,-33.03547697],[-69.01104522,-33.03543188],[-69.01150523,-33.03533022],[-69.01220173,-33.03591649],[-69.01229948,-33.03600876],[-69.0124486,-33.03607359],[-69.01309369,-33.03640036],[-69.01386838,-33.03673253],[-69.0138879,-33.03673971],[-69.01392444,-33.03675309],[-69.01468208,-33.03690088],[-69.01479946,-33.03687666],[-69.01514115,-33.03675295],[-69.0153422,-33.03661174],[-69.01547618,-33.03653445],[-69.01574274,-33.03619702],[-69.01597109,-33.03591607],[-69.01610952,-33.03574675],[-69.01627017,-33.03560278],[-69.016909,-33.03575226],[-69.01706434,-33.03569044],[-69.01717032,-33.03591591],[-69.01785869,-33.03668109],[-69.01830598,-33.03638711],[-69.01865278,-33.03637625],[-69.01896039,-33.03623979],[-69.01930715,-33.03591559],[-69.01936626,-33.03583071],[-69.0194468,-33.03575436],[-69.01994499,-33.03560368],[-69.0202408,-33.03510392],[-69.02048815,-33.03591541],[-69.02066411,-33.03636109],[-69.02072826,-33.03675214],[-69.02103539,-33.03693675],[-69.02118018,-33.03690464],[-69.02172028,-33.03675198],[-69.02178227,-33.03670221],[-69.02182949,-33.03671427],[-69.02246349,-33.03658312],[-69.02262361,-33.0365421],[-69.02299451,-33.03675175],[-69.02341786,-33.03690401],[-69.02355775,-33.03689903],[-69.02421203,-33.03691142],[-69.02434424,-33.0368908],[-69.02484341,-33.03675139],[-69.02496641,-33.03670951],[-69.02500613,-33.03670479],[-69.0257032,-33.03664894],[-69.02580026,-33.03660794],[-69.02656222,-33.03671708],[-69.02659445,-33.03672062],[-69.02727729,-33.03663361],[-69.02738858,-33.03660593],[-69.02757961,-33.03675082],[-69.02818294,-33.03725359],[-69.02879639,-33.03739685],[-69.02897717,-33.03745045],[-69.02946809,-33.03758716],[-69.02977145,-33.03778829],[-69.03008848,-33.037921],[-69.03056574,-33.03813133],[-69.03118354,-33.03823765],[-69.03135997,-33.03828795],[-69.0315882,-33.03829902],[-69.03518174,-33.03694954],[-69.03845285,-33.03682584],[-69.03845296,-33.03682587],[-69.04011408,-33.03723928],[-69.04286695,-33.03879837],[-69.04594816,-33.0390905],[-69.05198101,-33.04084421],[-69.05265627,-33.04105984],[-69.0528318,-33.0411159],[-69.0528457,-33.04112159],[-69.0528424,-33.04112652],[-69.05378841,-33.04152252],[-69.05440594,-33.04182814],[-69.05664025,-33.04305399],[-69.05819373,-33.04383152],[-69.05880586,-33.04413788],[-69.06050798,-33.04427101],[-69.06051378,-33.04427077],[-69.06051841,-33.04427058],[-69.06274707,-33.04417947],[-69.06297787,-33.04417004],[-69.07082994,-33.04384872],[-69.07455414,-33.04369614],[-69.07456292,-33.04369613],[-69.07699599,-33.04369151],[-69.07701109,-33.04369228],[-69.07789774,-33.04373741],[-69.07807647,-33.0437465],[-69.07849214,-33.04379902],[-69.07863445,-33.04381354],[-69.07943746,-33.04390093],[-69.08236896,-33.04419467],[-69.08284766,-33.04424352],[-69.08443868,-33.04460749],[-69.08629237,-33.04528609],[-69.08810255,-33.04570085],[-69.08912042,-33.04598276],[-69.08959424,-33.04617443],[-69.09152149,-33.04696874],[-69.09189337,-33.04710441],[-69.09197432,-33.04713716],[-69.09197582,-33.0471345],[-69.0919831,-33.04713715],[-69.09209217,-33.04695353],[-69.09227627,-33.0466798],[-69.09248074,-33.0462384],[-69.09296305,-33.04538241],[-69.09332479,-33.0449334],[-69.0934112,-33.04482614],[-69.09347407,-33.04478463],[-69.09414075,-33.04434443],[-69.0942059,-33.04430721],[-69.09623529,-33.04359002],[-69.09634873,-33.04349399],[-69.09732707,-33.04272525],[-69.09736529,-33.04269523],[-69.09740601,-33.0426823],[-69.09816461,-33.04244144],[-69.09818471,-33.04243506],[-69.09819657,-33.04243498],[-69.09901181,-33.04242916],[-69.09902726,-33.04242905],[-69.09969634,-33.04252771],[-69.10006082,-33.04258146],[-69.10006603,-33.04258094],[-69.1000696,-33.04258145],[-69.10130467,-33.04247017],[-69.10185782,-33.04239397],[-69.10206432,-33.04226912],[-69.10170355,-33.04140174],[-69.10169468,-33.0413283],[-69.10169423,-33.04093409],[-69.10169416,-33.04087123],[-69.1018174,-33.04044915],[-69.10233848,-33.03866452],[-69.10294465,-33.03658839],[-69.10406085,-33.03423038],[-69.10411844,-33.0341803],[-69.10509359,-33.03333235],[-69.10524768,-33.03319836],[-69.10532194,-33.0331069],[-69.10606477,-33.03219198],[-69.10608896,-33.03216218],[-69.1061471,-33.03213824],[-69.10743015,-33.03160973],[-69.10822196,-33.03051645],[-69.1088646,-33.03028356],[-69.10962811,-33.03033435],[-69.11023496,-33.03007014],[-69.11247463,-33.02862382],[-69.11426091,-33.02779105],[-69.11502349,-33.02709522],[-69.11551213,-33.02640661],[-69.11563547,-33.02544653],[-69.11419349,-33.02507406],[-69.11377871,-33.02476628],[-69.11342556,-33.02386134],[-69.11341554,-33.02262183],[-69.11344178,-33.02219064],[-69.11389409,-33.02156995],[-69.11417599,-33.02056771],[-69.113438,-33.0192324],[-69.11366374,-33.01861192],[-69.11484951,-33.01780405],[-69.11581278,-33.01622426],[-69.11643393,-33.01483999],[-69.11603594,-33.01364751],[-69.11677097,-33.01274027],[-69.11886583,-33.01235658],[-69.11873717,-33.01258988],[-69.11930285,-33.01208914],[-69.12191917,-33.01163608],[-69.1220894,-33.01143503],[-69.12237321,-33.01028868],[-69.12102825,-33.00853631],[-69.1206698,-33.00754347],[-69.1207145,-33.00688617],[-69.12151644,-33.00604179],[-69.12500268,-33.00490436],[-69.12563039,-33.00419633],[-69.12619819,-33.00379362],[-69.12666791,-33.002901],[-69.12724371,-33.00245608],[-69.12760192,-33.00182529],[-69.12797722,-33.00132722],[-69.1281661,-33.00078495],[-69.12866291,-33.00038847],[-69.12951496,-33.00021974],[-69.13056492,-33.0003069],[-69.13137763,-32.99967955],[-69.13735451,-32.99650362],[-69.13722259,-32.99641122],[-69.13717199,-32.99635466],[-69.13715335,-32.99627558],[-69.13713434,-32.99623472],[-69.13705529,-32.99616466],[-69.136986,-32.99612013],[-69.13686416,-32.99606924],[-69.13678453,-32.99604567],[-69.13664648,-32.99603877],[-69.13661439,-32.99603043],[-69.13657918,-32.99601219],[-69.13649601,-32.9959523],[-69.13646498,-32.99593978],[-69.13619958,-32.99585204],[-69.13601492,-32.99577324],[-69.13583014,-32.99571519],[-69.13568811,-32.99568264],[-69.1355756,-32.99566823],[-69.13549916,-32.9956661],[-69.13544835,-32.99566837],[-69.13534233,-32.99568635],[-69.13530075,-32.99567425],[-69.13524023,-32.99563475],[-69.13510939,-32.99553948],[-69.1350417,-32.99548801],[-69.13501847,-32.99546601],[-69.13500365,-32.99543522],[-69.13499968,-32.99539685],[-69.1349914,-32.99536865],[-69.13496149,-32.99534195],[-69.13490328,-32.99530966],[-69.13485322,-32.99529495],[-69.13466537,-32.99527509],[-69.13462088,-32.99526399],[-69.13456054,-32.99523585],[-69.13450768,-32.99519282],[-69.13446933,-32.99517787],[-69.13427949,-32.99503116],[-69.13422352,-32.99501196],[-69.13413437,-32.99500118],[-69.13397514,-32.99499567],[-69.1338603,-32.995005],[-69.13379395,-32.99502813],[-69.13372202,-32.99506921],[-69.1336832,-32.9951041],[-69.13366653,-32.99514036],[-69.13364966,-32.99521223],[-69.13362321,-32.99525934],[-69.1335867,-32.99528292],[-69.1335196,-32.99528372],[-69.13342486,-32.99525176],[-69.13330233,-32.99519915],[-69.13326367,-32.99520133],[-69.13324039,-32.99522475],[-69.13319049,-32.99532651],[-69.13315836,-32.99535872],[-69.13312095,-32.99537116],[-69.13306308,-32.99536252],[-69.13254688,-32.9953273],[-69.13247199,-32.99540356],[-69.13244309,-32.99541344],[-69.13240339,-32.99540994],[-69.13220386,-32.99536582],[-69.13216443,-32.99534252],[-69.13213469,-32.99529698],[-69.13203715,-32.99510253],[-69.13200803,-32.99509485],[-69.1319386,-32.99511129],[-69.13187361,-32.99510494],[-69.13178995,-32.99512482],[-69.13173743,-32.99510215],[-69.13171238,-32.99504549],[-69.13170106,-32.99502173],[-69.13167563,-32.99499799],[-69.13162764,-32.99498616],[-69.13157967,-32.99498621],[-69.13154447,-32.99499863],[-69.13146683,-32.99504097],[-69.13142809,-32.99503637],[-69.1313842,-32.99500923],[-69.13132657,-32.99493506],[-69.1312891,-32.99491855],[-69.13123299,-32.99490691],[-69.13115002,-32.99489749],[-69.13069426,-32.99486009],[-69.13064759,-32.99487129],[-69.13061392,-32.99489792],[-69.13059878,-32.99492327],[-69.13054371,-32.99507644],[-69.1304986,-32.99516337],[-69.13047786,-32.9952025],[-69.13044045,-32.99521714],[-69.13039012,-32.99520729],[-69.13035545,-32.99518963],[-69.13026148,-32.99511083],[-69.13020983,-32.99508747],[-69.13008911,-32.99505618],[-69.12999643,-32.995007],[-69.12994139,-32.99500459],[-69.12989293,-32.99501268],[-69.12985004,-32.99503422],[-69.12971629,-32.99511697],[-69.12962424,-32.99515292],[-69.12952225,-32.99517408],[-69.12940799,-32.99517692],[-69.12934117,-32.99516053],[-69.12911586,-32.99508688],[-69.12905676,-32.99508741],[-69.12900497,-32.99509618],[-69.12897122,-32.99511216],[-69.12894941,-32.99513539],[-69.12894362,-32.99517602],[-69.12899513,-32.99532071],[-69.12898874,-32.99535607],[-69.12894435,-32.99545505],[-69.1289533,-32.99549297],[-69.12897669,-32.99553917],[-69.12906964,-32.99568782],[-69.1290781,-32.99572674],[-69.12904664,-32.9957621],[-69.12895422,-32.9957711],[-69.1288828,-32.99577648],[-69.1288103,-32.99579556],[-69.12876544,-32.99581537],[-69.12866046,-32.99586494],[-69.1285876,-32.99583959],[-69.12533578,-32.99356278],[-69.12500966,-32.99378447],[-69.12489251,-32.99389193],[-69.124657,-32.99401582],[-69.12439625,-32.9942056],[-69.12421659,-32.9942865],[-69.12386951,-32.99448721],[-69.12342342,-32.99472548],[-69.12334771,-32.99477402],[-69.12320895,-32.99485404],[-69.12291594,-32.99515551],[-69.1226306,-32.99542123],[-69.12251865,-32.99557327],[-69.12237644,-32.99569164],[-69.1221751,-32.99604754],[-69.12199966,-32.99652879],[-69.12214796,-32.99685457],[-69.12241401,-32.99736517],[-69.12263361,-32.99759735],[-69.12315521,-32.99820122],[-69.12342869,-32.99851454],[-69.12406332,-32.99886878],[-69.12422316,-32.99897641],[-69.12432741,-32.99903684],[-69.12453467,-32.99936444],[-69.12472885,-32.99987322],[-69.12462569,-33.00029569],[-69.12422514,-33.00038787],[-69.12392156,-33.00025963],[-69.12371306,-33.00017156],[-69.1234309,-33.00009654],[-69.12317858,-32.99987476],[-69.12263657,-32.99973636],[-69.12254443,-32.99977821],[-69.1221093,-32.99987581],[-69.12209277,-33.0001388],[-69.12233465,-33.00071238],[-69.12255425,-33.00095276],[-69.12263838,-33.00104485],[-69.12304331,-33.00154846],[-69.12298726,-33.001915],[-69.1226397,-33.00200387],[-69.12247845,-33.00221551],[-69.12204792,-33.00238622],[-69.12189774,-33.00244043],[-69.12184646,-33.00244527],[-69.12121597,-33.00255906],[-69.1210528,-33.00258121],[-69.1203381,-33.00247148],[-69.11940165,-33.00236516],[-69.11784856,-33.00333798],[-69.11750466,-33.00366975],[-69.11708542,-33.00401205],[-69.11706393,-33.00404187],[-69.11703977,-33.00406458],[-69.11679657,-33.00459631],[-69.11666284,-33.00490171],[-69.11664439,-33.0052719],[-69.11671594,-33.00573845],[-69.11693472,-33.00641284],[-69.11699213,-33.00657497],[-69.11708893,-33.0066707],[-69.11781097,-33.00741098],[-69.11788394,-33.00750873],[-69.11833225,-33.00824727],[-69.11860059,-33.00900027],[-69.11855133,-33.00908384],[-69.11816334,-33.00937608],[-69.11788644,-33.00938979],[-69.1174179,-33.0094278],[-69.11709253,-33.0093936],[-69.11663106,-33.00943599],[-69.1162988,-33.00953016],[-69.11599824,-33.00960613],[-69.1158138,-33.00992319],[-69.11569166,-33.01011936],[-69.11550597,-33.0103667],[-69.11536574,-33.01061225],[-69.11527654,-33.01076047],[-69.11499725,-33.01106037],[-69.11471323,-33.01127948],[-69.11454395,-33.01141932],[-69.11430756,-33.01159814],[-69.11432138,-33.0120209],[-69.11444348,-33.0124348],[-69.11430871,-33.01284323],[-69.11425258,-33.01327175],[-69.11419137,-33.01355548],[-69.11404187,-33.01410872],[-69.11402575,-33.01421695],[-69.11393619,-33.0149456],[-69.11393217,-33.01495419],[-69.11392404,-33.0149653],[-69.11355379,-33.01539194],[-69.11314697,-33.0157831],[-69.11314001,-33.01579247],[-69.11313119,-33.01584378],[-69.11296697,-33.01644615],[-69.11298465,-33.01662003],[-69.11272907,-33.01703164],[-69.1125614,-33.01745719],[-69.11248308,-33.01760862],[-69.11233979,-33.01786767],[-69.11219564,-33.01814201],[-69.11208441,-33.0182944],[-69.11197612,-33.01874684],[-69.1118447,-33.01913139],[-69.11182001,-33.01941834],[-69.11189664,-33.01996812],[-69.11181355,-33.02024721],[-69.11168575,-33.02080509],[-69.111688,-33.02095086],[-69.11155009,-33.02127581],[-69.11147985,-33.02156764],[-69.11145713,-33.02164208],[-69.11150298,-33.02242764],[-69.11148668,-33.02247883],[-69.11131017,-33.02306056],[-69.11119335,-33.02331587],[-69.11126032,-33.02384381],[-69.11083984,-33.02415296],[-69.11155458,-33.02484273],[-69.11162098,-33.02498905],[-69.11160001,-33.02503668],[-69.11155487,-33.02507453],[-69.11123989,-33.02549367],[-69.11115432,-33.02582624],[-69.11101319,-33.02609097],[-69.11076246,-33.02638897],[-69.11064474,-33.02653922],[-69.1105473,-33.02666356],[-69.11024436,-33.0269539],[-69.10996933,-33.02714381],[-69.10975842,-33.0272786],[-69.10939234,-33.02750136],[-69.10926343,-33.02759379],[-69.10917586,-33.02762862],[-69.10876895,-33.02790952],[-69.10838246,-33.02818573],[-69.10830463,-33.02825697],[-69.10824675,-33.02833913],[-69.10793487,-33.02870386],[-69.10758949,-33.02909766],[-69.10755212,-33.02913708],[-69.10752267,-33.02917654],[-69.10728303,-33.02968983],[-69.10700851,-33.03001376],[-69.1069487,-33.03017398],[-69.10693904,-33.0308506],[-69.10688214,-33.03093971],[-69.10679772,-33.03102017],[-69.10643213,-33.03130222],[-69.1060122,-33.03168816],[-69.10600791,-33.03169186],[-69.10600441,-33.03169363],[-69.10550067,-33.03199419],[-69.10521096,-33.03224918],[-69.10505823,-33.03236467],[-69.10493415,-33.03252585],[-69.1046782,-33.03280078],[-69.10441791,-33.03315762],[-69.10432039,-33.03326025],[-69.10426497,-33.03336319],[-69.10398062,-33.03373871],[-69.10364713,-33.03420048],[-69.10363932,-33.03421555],[-69.10362505,-33.0342389],[-69.10324476,-33.0346364],[-69.10284286,-33.03503793],[-69.10283693,-33.03504329],[-69.10283185,-33.03504718],[-69.10263866,-33.0350381],[-69.10203764,-33.03498601],[-69.10168621,-33.0342021],[-69.1016831,-33.03382993],[-69.10168861,-33.03336532],[-69.10162261,-33.03293055],[-69.10157686,-33.03252863],[-69.10147556,-33.03194014],[-69.10146001,-33.03169195],[-69.10125894,-33.03087656],[-69.1012522,-33.03085534],[-69.1013409,-33.03012698],[-69.10136426,-33.03001847],[-69.10134161,-33.02929197],[-69.10135843,-33.0291817],[-69.10134661,-33.02846145],[-69.10137341,-33.02834491],[-69.10144226,-33.02772628],[-69.10187329,-33.02750772],[-69.10123434,-33.02698555],[-69.10096075,-33.02721988],[-69.10044078,-33.0274371],[-69.10041483,-33.0274815],[-69.10037902,-33.02750893],[-69.10019568,-33.0280868],[-69.10003851,-33.02834598],[-69.09989602,-33.02860742],[-69.09964824,-33.02879908],[-69.09948774,-33.02901381],[-69.09938873,-33.02918328],[-69.09931296,-33.02966579],[-69.09930644,-33.03002012],[-69.09959988,-33.03080333],[-69.09963206,-33.03085664],[-69.09963043,-33.03167125],[-69.09962913,-33.03169342],[-69.09965155,-33.03174142],[-69.09999609,-33.03252991],[-69.09992285,-33.03281457],[-69.09987853,-33.03336678],[-69.09982649,-33.03354902],[-69.09965402,-33.03393507],[-69.0995846,-33.03413041],[-69.0995556,-33.03420382],[-69.09934243,-33.03471152],[-69.09908942,-33.03504096],[-69.09916129,-33.03535682],[-69.09937343,-33.03587752],[-69.09932712,-33.036367],[-69.09935399,-33.03671431],[-69.09957188,-33.03746019],[-69.09959391,-33.0375509],[-69.09965819,-33.03764096],[-69.09994974,-33.03785755],[-69.10045305,-33.03825016],[-69.10071168,-33.03838677],[-69.10081878,-33.03877141],[-69.10094988,-33.03922336],[-69.10067409,-33.03945503],[-69.10045464,-33.03965345],[-69.10023602,-33.03983015],[-69.09996784,-33.04006093],[-69.09981928,-33.04022771],[-69.09966119,-33.04030095],[-69.09941646,-33.04063989],[-69.09922111,-33.0408983],[-69.09905263,-33.04109309],[-69.09886797,-33.0411763],[-69.09854524,-33.04139532],[-69.09807427,-33.04162478],[-69.0979946,-33.04165208],[-69.09757563,-33.04173637],[-69.09733048,-33.04178949],[-69.09728027,-33.04181166],[-69.09678973,-33.04205664],[-69.0964865,-33.04220479],[-69.09624284,-33.04231735],[-69.0956926,-33.04249761],[-69.09563947,-33.04251865],[-69.09540991,-33.04257483],[-69.09500679,-33.04268913],[-69.09489861,-33.04269967],[-69.09434676,-33.04283084],[-69.09410462,-33.04291375],[-69.09365319,-33.04293728],[-69.09331054,-33.04303378],[-69.09287248,-33.04295207],[-69.09251631,-33.0430282],[-69.09208346,-33.04257733],[-69.09172088,-33.04185268],[-69.09163949,-33.04174088],[-69.09092581,-33.0410161],[-69.09082128,-33.0409047],[-69.09059202,-33.04055367],[-69.09030972,-33.04006829],[-69.09013052,-33.03994465],[-69.08981018,-33.03973135],[-69.08933582,-33.03943728],[-69.08891911,-33.03923251],[-69.08854117,-33.03896578],[-69.08810682,-33.03877565],[-69.08774664,-33.03861284],[-69.08739188,-33.03885954],[-69.08695274,-33.03889382],[-69.08669338,-33.03896075],[-69.0861586,-33.03893339],[-69.0857273,-33.03878048],[-69.08536415,-33.03865507],[-69.08487843,-33.03839855],[-69.08456946,-33.03811991],[-69.08402653,-33.03756235],[-69.0837745,-33.03728988],[-69.08305935,-33.03672622],[-69.08297975,-33.03665893],[-69.08287394,-33.0366149],[-69.08218523,-33.03627137],[-69.0815437,-33.03589044],[-69.0813906,-33.0357547],[-69.08060763,-33.03505427],[-69.0805958,-33.03504767],[-69.08058416,-33.03504203],[-69.07980137,-33.03472434],[-69.07915442,-33.03421843],[-69.07900642,-33.03382231],[-69.07868886,-33.03338194],[-69.07821159,-33.03303536],[-69.07781487,-33.03296453],[-69.07741727,-33.03281486],[-69.0769838,-33.03292615],[-69.07662322,-33.03289613],[-69.07618313,-33.03291975],[-69.07582919,-33.03300626],[-69.07558064,-33.03312186],[-69.07528249,-33.03338404],[-69.07513698,-33.03349109],[-69.07503551,-33.03353504],[-69.07428616,-33.03343192],[-69.07424129,-33.03342915],[-69.07417527,-33.03338471],[-69.07344688,-33.03309067],[-69.07294926,-33.03286128],[-69.07265255,-33.03285192],[-69.07191972,-33.03254925],[-69.07185816,-33.03252576],[-69.07182841,-33.03251796],[-69.07106394,-33.03240168],[-69.0707427,-33.03221158],[-69.07026949,-33.03198462],[-69.06971428,-33.03171372],[-69.06947508,-33.03160677],[-69.0692911,-33.03152017],[-69.06868085,-33.03146064],[-69.06837591,-33.0313932],[-69.06788664,-33.03133122],[-69.06760583,-33.03141892],[-69.06709255,-33.03136823],[-69.06664115,-33.03123985],[-69.06629826,-33.03112528],[-69.06610412,-33.03087891],[-69.06553044,-33.03007096],[-69.06550987,-33.03004244],[-69.06550334,-33.03003578],[-69.06475958,-33.02920606],[-69.06470859,-33.02913622],[-69.0639551,-33.02841303],[-69.06391395,-33.02837554],[-69.06323882,-33.02849532],[-69.06311996,-33.02851855],[-69.06289228,-33.02896675],[-69.06239255,-33.02920726],[-69.06235596,-33.02923845],[-69.06232638,-33.02923806],[-69.06174794,-33.02943468],[-69.06153245,-33.0294642],[-69.06100009,-33.02948375],[-69.06083963,-33.02952434],[-69.06073841,-33.02954994],[-69.06019694,-33.0294746],[-69.0599443,-33.02951937],[-69.0596411,-33.02920861],[-69.05914979,-33.0289108],[-69.05842162,-33.02837241],[-69.05835532,-33.02832524],[-69.05821317,-33.02822279],[-69.05756089,-33.02780357],[-69.05685716,-33.02763167],[-69.0567667,-33.02762209],[-69.05661817,-33.02753646],[-69.05597227,-33.02707119],[-69.05530742,-33.02670027],[-69.05517792,-33.02663244],[-69.05507593,-33.02659292],[-69.05438371,-33.02639426],[-69.05394596,-33.02623967],[-69.05358948,-33.0261288],[-69.05290766,-33.02586453],[-69.05279524,-33.02582486],[-69.05274116,-33.02580763],[-69.05200105,-33.02561869],[-69.05146661,-33.02530213],[-69.05120674,-33.0251839],[-69.05097645,-33.02502855],[-69.05041237,-33.02463226],[-69.04999276,-33.02458679],[-69.04961826,-33.02452304],[-69.04883805,-33.02419263],[-69.04882402,-33.02418423],[-69.04881205,-33.02418003],[-69.04802972,-33.02372684],[-69.0474842,-33.02361833],[-69.04723559,-33.02355466],[-69.04703537,-33.02335654],[-69.04644109,-33.02268795],[-69.04621509,-33.02252007],[-69.04564675,-33.02208695],[-69.04540361,-33.02168359],[-69.04531322,-33.02133254],[-69.04529823,-33.02084685],[-69.04485187,-33.02041553],[-69.04413414,-33.02001048],[-69.04416507,-33.01928727],[-69.04415458,-33.0191737],[-69.0440571,-33.01887872],[-69.04390264,-33.018337],[-69.04326244,-33.01753411],[-69.04270465,-33.01774946],[-69.04246855,-33.01774859],[-69.04177857,-33.01761063],[-69.04167449,-33.01759909],[-69.0408892,-33.01751045],[-69.04088046,-33.01750948],[-69.04085475,-33.01750126],[-69.04008636,-33.01725273],[-69.0397862,-33.0171853],[-69.03929229,-33.01706962],[-69.03870542,-33.01688352],[-69.03849821,-33.01683286],[-69.03804288,-33.01666537],[-69.03770408,-33.01648054],[-69.03705149,-33.01597813],[-69.03690984,-33.01586335],[-69.03684295,-33.01582895],[-69.03611574,-33.01553997],[-69.03542476,-33.01510131],[-69.03532157,-33.01504566],[-69.03525516,-33.01499263],[-69.03452736,-33.01441824],[-69.03410611,-33.01415616],[-69.03373321,-33.01392723],[-69.03336754,-33.01377103],[-69.03293914,-33.01360632],[-69.03231586,-33.01349978],[-69.03214514,-33.01347847],[-69.03149885,-33.0134757],[-69.0313512,-33.01352545],[-69.03065113,-33.01332028],[-69.03055717,-33.01330412],[-69.0305373,-33.01329937],[-69.02976313,-33.01303665],[-69.02932032,-33.01285396],[-69.0289691,-33.0127863],[-69.02829725,-33.01248405],[-69.02817504,-33.01240948],[-69.02802345,-33.01232438],[-69.02738096,-33.01195209],[-69.0265874,-33.01164814],[-69.02658693,-33.01164792],[-69.02658615,-33.01164765],[-69.02579289,-33.0113156],[-69.02504402,-33.01085881],[-69.02499883,-33.0108315],[-69.02497866,-33.0108112],[-69.02486447,-33.01066966],[-69.02430438,-33.00997455],[-69.02420464,-33.00987388],[-69.02396382,-33.00972084],[-69.02341058,-33.00937064],[-69.0232387,-33.00913797],[-69.02314693,-33.00886024],[-69.02296253,-33.00830124],[-69.02261631,-33.00794787],[-69.02225688,-33.00792254],[-69.02182236,-33.00776186],[-69.02114047,-33.00746478],[-69.02102837,-33.00738931],[-69.02090062,-33.00733019],[-69.02023437,-33.00695133],[-69.0195725,-33.00662826],[-69.01944035,-33.00635118],[-69.01936179,-33.00579151],[-69.01936769,-33.00571507],[-69.0194402,-33.00566948],[-69.01980433,-33.00533854],[-69.01992343,-33.00495464],[-69.01947033,-33.00415004],[-69.01990001,-33.00411786],[-69.01943986,-33.00410994],[-69.01943275,-33.00411044],[-69.01939543,-33.00411794],[-69.01888571,-33.00437064],[-69.01864603,-33.0042879],[-69.01805973,-33.00433692],[-69.01785217,-33.00433553],[-69.01723516,-33.00430468],[-69.01705829,-33.00429705],[-69.01631938,-33.00417633],[-69.0162644,-33.00417401],[-69.01614852,-33.0041184],[-69.01613305,-33.00397999],[-69.01581986,-33.00328166],[-69.01591881,-33.00291762],[-69.01626408,-33.00246618],[-69.01627185,-33.00245301],[-69.01627661,-33.00244482],[-69.01649045,-33.00184673],[-69.01684733,-33.00160796],[-69.01667389,-33.00120342],[-69.01653169,-33.00077122],[-69.01626374,-33.00056701],[-69.01579776,-32.99993453],[-69.01589114,-32.99954196],[-69.01601618,-32.99909772],[-69.01546954,-32.99853526],[-69.014934,-32.99853333],[-69.01467571,-32.99845354],[-69.01407189,-32.99846145],[-69.01388189,-32.99843114],[-69.01310587,-32.99828006],[-69.01308805,-32.99827838],[-69.01305782,-32.99826128],[-69.01304906,-32.99822018],[-69.01297871,-32.99742451],[-69.01229405,-32.99693121],[-69.0118059,-32.99658784],[-69.01150019,-32.99649735],[-69.01139417,-32.99647613],[-69.01070637,-32.99634526],[-69.01021532,-32.99607037],[-69.00991254,-32.99600165],[-69.00950808,-32.99575126],[-69.00965844,-32.99548345],[-69.00973355,-32.99491445],[-69.00954997,-32.99453243],[-69.00947962,-32.99407769],[-69.00911852,-32.99381347],[-69.00891903,-32.99386743],[-69.00832473,-32.99374451],[-69.00809187,-32.9938323],[-69.00753097,-32.99385631],[-69.00723018,-32.99376076],[-69.0067372,-32.99387778],[-69.00621306,-32.99324111],[-69.00617765,-32.99265134],[-69.00650392,-32.99240431],[-69.00594329,-32.99200273],[-69.00538843,-32.99156758],[-69.0051495,-32.99140365],[-69.00480053,-32.99119973],[-69.00435572,-32.99095354],[-69.00405389,-32.99073085],[-69.00356195,-32.99040718],[-69.00295775,-32.99009393],[-69.00276819,-32.9899878],[-69.00252008,-32.98989411],[-69.00197444,-32.98943174],[-69.00158711,-32.98905734],[-69.00118069,-32.98876905],[-69.00047959,-32.98831821],[-69.00038696,-32.98825409],[-68.99979231,-32.98843043],[-68.99959324,-32.98845607],[-68.9994239,-32.98822056],[-68.9991099,-32.987711],[-68.99890442,-32.98738377],[-68.99879952,-32.9872012],[-68.9983894,-32.98695138],[-68.99800582,-32.98670312],[-68.99782411,-32.98654697],[-68.99721213,-32.9859239],[-68.99699014,-32.98571017],[-68.99641846,-32.98499934],[-68.99631294,-32.98487337],[-68.99566335,-32.9840772],[-68.99562905,-32.98403656],[-68.99562482,-32.98403044],[-68.9956128,-32.98402389],[-68.99483116,-32.98343059],[-68.99432382,-32.98319973],[-68.99403751,-32.982976],[-68.99359484,-32.98236291],[-68.99324394,-32.98161827],[-68.99321017,-32.9815261],[-68.99320122,-32.98148105],[-68.99315821,-32.98068931],[-68.99297661,-32.98040735],[-68.99269697,-32.9798525],[-68.99245044,-32.97967176],[-68.991775,-32.97901566],[-68.99165688,-32.97865278],[-68.99152777,-32.97817886],[-68.99154275,-32.97805846],[-68.99156436,-32.97734207],[-68.99159006,-32.97727148],[-68.99165705,-32.97690766],[-68.99172369,-32.97657553],[-68.99173763,-32.9765053],[-68.99180943,-32.97582908],[-68.991844,-32.97566852],[-68.99165718,-32.97549263],[-68.99103575,-32.97501318],[-68.99086363,-32.9749085],[-68.990798,-32.97483166],[-68.9907921,-32.97475622],[-68.9907022,-32.97399487],[-68.99075991,-32.9738854],[-68.99086377,-32.97352529],[-68.9909455,-32.97324425],[-68.99095305,-32.9731581],[-68.99117502,-32.97264943],[-68.99127894,-32.97232134],[-68.99102686,-32.9716563],[-68.99104736,-32.97148453],[-68.99086401,-32.97122305],[-68.99052897,-32.97064771],[-68.99007057,-32.96999451],[-68.98928076,-32.96981475],[-68.98927703,-32.9698127],[-68.98927358,-32.96981082],[-68.98926988,-32.96980328],[-68.98871037,-32.96897398],[-68.98848364,-32.96849195],[-68.98822766,-32.96813715],[-68.98769021,-32.96761664],[-68.98747888,-32.96730029],[-68.98741658,-32.96701165],[-68.98729895,-32.96646349],[-68.98731835,-32.96607113],[-68.98736434,-32.96562671],[-68.98706925,-32.96497147],[-68.98699952,-32.96478988],[-68.98689715,-32.96439793],[-68.98678995,-32.96395307],[-68.98677022,-32.96381913],[-68.98665815,-32.96311627],[-68.98667075,-32.96287729],[-68.98667804,-32.96227948],[-68.98667008,-32.96203966],[-68.98664682,-32.96144269],[-68.98643397,-32.96095368],[-68.98628335,-32.96060587],[-68.98619911,-32.959869],[-68.98619273,-32.95976907],[-68.98610439,-32.95960643],[-68.98573414,-32.95893765],[-68.97553908,-32.95918697],[-68.95198293,-32.95890181],[-68.95198558,-32.95890717],[-68.95199233,-32.95892382]]]]},"geometry_name":"the_geom","properties":{"fid":115,"id":118,"distrito_":"","zona_":"AMORTIGUACION EXTERNA","codigo":"ZAE","lote_min":"5000","lado_min":"35","fos":"5","retiro_fro":"10","retiro_lat":"10","retiro_pos":"10","alt_max":"4.50","ordenanza":"14106-2021","sup_m2":4.33466E7}},{"type":"Feature","id":"Zonas.116","geometry":{"type":"MultiPolygon","coordinates":[[[[-68.98573414,-32.95893765],[-68.98610439,-32.95960643],[-68.98619273,-32.95976907],[-68.98619911,-32.959869],[-68.98628335,-32.96060587],[-68.98643397,-32.96095368],[-68.98664682,-32.96144269],[-68.98667008,-32.96203966],[-68.98667804,-32.96227948],[-68.98667075,-32.96287729],[-68.98665815,-32.96311627],[-68.98677022,-32.96381913],[-68.98678995,-32.96395307],[-68.98689715,-32.96439793],[-68.98699952,-32.96478988],[-68.98706925,-32.96497147],[-68.98736434,-32.96562671],[-68.98731835,-32.96607113],[-68.98729895,-32.96646349],[-68.98741658,-32.96701165],[-68.98747888,-32.96730029],[-68.98769021,-32.96761664],[-68.98822766,-32.96813715],[-68.98848364,-32.96849195],[-68.98871037,-32.96897398],[-68.98926988,-32.96980328],[-68.98927358,-32.96981082],[-68.98927703,-32.9698127],[-68.98928076,-32.96981475],[-68.99007057,-32.96999451],[-68.99052897,-32.97064771],[-68.99086401,-32.97122305],[-68.99104736,-32.97148453],[-68.99102686,-32.9716563],[-68.99127894,-32.97232134],[-68.99117502,-32.97264943],[-68.99095305,-32.9731581],[-68.9909455,-32.97324425],[-68.99086377,-32.97352529],[-68.99075991,-32.9738854],[-68.9907022,-32.97399487],[-68.9907921,-32.97475622],[-68.990798,-32.97483166],[-68.99086363,-32.9749085],[-68.99103575,-32.97501318],[-68.99165718,-32.97549263],[-68.991844,-32.97566852],[-68.99180943,-32.97582908],[-68.99173763,-32.9765053],[-68.99172369,-32.97657553],[-68.99165705,-32.97690766],[-68.99159006,-32.97727148],[-68.99156436,-32.97734207],[-68.99154275,-32.97805846],[-68.99152777,-32.97817886],[-68.99165688,-32.97865278],[-68.991775,-32.97901566],[-68.99245044,-32.97967176],[-68.99269697,-32.9798525],[-68.99297661,-32.98040735],[-68.99315821,-32.98068931],[-68.99320122,-32.98148105],[-68.99321017,-32.9815261],[-68.99324394,-32.98161827],[-68.99359484,-32.98236291],[-68.99403751,-32.982976],[-68.99432382,-32.98319973],[-68.99483116,-32.98343059],[-68.9956128,-32.98402389],[-68.99562482,-32.98403044],[-68.99562905,-32.98403656],[-68.99566335,-32.9840772],[-68.99631294,-32.98487337],[-68.99641846,-32.98499934],[-68.99699014,-32.98571017],[-68.99721213,-32.9859239],[-68.99782411,-32.98654697],[-68.99800582,-32.98670312],[-68.9983894,-32.98695138],[-68.99879952,-32.9872012],[-68.99890442,-32.98738377],[-68.9991099,-32.987711],[-68.9994239,-32.98822056],[-68.99959324,-32.98845607],[-68.99979231,-32.98843043],[-69.00038696,-32.98825409],[-69.00047959,-32.98831821],[-69.00118069,-32.98876905],[-69.00158711,-32.98905734],[-69.00197444,-32.98943174],[-69.00252008,-32.98989411],[-69.00276819,-32.9899878],[-69.00295775,-32.99009393],[-69.00356195,-32.99040718],[-69.00405389,-32.99073085],[-69.00435572,-32.99095354],[-69.00480053,-32.99119973],[-69.0051495,-32.99140365],[-69.00538843,-32.99156758],[-69.00594329,-32.99200273],[-69.00650392,-32.99240431],[-69.00617765,-32.99265134],[-69.00621306,-32.99324111],[-69.0067372,-32.99387778],[-69.00723018,-32.99376076],[-69.00753097,-32.99385631],[-69.00809187,-32.9938323],[-69.00832473,-32.99374451],[-69.00891903,-32.99386743],[-69.00911852,-32.99381347],[-69.00947962,-32.99407769],[-69.00954997,-32.99453243],[-69.00973355,-32.99491445],[-69.00965844,-32.99548345],[-69.00950808,-32.99575126],[-69.00991254,-32.99600165],[-69.01021532,-32.99607037],[-69.01070637,-32.99634526],[-69.01139417,-32.99647613],[-69.01150019,-32.99649735],[-69.0118059,-32.99658784],[-69.01229405,-32.99693121],[-69.01297871,-32.99742451],[-69.01304906,-32.99822018],[-69.01305782,-32.99826128],[-69.01308805,-32.99827838],[-69.01310587,-32.99828006],[-69.01388189,-32.99843114],[-69.01407189,-32.99846145],[-69.01467571,-32.99845354],[-69.014934,-32.99853333],[-69.01546954,-32.99853526],[-69.01601618,-32.99909772],[-69.01589114,-32.99954196],[-69.01579776,-32.99993453],[-69.01626374,-33.00056701],[-69.01653169,-33.00077122],[-69.01667389,-33.00120342],[-69.01684733,-33.00160796],[-69.01649045,-33.00184673],[-69.01627661,-33.00244482],[-69.01627185,-33.00245301],[-69.01626408,-33.00246618],[-69.01591881,-33.00291762],[-69.01581986,-33.00328166],[-69.01613305,-33.00397999],[-69.01614852,-33.0041184],[-69.0162644,-33.00417401],[-69.01631938,-33.00417633],[-69.01705829,-33.00429705],[-69.01723516,-33.00430468],[-69.01785217,-33.00433553],[-69.01805973,-33.00433692],[-69.01864603,-33.0042879],[-69.01888571,-33.00437064],[-69.01939543,-33.00411794],[-69.01943275,-33.00411044],[-69.01943986,-33.00410994],[-69.01990001,-33.00411786],[-69.01947033,-33.00415004],[-69.01992343,-33.00495464],[-69.01980433,-33.00533854],[-69.0194402,-33.00566948],[-69.01936769,-33.00571507],[-69.01936179,-33.00579151],[-69.01944035,-33.00635118],[-69.0195725,-33.00662826],[-69.02023437,-33.00695133],[-69.02090062,-33.00733019],[-69.02102837,-33.00738931],[-69.02114047,-33.00746478],[-69.02182236,-33.00776186],[-69.02225688,-33.00792254],[-69.02261631,-33.00794787],[-69.02296253,-33.00830124],[-69.02314693,-33.00886024],[-69.0232387,-33.00913797],[-69.02341058,-33.00937064],[-69.02396382,-33.00972084],[-69.02420464,-33.00987388],[-69.02430438,-33.00997455],[-69.02486447,-33.01066966],[-69.02497866,-33.0108112],[-69.02499883,-33.0108315],[-69.02504402,-33.01085881],[-69.02579289,-33.0113156],[-69.02658615,-33.01164765],[-69.02658693,-33.01164792],[-69.0265874,-33.01164814],[-69.02738096,-33.01195209],[-69.02802345,-33.01232438],[-69.02817504,-33.01240948],[-69.02829725,-33.01248405],[-69.0289691,-33.0127863],[-69.02932032,-33.01285396],[-69.02976313,-33.01303665],[-69.0305373,-33.01329937],[-69.03055717,-33.01330412],[-69.03065113,-33.01332028],[-69.0313512,-33.01352545],[-69.03149885,-33.0134757],[-69.03214514,-33.01347847],[-69.03231586,-33.01349978],[-69.03293914,-33.01360632],[-69.03336754,-33.01377103],[-69.03373321,-33.01392723],[-69.03410611,-33.01415616],[-69.03452736,-33.01441824],[-69.03525516,-33.01499263],[-69.03532157,-33.01504566],[-69.03542476,-33.01510131],[-69.03611574,-33.01553997],[-69.03684295,-33.01582895],[-69.03690984,-33.01586335],[-69.03705149,-33.01597813],[-69.03770408,-33.01648054],[-69.03804288,-33.01666537],[-69.03849821,-33.01683286],[-69.03870542,-33.01688352],[-69.03929229,-33.01706962],[-69.0397862,-33.0171853],[-69.04008636,-33.01725273],[-69.04085475,-33.01750126],[-69.04088046,-33.01750948],[-69.0408892,-33.01751045],[-69.04167449,-33.01759909],[-69.04177857,-33.01761063],[-69.04246855,-33.01774859],[-69.04270465,-33.01774946],[-69.04326244,-33.01753411],[-69.04390264,-33.018337],[-69.0440571,-33.01887872],[-69.04415458,-33.0191737],[-69.04416507,-33.01928727],[-69.04413414,-33.02001048],[-69.04485187,-33.02041553],[-69.04529823,-33.02084685],[-69.04531322,-33.02133254],[-69.04540361,-33.02168359],[-69.04564675,-33.02208695],[-69.04621509,-33.02252007],[-69.04644109,-33.02268795],[-69.04703537,-33.02335654],[-69.04723559,-33.02355466],[-69.0474842,-33.02361833],[-69.04802972,-33.02372684],[-69.04881205,-33.02418003],[-69.04882402,-33.02418423],[-69.04883805,-33.02419263],[-69.04961826,-33.02452304],[-69.04999276,-33.02458679],[-69.05041237,-33.02463226],[-69.05097645,-33.02502855],[-69.05120674,-33.0251839],[-69.05146661,-33.02530213],[-69.05200105,-33.02561869],[-69.05274116,-33.02580763],[-69.05279524,-33.02582486],[-69.05290766,-33.02586453],[-69.05358948,-33.0261288],[-69.05394596,-33.02623967],[-69.05438371,-33.02639426],[-69.05507593,-33.02659292],[-69.05517792,-33.02663244],[-69.05530742,-33.02670027],[-69.05597227,-33.02707119],[-69.05661817,-33.02753646],[-69.0567667,-33.02762209],[-69.05685716,-33.02763167],[-69.05756089,-33.02780357],[-69.05821317,-33.02822279],[-69.05835532,-33.02832524],[-69.05842162,-33.02837241],[-69.05914979,-33.0289108],[-69.0596411,-33.02920861],[-69.0599443,-33.02951937],[-69.06019694,-33.0294746],[-69.06073841,-33.02954994],[-69.06083963,-33.02952434],[-69.06038678,-33.02670283],[-69.05980779,-33.0249851],[-69.05971824,-33.02502468],[-69.05950954,-33.02540635],[-69.0591473,-33.02518077],[-69.05904506,-33.025025],[-69.05856883,-33.02441616],[-69.05841583,-33.02418851],[-69.05835256,-33.02413679],[-69.0576016,-33.02335211],[-69.05759464,-33.02307677],[-69.05758109,-33.02254023],[-69.05757767,-33.02251534],[-69.05755742,-33.02245979],[-69.05703723,-33.02167881],[-69.0567626,-33.02122793],[-69.05654419,-33.02084226],[-69.05596796,-33.02025509],[-69.05569226,-33.02000586],[-69.05517353,-33.01958073],[-69.05470687,-33.01951454],[-69.05468704,-33.01951052],[-69.05437944,-33.01944805],[-69.05412729,-33.01916977],[-69.05379707,-33.01855673],[-69.0536725,-33.01833319],[-69.05358466,-33.01816415],[-69.05324012,-33.01749659],[-69.05278984,-33.01678067],[-69.05267756,-33.01666005],[-69.0526102,-33.01647094],[-69.05237857,-33.01582339],[-69.05217708,-33.01517868],[-69.05217929,-33.0149867],[-69.0519947,-33.01479261],[-69.05188513,-33.0148713],[-69.05120078,-33.01488138],[-69.05110245,-33.0148835],[-69.05040684,-33.0149135],[-69.04978953,-33.01415089],[-69.04961211,-33.01354924],[-69.04953164,-33.01331421],[-69.04881766,-33.01264487],[-69.04864208,-33.01247778],[-69.0484701,-33.01211185],[-69.04827519,-33.01164115],[-69.04802307,-33.0114591],[-69.04741313,-33.01080469],[-69.04722857,-33.01038068],[-69.04698772,-33.00996807],[-69.04694341,-33.00982943],[-69.04686562,-33.00958602],[-69.04678293,-33.00913137],[-69.04643381,-33.0087958],[-69.0460006,-33.00829488],[-69.04563924,-33.00751546],[-69.04560242,-33.00745824],[-69.04545672,-33.00726605],[-69.04501246,-33.00666933],[-69.04497699,-33.00662169],[-69.04484479,-33.00641485],[-69.04414965,-33.00588957],[-69.0440506,-33.00581776],[-69.04401072,-33.00578525],[-69.04325632,-33.00500983],[-69.04310214,-33.00494879],[-69.04246232,-33.00474573],[-69.04232468,-33.00480394],[-69.04166851,-33.00486775],[-69.04155519,-33.00482989],[-69.04137796,-33.00494937],[-69.04097671,-33.00505701],[-69.04087475,-33.00512788],[-69.04071632,-33.00494959],[-69.04037144,-33.00441953],[-69.04019387,-33.00411297],[-69.04008038,-33.0040278],[-69.03962367,-33.00327637],[-69.03977455,-33.00295448],[-69.03987447,-33.00243951],[-69.03983519,-33.00218195],[-69.03982175,-33.00160275],[-69.03987655,-33.00138914],[-69.04007909,-33.00117779],[-69.04025286,-33.00094911],[-69.04032124,-33.0007658],[-69.04037582,-33.00024223],[-69.04087244,-33.00010567],[-69.04095171,-33.00001242],[-69.04118311,-32.99992874],[-69.04087211,-32.99940425],[-69.0404871,-32.99909218],[-69.04007807,-32.99892318],[-69.0399215,-32.99892732],[-69.03928421,-32.99883535],[-69.03865263,-32.99842719],[-69.03849017,-32.99834131],[-69.03835785,-32.99825607],[-69.03769613,-32.99780336],[-69.03713829,-32.99766846],[-69.03690225,-32.9976288],[-69.03629793,-32.99761966],[-69.03610842,-32.99757816],[-69.03539928,-32.99750945],[-69.03531456,-32.99747265],[-69.03517242,-32.99742023],[-69.03452055,-32.99694517],[-69.03417465,-32.99658372],[-69.0337265,-32.99628469],[-69.03338909,-32.99622828],[-69.03293264,-32.99611917],[-69.03220862,-32.99574746],[-69.03213867,-32.99564592],[-69.03171255,-32.99491081],[-69.03134447,-32.9944784],[-69.03098823,-32.9940742],[-69.0305504,-32.9936658],[-69.03012708,-32.99323763],[-69.02975634,-32.9928139],[-69.02897484,-32.99240112],[-69.02896244,-32.99239602],[-69.02894471,-32.99238244],[-69.0281685,-32.99182592],[-69.02790949,-32.99156458],[-69.02771484,-32.99108662],[-69.02749306,-32.99072789],[-69.02737434,-32.99054508],[-69.02669331,-32.98989128],[-69.02699361,-32.98949017],[-69.02697139,-32.98905443],[-69.02657993,-32.98830648],[-69.0264836,-32.98821775],[-69.025786,-32.98762862],[-69.02501395,-32.98740418],[-69.02499222,-32.98739961],[-69.02497259,-32.98738128],[-69.02496657,-32.98735426],[-69.02477634,-32.98654454],[-69.02467513,-32.98621061],[-69.02452592,-32.9857078],[-69.02419793,-32.9853255],[-69.02385559,-32.985347],[-69.02340419,-32.98517152],[-69.02275403,-32.98487135],[-69.0226104,-32.98479038],[-69.02186302,-32.98403473],[-69.02181643,-32.98366279],[-69.02172024,-32.98319797],[-69.02173415,-32.98311136],[-69.02163804,-32.9823612],[-69.02102233,-32.98190436],[-69.02039254,-32.98152462],[-69.02051997,-32.98099517],[-69.02036028,-32.98068784],[-69.02054043,-32.98018015],[-69.02064274,-32.97985101],[-69.02066021,-32.97946982],[-69.02087412,-32.97901418],[-69.02077575,-32.978755],[-69.02050727,-32.97817746],[-69.02027041,-32.97738582],[-69.02025238,-32.97734071],[-69.0202276,-32.97726896],[-69.02011546,-32.97722251],[-69.0194339,-32.97695925],[-69.0191604,-32.97705249],[-69.01864033,-32.97721038],[-69.01853437,-32.97722926],[-69.01784673,-32.97732203],[-69.01782663,-32.97731989],[-69.01772906,-32.9773411],[-69.01714528,-32.97743835],[-69.01705313,-32.97745308],[-69.01638764,-32.97734128],[-69.01625947,-32.97730725],[-69.01593357,-32.97699777],[-69.01546571,-32.97654219],[-69.01541394,-32.97650462],[-69.01467202,-32.97611318],[-69.01406758,-32.97586751],[-69.01387835,-32.97581893],[-69.01365303,-32.97566804],[-69.01346999,-32.97523757],[-69.01325124,-32.9748313],[-69.01308455,-32.97454517],[-69.01283309,-32.97399455],[-69.01247388,-32.97335087],[-69.01238355,-32.97315781],[-69.01229074,-32.97305593],[-69.01187551,-32.97272008],[-69.01149707,-32.97242243],[-69.01081737,-32.97244125],[-69.01070348,-32.97239228],[-69.00991806,-32.97232986],[-69.00990989,-32.97232869],[-69.00989072,-32.97232125],[-69.0099017,-32.97231261],[-69.00990988,-32.97217603],[-69.01018588,-32.97177552],[-69.00996623,-32.97148446],[-69.01027541,-32.97103322],[-69.01062301,-32.97064761],[-69.01038214,-32.97030906],[-69.01019795,-32.96981086],[-69.01055944,-32.96965929],[-69.01070308,-32.96909199],[-69.01072962,-32.96900203],[-69.01073066,-32.96897403],[-69.01070306,-32.96891619],[-69.01027348,-32.96813728],[-69.01011344,-32.96751572],[-69.01005374,-32.96730051],[-69.00990925,-32.96656492],[-69.00989095,-32.96646374],[-69.00989491,-32.96644864],[-69.00990923,-32.96642655],[-69.01022456,-32.9659595],[-69.0104725,-32.96562691],[-69.0106388,-32.96555955],[-69.01070266,-32.96554029],[-69.01122081,-32.96533649],[-69.01149613,-32.96518166],[-69.01175064,-32.96505841],[-69.01224982,-32.96478996],[-69.01227479,-32.96477434],[-69.01228959,-32.9647629],[-69.01272071,-32.96440781],[-69.01308302,-32.96418129],[-69.01320243,-32.964079],[-69.01334784,-32.96395306],[-69.01326833,-32.9637463],[-69.01308289,-32.96326411],[-69.01294792,-32.96311631],[-69.01228934,-32.96293746],[-69.0120923,-32.96290861],[-69.01149583,-32.96283991],[-69.01112109,-32.96272132],[-69.0107023,-32.96259211],[-69.01017098,-32.96227978],[-69.00990872,-32.96179856],[-69.00970685,-32.96144303],[-69.00916722,-32.96066124],[-69.00912948,-32.96060628],[-69.0091151,-32.96058752],[-69.00836155,-32.95976955],[-69.00832154,-32.95971054],[-69.00781104,-32.9589328],[-69.00757381,-32.95858762],[-69.0075602,-32.95856781],[-69.00174612,-32.9585444],[-68.99781171,-32.95864122],[-68.98573414,-32.95893765]]]]},"geometry_name":"the_geom","properties":{"fid":116,"id":119,"distrito_":"VERTIENTES DEL PEDEMONTE","zona_":"AMORTIGUACION INTERNA","codigo":"ZAI","lote_min":"10000","lado_min":"50","fos":"2.50","retiro_fro":"10","retiro_lat":"10","retiro_pos":"10","alt_max":"4.50","ordenanza":"14106-2021","sup_m2":1.52188E7}},{"type":"Feature","id":"Zonas.108","geometry":{"type":"MultiPolygon","coordinates":[[[[-68.84651992,-32.97507386],[-68.84697579,-32.9752931],[-68.84696848,-32.97527177],[-68.84687122,-32.97498785],[-68.84686047,-32.97495647],[-68.84676755,-32.97475122],[-68.84615131,-32.97343542],[-68.8455539,-32.97223775],[-68.84518087,-32.97160201],[-68.84472709,-32.97047042],[-68.84433709,-32.96941898],[-68.8442744,-32.96924998],[-68.84380251,-32.96822017],[-68.8433187,-32.96900443],[-68.84331612,-32.96937293],[-68.8439272,-32.97060838],[-68.84575485,-32.97389138],[-68.84613967,-32.9747602],[-68.84651992,-32.97507386]]]]},"geometry_name":"the_geom","properties":{"fid":108,"id":108,"distrito_":"","zona_":"RESIDENCIAL MIXTA 1","codigo":"ZRM1","lote_min":"200","lado_min":"10","fos":"75","retiro_fro":"0","retiro_lat":"0","retiro_pos":"0","alt_max":"0","ordenanza":"14106-2021","sup_m2":50717.6}},{"type":"Feature","id":"Zonas.109","geometry":{"type":"MultiPolygon","coordinates":[[[[-68.84754046,-32.97642264],[-68.84738567,-32.97657441],[-68.84729513,-32.97680224],[-68.84728164,-32.97716042],[-68.84747374,-32.97777935],[-68.84805577,-32.9793165],[-68.84967781,-32.98352453],[-68.85025485,-32.98376856],[-68.85104751,-32.98384417],[-68.84754046,-32.97642264]]]]},"geometry_name":"the_geom","properties":{"fid":109,"id":109,"distrito_":"","zona_":"RESIDENCIAL MIXTA 1","codigo":"ZRM1","lote_min":"200","lado_min":"10","fos":"75","retiro_fro":"0","retiro_lat":"0","retiro_pos":"0","alt_max":"0","ordenanza":"14106-2021","sup_m2":67473.3}},{"type":"Feature","id":"Zonas.110","geometry":{"type":"MultiPolygon","coordinates":[[[[-69.18973707,-32.96182495],[-69.18971089,-32.96240282],[-69.18971999,-32.9624263],[-69.1897384,-32.962449],[-69.1908926,-32.9625244],[-69.19141786,-32.9622703],[-69.19297439,-32.96229177],[-69.19382302,-32.96212345],[-69.19495459,-32.96193084],[-69.19600167,-32.9619292],[-69.1965967,-32.96226226],[-69.19654051,-32.96289318],[-69.19668114,-32.96290236],[-69.19673963,-32.96290617],[-69.1967311,-32.96293728],[-69.1985254,-32.96419163],[-69.19872463,-32.96469231],[-69.19912201,-32.96521653],[-69.19915122,-32.96562205],[-69.19929412,-32.9662421],[-69.19929336,-32.96625452],[-69.19943494,-32.96622246],[-69.19978857,-32.96616225],[-69.20010675,-32.96607227],[-69.20102613,-32.96589187],[-69.20205122,-32.96553236],[-69.20286432,-32.96529247],[-69.20342992,-32.96511263],[-69.2045614,-32.96487221],[-69.20586933,-32.96445256],[-69.20703595,-32.9641226],[-69.20834428,-32.96388186],[-69.20929807,-32.96331366],[-69.20996872,-32.96268629],[-69.21078113,-32.96217796],[-69.21166621,-32.96247467],[-69.21417968,-32.96324574],[-69.21524129,-32.96339302],[-69.21605579,-32.96374947],[-69.21786228,-32.96438981],[-69.21934905,-32.96479278],[-69.22001035,-32.96463721],[-69.22033686,-32.96463663],[-69.21992541,-32.96419565],[-69.2191669,-32.9634913],[-69.21898501,-32.96335142],[-69.21840393,-32.9630981],[-69.21840069,-32.96309691],[-69.21816276,-32.96301144],[-69.21815357,-32.96300735],[-69.21743256,-32.96259528],[-69.21599347,-32.96221008],[-69.21371024,-32.96175812],[-69.2108243,-32.96134604],[-69.21034934,-32.961297],[-69.21023657,-32.96128536],[-69.20789756,-32.96104384],[-69.20633159,-32.96088211],[-69.20627779,-32.96087163],[-69.2035441,-32.96033919],[-69.20116876,-32.95970887],[-69.19748235,-32.95858333],[-69.19721744,-32.95850244],[-69.19698196,-32.958418],[-69.196984,-32.95839793],[-69.19698563,-32.95838193],[-69.19683756,-32.95834344],[-69.19663696,-32.9582913],[-69.19660676,-32.95828346],[-69.19548476,-32.95790714],[-69.19457059,-32.95760293],[-69.1939763,-32.9573995],[-69.19249544,-32.9568684],[-69.19249545,-32.95686979],[-69.19249545,-32.9568704],[-69.19246497,-32.95702811],[-69.19245806,-32.9571067],[-69.19246454,-32.95717642],[-69.19253818,-32.95746023],[-69.19255705,-32.95751855],[-69.19264529,-32.95763722],[-69.1926697,-32.95767172],[-69.19268605,-32.95770908],[-69.1926898,-32.95774765],[-69.19266634,-32.95780309],[-69.19253838,-32.95795552],[-69.19244508,-32.95805868],[-69.19235062,-32.95812913],[-69.19231601,-32.95815643],[-69.19228871,-32.95818842],[-69.19227479,-32.95822488],[-69.19229991,-32.95831986],[-69.19230054,-32.9583568],[-69.19227994,-32.95839001],[-69.19197383,-32.95854728],[-69.19176932,-32.95866251],[-69.1911712,-32.95904593],[-69.19071341,-32.95934723],[-69.19032331,-32.95954822],[-69.18966158,-32.95976394],[-69.1891526,-32.9599508],[-69.1888305,-32.96019463],[-69.18858073,-32.96035655],[-69.18844065,-32.96051013],[-69.18845842,-32.96088227],[-69.18868543,-32.96103941],[-69.18898524,-32.96109619],[-69.18913662,-32.96119609],[-69.18922329,-32.96125328],[-69.18944964,-32.96129993],[-69.18948943,-32.96140929],[-69.18973707,-32.96182495]]]]},"geometry_name":"the_geom","properties":{"fid":110,"id":112,"distrito_":"POTRERILLOS","zona_":"RESIDENCIAL MIXTA 6","codigo":"ZRM6","lote_min":"500","lado_min":"15","fos":"45","retiro_fro":"3","retiro_lat":"1,5","retiro_pos":"1,5","alt_max":"8","ordenanza":"14106-2021","sup_m2":1064760}},{"type":"Feature","id":"Zonas.111","geometry":{"type":"MultiPolygon","coordinates":[[[[-69.24628354,-32.96478468],[-69.24550577,-32.96496514],[-69.24523169,-32.96496325],[-69.2444403,-32.96495778],[-69.24236428,-32.9649434],[-69.2421683,-32.96554606],[-69.24123581,-32.96607272],[-69.23982154,-32.96636172],[-69.23837864,-32.96653148],[-69.2370775,-32.96679639],[-69.23625804,-32.96727508],[-69.23574982,-32.96772932],[-69.23456028,-32.96739756],[-69.23421959,-32.96699263],[-69.23356898,-32.96711314],[-69.23297553,-32.96744824],[-69.23277448,-32.96742868],[-69.23292139,-32.9675424],[-69.2329995,-32.96759934],[-69.23306781,-32.96764592],[-69.23314613,-32.96769447],[-69.23321679,-32.96773289],[-69.23328216,-32.96776313],[-69.23334659,-32.96778752],[-69.23343225,-32.96781447],[-69.23352546,-32.96784004],[-69.23362324,-32.9678632],[-69.23372562,-32.9678839],[-69.23383262,-32.96790208],[-69.23394424,-32.96791769],[-69.2340605,-32.96793066],[-69.23418141,-32.96794096],[-69.23430678,-32.96794854],[-69.23443682,-32.96795337],[-69.23457153,-32.96795542],[-69.23471099,-32.96795467],[-69.23485516,-32.96795109],[-69.23500429,-32.96794465],[-69.23515855,-32.96793532],[-69.23531516,-32.96792329],[-69.23564381,-32.96793644],[-69.23712884,-32.96763541],[-69.23804744,-32.96718635],[-69.23896578,-32.96664781],[-69.23946065,-32.96649776],[-69.23986588,-32.96648275],[-69.24013333,-32.96650182],[-69.24024239,-32.96650781],[-69.24033787,-32.96651136],[-69.24044266,-32.96651275],[-69.24053689,-32.9665111],[-69.24062308,-32.96650654],[-69.24070233,-32.96649919],[-69.24082722,-32.96648205],[-69.24095862,-32.96645825],[-69.24104539,-32.96643904],[-69.24109864,-32.96642725],[-69.24125098,-32.96638803],[-69.24138377,-32.96635008],[-69.24153372,-32.9663041],[-69.24203713,-32.96613994],[-69.2422193,-32.96608237],[-69.24222595,-32.96608034],[-69.24239925,-32.96602922],[-69.24240839,-32.96602665],[-69.24256595,-32.9659846],[-69.24257719,-32.96598179],[-69.24272975,-32.96594619],[-69.24273587,-32.96594482],[-69.24274303,-32.96594335],[-69.24288805,-32.96591507],[-69.24290303,-32.96591246],[-69.24304256,-32.96589109],[-69.24305908,-32.96588894],[-69.24319427,-32.96587431],[-69.24320906,-32.96587301],[-69.2432957,-32.96586733],[-69.24330919,-32.96586669],[-69.24339912,-32.965864],[-69.24341125,-32.96586384],[-69.24350659,-32.96586403],[-69.24351722,-32.9658642],[-69.24361981,-32.96586728],[-69.24363114,-32.96586778],[-69.24382349,-32.9658793],[-69.24382944,-32.96587973],[-69.24428171,-32.96591577],[-69.24432059,-32.96591794],[-69.24490528,-32.96589085],[-69.24491904,-32.96588821],[-69.24501082,-32.9658649],[-69.2451089,-32.96583425],[-69.24521565,-32.96579511],[-69.2453198,-32.96575216],[-69.2454383,-32.96569891],[-69.24556144,-32.96564023],[-69.24590716,-32.96547099],[-69.24591287,-32.96546826],[-69.24601878,-32.96541883],[-69.24602508,-32.96541597],[-69.24612086,-32.96537359],[-69.24612958,-32.96536987],[-69.24624004,-32.96532456],[-69.24625122,-32.96532019],[-69.24635598,-32.96528147],[-69.24636943,-32.9652768],[-69.24646979,-32.96524419],[-69.24648505,-32.9652396],[-69.2465824,-32.96521264],[-69.24659779,-32.96520874],[-69.24669209,-32.96518699],[-69.24670291,-32.96518473],[-69.24679999,-32.96516608],[-69.24681223,-32.96516394],[-69.24691574,-32.9651476],[-69.24692657,-32.96514605],[-69.24703854,-32.9651317],[-69.24705014,-32.9651304],[-69.24725827,-32.96511024],[-69.24726599,-32.96510957],[-69.24775395,-32.96507235],[-69.24785418,-32.96506239],[-69.24775947,-32.96502594],[-69.246743,-32.96463467],[-69.2465014,-32.96471355],[-69.24628354,-32.96478468]]]]},"geometry_name":"the_geom","properties":{"fid":111,"id":114,"distrito_":"POTRERILLOS","zona_":"RESIDENCIAL MIXTA 6","codigo":"ZRM6","lote_min":"500","lado_min":"15","fos":"45","retiro_fro":"3","retiro_lat":"1,5","retiro_pos":"1,5","alt_max":"8","ordenanza":"14106-2021","sup_m2":86573.8}},{"type":"Feature","id":"Zonas.112","geometry":{"type":"MultiPolygon","coordinates":[[[[-69.1963306,-32.95424826],[-69.19628851,-32.95426613],[-69.19624388,-32.95427345],[-69.19620059,-32.95426496],[-69.1961088,-32.95420385],[-69.19604659,-32.95417411],[-69.19586047,-32.95414084],[-69.19581552,-32.95413666],[-69.19574951,-32.95415183],[-69.19563429,-32.95414135],[-69.19558825,-32.95413677],[-69.1953568,-32.95419345],[-69.19528294,-32.95421814],[-69.19523443,-32.95424508],[-69.19518712,-32.95429117],[-69.19515707,-32.95434564],[-69.19513945,-32.95446816],[-69.19512793,-32.9545268],[-69.19499806,-32.95478674],[-69.19498443,-32.95482476],[-69.19498609,-32.95487184],[-69.19502693,-32.95496941],[-69.1950495,-32.95503451],[-69.19505577,-32.95508295],[-69.19504216,-32.95511925],[-69.19501109,-32.95514603],[-69.19492158,-32.95516425],[-69.19487905,-32.95517442],[-69.19480325,-32.95527113],[-69.19475852,-32.95531766],[-69.19457573,-32.95541199],[-69.19453657,-32.95543434],[-69.19450484,-32.95546311],[-69.19448296,-32.95549785],[-69.19442849,-32.95573378],[-69.1944179,-32.95577255],[-69.19438662,-32.95581157],[-69.19433885,-32.95582408],[-69.19429745,-32.95580944],[-69.19420487,-32.95574224],[-69.19413282,-32.95569386],[-69.19405237,-32.95565122],[-69.193966,-32.95562264],[-69.19381252,-32.95563508],[-69.19371093,-32.95576406],[-69.19376145,-32.95587315],[-69.19384732,-32.95602151],[-69.19389546,-32.95611457],[-69.19403914,-32.95619199],[-69.1941006,-32.95622112],[-69.19411566,-32.95622989],[-69.19545342,-32.95652348],[-69.19873404,-32.95723316],[-69.19873757,-32.95723401],[-69.19905927,-32.95736069],[-69.20012541,-32.95778051],[-69.20104267,-32.95819278],[-69.20117364,-32.95830368],[-69.20371998,-32.95919152],[-69.20402483,-32.95929781],[-69.20406585,-32.95930552],[-69.20672986,-32.95980624],[-69.21094237,-32.96048628],[-69.211591,-32.96042761],[-69.21165946,-32.96043983],[-69.21244189,-32.9605753],[-69.21311692,-32.96068299],[-69.21340261,-32.96077566],[-69.21415921,-32.96103824],[-69.21580903,-32.96138092],[-69.21666862,-32.96159244],[-69.21670354,-32.9615943],[-69.21834992,-32.96201389],[-69.21861404,-32.96215282],[-69.21890408,-32.96230539],[-69.21986876,-32.96281282],[-69.2205158,-32.96353693],[-69.22081252,-32.96392622],[-69.22123699,-32.96448309],[-69.22188161,-32.96496969],[-69.22404921,-32.96631815],[-69.22405137,-32.96631942],[-69.22616162,-32.96749774],[-69.22643653,-32.96763158],[-69.22662797,-32.96756778],[-69.22767106,-32.96722015],[-69.22739938,-32.96714838],[-69.22683232,-32.96674384],[-69.224991,-32.96605532],[-69.22453668,-32.96545971],[-69.22413084,-32.96405869],[-69.22376789,-32.96390652],[-69.22376751,-32.96375413],[-69.22376672,-32.96344072],[-69.22390236,-32.96245063],[-69.22369354,-32.96181052],[-69.22327839,-32.96152013],[-69.22231027,-32.96105605],[-69.221757,-32.96076591],[-69.22051335,-32.96059343],[-69.22022974,-32.96044926],[-69.21992987,-32.96038276],[-69.21798792,-32.96086691],[-69.21575054,-32.96015509],[-69.21467523,-32.9601808],[-69.21300479,-32.95984966],[-69.21178726,-32.95956545],[-69.21071088,-32.95913784],[-69.20960723,-32.9591397],[-69.20833307,-32.95883169],[-69.2065502,-32.95881079],[-69.20558716,-32.95843067],[-69.20484997,-32.9578116],[-69.20380294,-32.95781331],[-69.20303899,-32.95786227],[-69.20227461,-32.95772036],[-69.20153837,-32.95750684],[-69.20032117,-32.9573418],[-69.1994427,-32.95679449],[-69.19890392,-32.95629435],[-69.19791222,-32.95572336],[-69.19793972,-32.95536546],[-69.19873119,-32.95498249],[-69.19976977,-32.95468878],[-69.19958093,-32.95446226],[-69.1995288,-32.9544735],[-69.19936264,-32.9544938],[-69.19929657,-32.95449581],[-69.19924442,-32.95449292],[-69.19920778,-32.95448544],[-69.19909545,-32.95440514],[-69.19899653,-32.95434828],[-69.19886304,-32.95428327],[-69.19879241,-32.95425502],[-69.19872263,-32.95423778],[-69.19859258,-32.9542378],[-69.19847429,-32.9542473],[-69.19841697,-32.95425786],[-69.19825548,-32.95434223],[-69.19821354,-32.95436058],[-69.19814482,-32.95437548],[-69.19804909,-32.95437484],[-69.19769889,-32.95433565],[-69.19750909,-32.95430059],[-69.1971792,-32.95421365],[-69.19712301,-32.95419776],[-69.19707609,-32.95418956],[-69.19702876,-32.95418881],[-69.19693572,-32.95420478],[-69.19685418,-32.95424179],[-69.19681289,-32.95425399],[-69.19676852,-32.95424833],[-69.19673179,-32.95422766],[-69.19671692,-32.95419543],[-69.19672865,-32.95410975],[-69.19670246,-32.95407338],[-69.19666175,-32.954063],[-69.19661784,-32.9540714],[-69.19649623,-32.95413279],[-69.19638945,-32.95421416],[-69.1963306,-32.95424826]]]]},"geometry_name":"the_geom","properties":{"fid":112,"id":115,"distrito_":"POTRERILLOS","zona_":"RESIDENCIAL MIXTA 6","codigo":"ZRM6","lote_min":"500","lado_min":"15","fos":"45","retiro_fro":"3","retiro_lat":"1,5","retiro_pos":"1,5","alt_max":"8","ordenanza":"14106-2021","sup_m2":546288}},{"type":"Feature","id":"Zonas.113","geometry":{"type":"MultiPolygon","coordinates":[[[[-69.35808503,-32.68480808],[-69.35790366,-32.68515201],[-69.35827451,-32.68485388],[-69.35808503,-32.68480808]]]]},"geometry_name":"the_geom","properties":{"fid":113,"id":116,"distrito_":"POTRERILLOS","zona_":"RURAL NO IRRIGADA","codigo":"ZRURNI","lote_min":"5000","lado_min":"30","fos":"10","retiro_fro":"10","retiro_lat":"10","retiro_pos":"10","alt_max":"8","ordenanza":"14106-2021","sup_m2":382.096}},{"type":"Feature","id":"Zonas.114","geometry":{"type":"MultiPolygon","coordinates":[[[[-69.21893646,-32.92594668],[-69.22249588,-32.92714792],[-69.22295018,-32.92725652],[-69.22307428,-32.9272934],[-69.22312795,-32.92731697],[-69.22314969,-32.92735315],[-69.22314665,-32.92736752],[-69.22314193,-32.9273898],[-69.22311036,-32.92743816],[-69.22303169,-32.92750821],[-69.22297511,-32.92754425],[-69.22291882,-32.92756304],[-69.22281223,-32.92756894],[-69.22265516,-32.92755927],[-69.22248439,-32.92752648],[-69.22166606,-32.92737068],[-69.22158938,-32.92735965],[-69.22154469,-32.9273608],[-69.22151198,-32.92736977],[-69.22142922,-32.92746558],[-69.22139385,-32.92749509],[-69.2213576,-32.92751138],[-69.22131408,-32.92751972],[-69.22122122,-32.92751076],[-69.22100665,-32.92745984],[-69.2207359,-32.92737027],[-69.2206827,-32.92735773],[-69.22059797,-32.92735928],[-69.22048839,-32.9273762],[-69.2203169,-32.92743776],[-69.21990482,-32.92761514],[-69.21963707,-32.92773816],[-69.21946116,-32.92782653],[-69.21924794,-32.92795356],[-69.21905507,-32.9280859],[-69.21890336,-32.92820297],[-69.21877818,-32.92831641],[-69.21838156,-32.92876701],[-69.21826344,-32.92891065],[-69.21821961,-32.92897749],[-69.21821909,-32.92909022],[-69.21817464,-32.92916971],[-69.21794683,-32.92940609],[-69.21787936,-32.92948209],[-69.21773106,-32.92975849],[-69.21768956,-32.92993005],[-69.21768004,-32.92996429],[-69.21764704,-32.92999959],[-69.21752776,-32.9300709],[-69.21743034,-32.93011908],[-69.21735124,-32.93014707],[-69.21728204,-32.93016032],[-69.21709148,-32.93014825],[-69.21702391,-32.93014885],[-69.21693011,-32.93016734],[-69.21683194,-32.93019743],[-69.21677342,-32.93022124],[-69.21672217,-32.9302533],[-69.2157423,-32.93129618],[-69.21560954,-32.93144461],[-69.21553975,-32.93153633],[-69.21554193,-32.93176949],[-69.21556919,-32.93178874],[-69.21558105,-32.93181342],[-69.21555723,-32.93210238],[-69.21555469,-32.93220223],[-69.21557673,-32.93236929],[-69.2156722,-32.9327867],[-69.21571978,-32.93304831],[-69.21573093,-32.93313144],[-69.21572099,-32.93316112],[-69.21569692,-32.93316578],[-69.21567247,-32.93312819],[-69.21559622,-32.93278309],[-69.2155551,-32.93264766],[-69.21551352,-32.93249758],[-69.21548302,-32.93242117],[-69.21542606,-32.93219028],[-69.21539069,-32.93198433],[-69.21538375,-32.93192303],[-69.21543972,-32.93179946],[-69.21514267,-32.93184933],[-69.21499385,-32.93193721],[-69.21460087,-32.9322173],[-69.21361667,-32.93287249],[-69.21328068,-32.93310629],[-69.21311906,-32.93323086],[-69.2130399,-32.93330547],[-69.21302288,-32.93336063],[-69.21301762,-32.93339305],[-69.21302412,-32.93343174],[-69.21303596,-32.93346773],[-69.21303553,-32.93351229],[-69.21300087,-32.9335335],[-69.21294752,-32.9335498],[-69.21288353,-32.93358501],[-69.2128537,-32.93362079],[-69.21261383,-32.93398971],[-69.21250975,-32.93413456],[-69.21237799,-32.93427634],[-69.21221611,-32.93442867],[-69.2120932,-32.93453101],[-69.21199414,-32.93457455],[-69.211835,-32.93461589],[-69.21173235,-32.93464328],[-69.21165902,-32.93466071],[-69.21153584,-32.9346906],[-69.21145372,-32.934713],[-69.21135988,-32.93474532],[-69.21126312,-32.93478011],[-69.21118982,-32.93480991],[-69.21110774,-32.93484715],[-69.21102566,-32.93488439],[-69.21090253,-32.93494149],[-69.21073245,-32.93499619],[-69.21055357,-32.93505586],[-69.21036959,-32.93511963],[-69.21023243,-32.93516709],[-69.21016806,-32.93519789],[-69.21012332,-32.93523338],[-69.21006456,-32.93526418],[-69.20990784,-32.93533292],[-69.20983509,-32.93537318],[-69.20977916,-32.93541341],[-69.20973728,-32.93547487],[-69.20968996,-32.93555453],[-69.20962933,-32.93555828],[-69.20957734,-32.93555594],[-69.20952828,-32.93556819],[-69.20942448,-32.93563895],[-69.20922551,-32.93576341],[-69.20915054,-32.93581221],[-69.20912174,-32.9358439],[-69.209113,-32.93587933],[-69.20906934,-32.93593862],[-69.20902438,-32.93596795],[-69.20898287,-32.93599502],[-69.20894892,-32.93602128],[-69.20891703,-32.93607387],[-69.20890081,-32.93613276],[-69.20890546,-32.93621288],[-69.20895308,-32.93638177],[-69.20896362,-32.93644168],[-69.20895848,-32.93646799],[-69.20892642,-32.93647754],[-69.20889081,-32.93645203],[-69.20884034,-32.93637611],[-69.20881379,-32.93635522],[-69.20862545,-32.93630117],[-69.20848796,-32.93626625],[-69.2084233,-32.93625469],[-69.20836658,-32.93625509],[-69.20832675,-32.9362689],[-69.20822965,-32.93635511],[-69.20819991,-32.93637003],[-69.20816789,-32.93637281],[-69.20796186,-32.93633447],[-69.20766374,-32.93650278],[-69.20764326,-32.93671479],[-69.20763727,-32.93677045],[-69.2076286,-32.93685331],[-69.20764057,-32.93707029],[-69.20763658,-32.93720116],[-69.20762965,-32.93728079],[-69.20754234,-32.93744133],[-69.20750652,-32.93757824],[-69.20750337,-32.9376027],[-69.20748787,-32.93766103],[-69.20746414,-32.93768941],[-69.20745632,-32.93769877],[-69.20740588,-32.93775909],[-69.20733407,-32.93791007],[-69.20730051,-32.93796949],[-69.20726186,-32.93800285],[-69.2071732,-32.93801956],[-69.20713246,-32.93803622],[-69.2070908,-32.93808245],[-69.2070046,-32.93825564],[-69.20695148,-32.93837736],[-69.20692094,-32.93845279],[-69.20691353,-32.93849693],[-69.20698379,-32.93859613],[-69.20700897,-32.93865079],[-69.20706768,-32.93889019],[-69.20708751,-32.93898306],[-69.20706535,-32.9391414],[-69.20706112,-32.93918153],[-69.20706622,-32.93922111],[-69.20708102,-32.93925882],[-69.20710744,-32.93928954],[-69.20714747,-32.93930638],[-69.20721759,-32.9393085],[-69.20744315,-32.93928173],[-69.20755961,-32.93926329],[-69.2077467,-32.93919906],[-69.20778914,-32.93919138],[-69.20782442,-32.93921187],[-69.20779924,-32.9392614],[-69.20774626,-32.93937961],[-69.20762601,-32.93954837],[-69.20758334,-32.93959496],[-69.20725631,-32.93971289],[-69.20722426,-32.93972816],[-69.20718963,-32.93976306],[-69.2071805,-32.93980155],[-69.20722288,-32.93995205],[-69.20723874,-32.93999396],[-69.20728129,-32.9400012],[-69.20732018,-32.93998235],[-69.20740704,-32.93988784],[-69.20747835,-32.93981857],[-69.20751338,-32.9397943],[-69.20755004,-32.93979102],[-69.20758545,-32.93982672],[-69.20759876,-32.93986443],[-69.20759859,-32.93990357],[-69.20735811,-32.94032276],[-69.20729218,-32.94044004],[-69.20726434,-32.94050441],[-69.20726816,-32.94054278],[-69.20736573,-32.94062449],[-69.20739562,-32.94065436],[-69.20741274,-32.94069071],[-69.2074292,-32.94082518],[-69.20743409,-32.94106049],[-69.20740284,-32.94132495],[-69.20740527,-32.94136755],[-69.20741879,-32.94140532],[-69.20744406,-32.94143853],[-69.20758374,-32.94152985],[-69.20762883,-32.94156428],[-69.20754608,-32.94161696],[-69.20750982,-32.94164057],[-69.20748657,-32.94167344],[-69.20748049,-32.94171138],[-69.2074995,-32.94176761],[-69.20756139,-32.94185399],[-69.20759883,-32.94192794],[-69.20762788,-32.94205016],[-69.20768411,-32.94248634],[-69.2076935,-32.94256584],[-69.20768404,-32.94279176],[-69.20765653,-32.94290618],[-69.20765426,-32.94296768],[-69.20772208,-32.94334585],[-69.20777548,-32.94356377],[-69.20778739,-32.94362305],[-69.20780669,-32.94365875],[-69.20783839,-32.94368687],[-69.20793797,-32.94374893],[-69.20796037,-32.94376774],[-69.20796842,-32.94379465],[-69.20795091,-32.94381757],[-69.20787427,-32.94387894],[-69.20784619,-32.94393304],[-69.20784584,-32.94397143],[-69.20787735,-32.94404725],[-69.20792528,-32.94411627],[-69.20800827,-32.9441917],[-69.20804416,-32.94423898],[-69.20805601,-32.94427561],[-69.20802414,-32.94429885],[-69.20793819,-32.94430308],[-69.20786791,-32.94430699],[-69.20780771,-32.94433754],[-69.20777512,-32.94436734],[-69.20773807,-32.94441974],[-69.20767992,-32.94458122],[-69.20764551,-32.94470042],[-69.20763365,-32.94476837],[-69.20763979,-32.94482923],[-69.20766721,-32.94488334],[-69.20771286,-32.94492861],[-69.20773717,-32.94496147],[-69.20774457,-32.94499897],[-69.20769982,-32.94512161],[-69.20765208,-32.94521206],[-69.20757513,-32.94530068],[-69.20754091,-32.94535316],[-69.20751926,-32.9454101],[-69.20751324,-32.94546917],[-69.20753987,-32.94555262],[-69.20754605,-32.94561403],[-69.20754207,-32.94564285],[-69.20751548,-32.94568465],[-69.20739928,-32.94576688],[-69.2073377,-32.94581442],[-69.2072977,-32.94586398],[-69.20725545,-32.94593725],[-69.20721284,-32.94603723],[-69.20717828,-32.94612837],[-69.20716536,-32.94619234],[-69.20720273,-32.94650205],[-69.2072031,-32.94657729],[-69.20714152,-32.94686223],[-69.20710108,-32.94703445],[-69.20706281,-32.94716678],[-69.20704136,-32.94720817],[-69.20700996,-32.94723711],[-69.20694575,-32.94726829],[-69.2067008,-32.94733606],[-69.20665598,-32.94734668],[-69.20661639,-32.9473672],[-69.20656821,-32.94741128],[-69.20649267,-32.94753723],[-69.2064713,-32.94757301],[-69.20642274,-32.94761548],[-69.20626285,-32.9477034],[-69.20622352,-32.94772486],[-69.20617916,-32.94777096],[-69.20611095,-32.94789485],[-69.2060812,-32.94792509],[-69.20604223,-32.94793014],[-69.20597753,-32.94772928],[-69.20595835,-32.94767731],[-69.2059268,-32.94763997],[-69.2058765,-32.94764128],[-69.20582769,-32.94768398],[-69.20577815,-32.9477527],[-69.20572282,-32.94786343],[-69.20569489,-32.94791857],[-69.20568991,-32.94797734],[-69.20577267,-32.94816486],[-69.20595979,-32.94842155],[-69.2060295,-32.94854996],[-69.20607435,-32.9486452],[-69.20608981,-32.94868897],[-69.20609638,-32.9487258],[-69.20608152,-32.94875279],[-69.20603485,-32.94874875],[-69.20591746,-32.94864232],[-69.20580113,-32.94855749],[-69.20572513,-32.94851046],[-69.20566553,-32.94848858],[-69.20558955,-32.94847241],[-69.20555274,-32.94846875],[-69.20549761,-32.94847589],[-69.20530722,-32.94856517],[-69.2052494,-32.94859661],[-69.20519262,-32.94864004],[-69.20508311,-32.94884693],[-69.20505538,-32.94894237],[-69.20499246,-32.94905046],[-69.20495806,-32.94912503],[-69.20495018,-32.949188],[-69.20495825,-32.9492834],[-69.20496909,-32.94934273],[-69.20511791,-32.94956319],[-69.20515,-32.94961298],[-69.20516672,-32.9496497],[-69.20516741,-32.94969634],[-69.2051429,-32.9497527],[-69.20499987,-32.94993279],[-69.20477248,-32.95033867],[-69.20463341,-32.95056239],[-69.2043239,-32.95099938],[-69.20427584,-32.95106936],[-69.20421606,-32.95124566],[-69.20419576,-32.95130277],[-69.20416423,-32.95136007],[-69.20377654,-32.95181012],[-69.2035905,-32.9520569],[-69.20352336,-32.95213603],[-69.20322196,-32.95243043],[-69.20296894,-32.95265429],[-69.20279385,-32.95279426],[-69.2026146,-32.95292762],[-69.2024067,-32.95307217],[-69.20220538,-32.9531925],[-69.20188054,-32.95334725],[-69.20180715,-32.9533843],[-69.2015481,-32.95359945],[-69.20139176,-32.95372319],[-69.20124437,-32.95382509],[-69.20093751,-32.95401079],[-69.20082502,-32.95407807],[-69.20075497,-32.95411422],[-69.20030612,-32.95425755],[-69.19982065,-32.95440217],[-69.19964833,-32.95444774],[-69.19958093,-32.95446226],[-69.19976977,-32.95468878],[-69.19873119,-32.95498249],[-69.19796443,-32.9553535],[-69.19793972,-32.95536546],[-69.19791222,-32.95572336],[-69.19890392,-32.95629435],[-69.1994427,-32.95679449],[-69.20032117,-32.9573418],[-69.20153837,-32.95750684],[-69.20227461,-32.95772036],[-69.20303899,-32.95786227],[-69.20380294,-32.95781331],[-69.20484997,-32.9578116],[-69.20558716,-32.95843067],[-69.2065502,-32.95881079],[-69.20833307,-32.95883169],[-69.20960723,-32.9591397],[-69.21071088,-32.95913784],[-69.21178726,-32.95956545],[-69.21300479,-32.95984966],[-69.21467523,-32.9601808],[-69.21575054,-32.96015509],[-69.21798792,-32.96086691],[-69.21996076,-32.96039009],[-69.22014476,-32.96041362],[-69.22051335,-32.96059343],[-69.221757,-32.96076591],[-69.22231027,-32.96105605],[-69.22327839,-32.96152013],[-69.22369354,-32.96181052],[-69.22390236,-32.96245063],[-69.22376672,-32.96344072],[-69.22376751,-32.96375413],[-69.22376789,-32.96390652],[-69.22413084,-32.96405869],[-69.22453668,-32.96545971],[-69.224991,-32.96605532],[-69.22683232,-32.96674384],[-69.22739938,-32.96714838],[-69.22767106,-32.96722015],[-69.22788604,-32.96714851],[-69.22800972,-32.96711627],[-69.22815484,-32.96708058],[-69.22830052,-32.96704691],[-69.22844442,-32.96701573],[-69.22844926,-32.96701471],[-69.22859303,-32.96698567],[-69.22880707,-32.9669449],[-69.22900289,-32.96690964],[-69.22918773,-32.96687858],[-69.22936413,-32.96685134],[-69.22953515,-32.96682749],[-69.22969741,-32.96680747],[-69.22970387,-32.96680673],[-69.229858,-32.96679044],[-69.22986494,-32.96678977],[-69.23001449,-32.96677674],[-69.23002112,-32.96677622],[-69.23016931,-32.96676624],[-69.23017729,-32.96676579],[-69.23021608,-32.966764],[-69.23118424,-32.96679136],[-69.23185554,-32.96681032],[-69.23220746,-32.96704103],[-69.23221238,-32.96704342],[-69.23222906,-32.9670521],[-69.23232196,-32.96710459],[-69.23233691,-32.96711357],[-69.2324279,-32.96717162],[-69.23243947,-32.96717936],[-69.23253765,-32.96724821],[-69.23254574,-32.96725408],[-69.23263797,-32.96732325],[-69.23264602,-32.96732929],[-69.23264963,-32.96733205],[-69.23277448,-32.96742868],[-69.23297553,-32.96744824],[-69.23356898,-32.96711314],[-69.23421959,-32.96699263],[-69.23456028,-32.96739756],[-69.23574982,-32.96772932],[-69.23625804,-32.96727508],[-69.2370775,-32.96679639],[-69.23837864,-32.96653148],[-69.23982154,-32.96636172],[-69.24123581,-32.96607272],[-69.2421683,-32.96554606],[-69.24236428,-32.9649434],[-69.2444403,-32.96495778],[-69.24523169,-32.96496325],[-69.24550577,-32.96496514],[-69.24628354,-32.96478468],[-69.2465014,-32.96471355],[-69.246743,-32.96463467],[-69.24775947,-32.96502594],[-69.24785418,-32.96506239],[-69.24787121,-32.9650607],[-69.24797433,-32.965048],[-69.24807402,-32.96503277],[-69.24816434,-32.96501573],[-69.24824728,-32.96499668],[-69.24832791,-32.96497445],[-69.24850801,-32.96492008],[-69.24862519,-32.96488296],[-69.24872759,-32.96484798],[-69.24881536,-32.96481507],[-69.24889577,-32.96478149],[-69.24896562,-32.9647486],[-69.24902624,-32.96471612],[-69.24907942,-32.96468343],[-69.24909562,-32.96467208],[-69.24911271,-32.9646587],[-69.24913008,-32.96464354],[-69.24914541,-32.96462873],[-69.24918462,-32.96458493],[-69.24922349,-32.96453298],[-69.24926187,-32.96447298],[-69.24930399,-32.96439776],[-69.24934722,-32.96431234],[-69.24947042,-32.96405654],[-69.24947454,-32.96404836],[-69.24951492,-32.96397184],[-69.24951992,-32.96396281],[-69.24955849,-32.96389642],[-69.24956515,-32.96388558],[-69.24961428,-32.96381106],[-69.24962588,-32.96379482],[-69.24967519,-32.96373102],[-69.24969046,-32.96371292],[-69.24974208,-32.96365685],[-69.24976171,-32.96363748],[-69.24981602,-32.96358875],[-69.24983405,-32.96357381],[-69.24987885,-32.96354004],[-69.24989632,-32.96352779],[-69.24994271,-32.96349755],[-69.24996021,-32.96348692],[-69.25001166,-32.96345782],[-69.25002748,-32.96344951],[-69.25008148,-32.96342296],[-69.25009795,-32.9634154],[-69.2501559,-32.96339061],[-69.25017144,-32.9633844],[-69.25023369,-32.96336122],[-69.25024809,-32.96335621],[-69.25031487,-32.96333455],[-69.25032806,-32.96333055],[-69.25039986,-32.96331025],[-69.250415,-32.96330632],[-69.25054202,-32.9632762],[-69.25054939,-32.96327454],[-69.2505573,-32.96327292],[-69.25070422,-32.96324457],[-69.25071449,-32.96324274],[-69.25086071,-32.96321875],[-69.25120431,-32.96316676],[-69.25136452,-32.96313886],[-69.25143572,-32.96312436],[-69.25150025,-32.9631095],[-69.25155806,-32.96309437],[-69.25160972,-32.96307899],[-69.25165758,-32.9630627],[-69.25169995,-32.96304617],[-69.25173738,-32.96302942],[-69.25177025,-32.96301252],[-69.25179908,-32.96299549],[-69.25182427,-32.96297832],[-69.25184634,-32.96296093],[-69.25186353,-32.96294522],[-69.25188658,-32.96291955],[-69.25190897,-32.96288806],[-69.25193263,-32.96284643],[-69.25195758,-32.96279202],[-69.2519777,-32.96273944],[-69.25199927,-32.96267427],[-69.25207125,-32.96242313],[-69.25210025,-32.96232963],[-69.25210386,-32.96231892],[-69.25213486,-32.96223355],[-69.25213794,-32.96222553],[-69.25214093,-32.96221845],[-69.2521734,-32.96214485],[-69.25218286,-32.96212569],[-69.25222063,-32.96205678],[-69.25223009,-32.96204092],[-69.25225113,-32.9620087],[-69.25225959,-32.96199651],[-69.25228093,-32.96196753],[-69.25229086,-32.96195485],[-69.25231334,-32.96192783],[-69.25232359,-32.96191619],[-69.2523485,-32.96188976],[-69.25236161,-32.96187673],[-69.25238648,-32.96185352],[-69.25240118,-32.96184068],[-69.25242733,-32.9618193],[-69.25243283,-32.96181491],[-69.25244595,-32.96180522],[-69.25248446,-32.96177832],[-69.25250548,-32.96176482],[-69.25254863,-32.96173942],[-69.25255622,-32.96173508],[-69.25256841,-32.96172865],[-69.25261659,-32.96170451],[-69.25263449,-32.96169618],[-69.25268844,-32.96167293],[-69.25270337,-32.9616669],[-69.25275991,-32.96164556],[-69.25277101,-32.96164161],[-69.25283484,-32.96162006],[-69.25284634,-32.96161639],[-69.25309738,-32.96154093],[-69.25319135,-32.96150961],[-69.25323213,-32.96149391],[-69.25326679,-32.96147876],[-69.25329508,-32.96146458],[-69.25331672,-32.96145205],[-69.2533647,-32.96141912],[-69.2534123,-32.96138019],[-69.2534617,-32.9613329],[-69.25351416,-32.9612751],[-69.25356239,-32.96121551],[-69.25361637,-32.96114251],[-69.25367087,-32.9610638],[-69.25382131,-32.96083967],[-69.25382689,-32.96083169],[-69.25391701,-32.96070755],[-69.25392514,-32.96069691],[-69.25397659,-32.96063296],[-69.25398478,-32.96062324],[-69.25403726,-32.96056388],[-69.25404547,-32.96055512],[-69.25409628,-32.96050331],[-69.25410829,-32.96049174],[-69.25415979,-32.96044492],[-69.25417103,-32.9604352],[-69.2542308,-32.96038605],[-69.25423835,-32.96038004],[-69.25430288,-32.96033088],[-69.25431176,-32.96032436],[-69.25437839,-32.96027724],[-69.25438712,-32.96027128],[-69.25441941,-32.96025002],[-69.25445742,-32.96022499],[-69.25446591,-32.9602196],[-69.25454001,-32.96017406],[-69.25454817,-32.96016921],[-69.25462645,-32.96012418],[-69.25463269,-32.96012068],[-69.25471705,-32.96007511],[-69.25472434,-32.96007129],[-69.25481228,-32.96002654],[-69.254821,-32.96002226],[-69.25497696,-32.95994845],[-69.25498617,-32.95994426],[-69.25516423,-32.95986631],[-69.25517069,-32.95986356],[-69.25528413,-32.95981661],[-69.25534781,-32.95979026],[-69.25578886,-32.95961244],[-69.2560154,-32.95951602],[-69.25612647,-32.95946543],[-69.25622812,-32.95941631],[-69.25629746,-32.95938057],[-69.25646865,-32.95930691],[-69.25705647,-32.95889817],[-69.25770411,-32.95840973],[-69.25794386,-32.9582517],[-69.25799599,-32.95822397],[-69.25800474,-32.95821948],[-69.25807662,-32.95818389],[-69.25808604,-32.95817941],[-69.25815748,-32.95814673],[-69.25816753,-32.95814232],[-69.25823873,-32.95811244],[-69.25824939,-32.95810817],[-69.25832186,-32.95808052],[-69.25833179,-32.95807694],[-69.25846417,-32.95803148],[-69.25847522,-32.95802788],[-69.25861417,-32.95798514],[-69.25862462,-32.9579821],[-69.25877023,-32.95794203],[-69.25878006,-32.95793947],[-69.25893249,-32.95790205],[-69.25894172,-32.95789991],[-69.25910147,-32.95786502],[-69.25910962,-32.95786334],[-69.25927619,-32.95783107],[-69.25928422,-32.95782961],[-69.25945848,-32.95779978],[-69.25946591,-32.95779859],[-69.25964856,-32.95777109],[-69.25965761,-32.95776984],[-69.25980489,-32.9577513],[-69.2598154,-32.95775013],[-69.25996953,-32.95773511],[-69.25997914,-32.95773429],[-69.26007385,-32.9577275],[-69.26014128,-32.95772267],[-69.26014999,-32.95772214],[-69.260322,-32.95771377],[-69.26032953,-32.95771348],[-69.26050695,-32.95770837],[-69.26051325,-32.95770824],[-69.26071041,-32.95770584],[-69.26092949,-32.95770599],[-69.26123383,-32.95770876],[-69.26148958,-32.95771356],[-69.26149583,-32.95771373],[-69.26174942,-32.95772267],[-69.26175567,-32.95772294],[-69.26200896,-32.95773604],[-69.26201511,-32.95773641],[-69.26226819,-32.95775367],[-69.26227441,-32.95775415],[-69.2625271,-32.95777557],[-69.2625333,-32.95777614],[-69.26278568,-32.95780172],[-69.26278694,-32.95780186],[-69.26279185,-32.9578024],[-69.26304394,-32.95783214],[-69.26305007,-32.95783291],[-69.2633049,-32.95786725],[-69.26356244,-32.95790623],[-69.26381964,-32.95794946],[-69.26407647,-32.95799694],[-69.26433,-32.95804805],[-69.2643346,-32.95804901],[-69.26458903,-32.95810464],[-69.26484475,-32.95816486],[-69.26510008,-32.95822931],[-69.26523805,-32.95826646],[-69.26524482,-32.95826421],[-69.26534383,-32.95823456],[-69.26536681,-32.95822849],[-69.26546715,-32.95820544],[-69.26548975,-32.95820113],[-69.26558656,-32.95818576],[-69.26561337,-32.95818248],[-69.26571173,-32.95817404],[-69.26573725,-32.95817288],[-69.26583187,-32.95817178],[-69.26586079,-32.95817254],[-69.26595491,-32.95817862],[-69.26598331,-32.95818158],[-69.26607573,-32.95819475],[-69.26610022,-32.95819908],[-69.26611047,-32.95820139],[-69.26615522,-32.95821218],[-69.26618846,-32.95822189],[-69.2662379,-32.95823893],[-69.26624459,-32.95824131],[-69.26625887,-32.95824692],[-69.2663055,-32.95826639],[-69.26631467,-32.95827037],[-69.26641436,-32.95831543],[-69.26644512,-32.95832768],[-69.26645724,-32.95833146],[-69.26646894,-32.95832907],[-69.26649328,-32.95832131],[-69.26652588,-32.95830775],[-69.266572,-32.95828496],[-69.26662689,-32.9582547],[-69.26680032,-32.95815439],[-69.26680568,-32.95815136],[-69.26681128,-32.95814832],[-69.26686502,-32.95811989],[-69.26687788,-32.95811343],[-69.26692613,-32.95809047],[-69.26694529,-32.95808206],[-69.26700071,-32.95805969],[-69.26700963,-32.95805624],[-69.26702833,-32.95804986],[-69.26708013,-32.95803377],[-69.26711324,-32.95802517],[-69.26716416,-32.95801467],[-69.267176,-32.95801293],[-69.26720603,-32.9580085],[-69.26725315,-32.95800424],[-69.26726008,-32.95800367],[-69.2672975,-32.95800283],[-69.26733298,-32.95800377],[-69.26735059,-32.95800424],[-69.26736616,-32.95800497],[-69.26739034,-32.95800739],[-69.26744535,-32.95801468],[-69.26746721,-32.95801843],[-69.26747346,-32.95801951],[-69.26748015,-32.95802099],[-69.26753755,-32.95803422],[-69.26756661,-32.9580422],[-69.26762722,-32.95806156],[-69.26764164,-32.95806651],[-69.26765014,-32.95806976],[-69.26771295,-32.95809468],[-69.26773028,-32.95810211],[-69.26779959,-32.95813407],[-69.26781146,-32.95813983],[-69.2678842,-32.95817686],[-69.26788957,-32.95817965],[-69.26790353,-32.95818707],[-69.26809128,-32.95828695],[-69.26814442,-32.95831283],[-69.26818758,-32.95833178],[-69.26822931,-32.95834739],[-69.26823762,-32.95834525],[-69.26825805,-32.95834118],[-69.26827876,-32.95833826],[-69.26829965,-32.95833648],[-69.26832297,-32.95833585],[-69.26839884,-32.95833616],[-69.26841672,-32.95833665],[-69.26849026,-32.9583404],[-69.26849104,-32.95834044],[-69.26849411,-32.95834068],[-69.26869774,-32.95828826],[-69.26870943,-32.95828546],[-69.2687186,-32.95828341],[-69.26881024,-32.95827218],[-69.26921983,-32.95825246],[-69.26951125,-32.95829993],[-69.26967503,-32.95833724],[-69.26972742,-32.95834744],[-69.26977263,-32.95835468],[-69.26993417,-32.95837467],[-69.26997251,-32.95837816],[-69.26991209,-32.9581191],[-69.26976436,-32.95740752],[-69.26971574,-32.9572279],[-69.26986601,-32.95687242],[-69.2702334,-32.95601491],[-69.27049862,-32.95505992],[-69.27036939,-32.95422266],[-69.27039288,-32.95409904],[-69.27086712,-32.95378447],[-69.2708728,-32.95375932],[-69.2709107,-32.95359162],[-69.27099204,-32.95323163],[-69.27104592,-32.95320283],[-69.27111107,-32.95318742],[-69.271207,-32.95311673],[-69.27133058,-32.95305067],[-69.27133407,-32.9530488],[-69.27147136,-32.95301633],[-69.27173596,-32.95295374],[-69.27215258,-32.95280841],[-69.27264221,-32.95260848],[-69.27298438,-32.95250118],[-69.27333888,-32.952075],[-69.27392811,-32.95136662],[-69.27397136,-32.95090911],[-69.27536149,-32.95008254],[-69.27680383,-32.94929446],[-69.27728995,-32.94962868],[-69.27760247,-32.94986409],[-69.27762076,-32.94985611],[-69.27763226,-32.94986402],[-69.2777433,-32.94980267],[-69.27812294,-32.94959293],[-69.27925867,-32.95000587],[-69.2834952,-32.95225826],[-69.28475914,-32.95307983],[-69.28528034,-32.95317623],[-69.28547553,-32.9532766],[-69.28572364,-32.95325823],[-69.28577843,-32.95326836],[-69.28699495,-32.953194],[-69.28737249,-32.95313611],[-69.28771407,-32.9531108],[-69.29009448,-32.95262332],[-69.2912848,-32.95241972],[-69.29385772,-32.95253419],[-69.29390437,-32.95255154],[-69.29445924,-32.95294407],[-69.29518311,-32.95302709],[-69.29557487,-32.95317278],[-69.29638515,-32.95329136],[-69.29641872,-32.95334111],[-69.29646458,-32.95396308],[-69.29648382,-32.95478347],[-69.29753317,-32.95432158],[-69.29863592,-32.95381104],[-69.29881559,-32.95372786],[-69.29892807,-32.95389519],[-69.30005373,-32.95440944],[-69.30070391,-32.95421703],[-69.30109311,-32.95416393],[-69.30141809,-32.95411988],[-69.30175037,-32.95405943],[-69.30204007,-32.95395734],[-69.30219555,-32.95388543],[-69.30050415,-32.95258661],[-69.30312976,-32.92927872],[-69.31091139,-32.86013013],[-69.30920521,-32.83456997],[-69.30883466,-32.81584413],[-69.30881696,-32.81072674],[-69.3069177,-32.81023946],[-69.30344895,-32.80905094],[-69.3032731,-32.8093501],[-69.30292158,-32.80927391],[-69.30263399,-32.80919167],[-69.3027669,-32.80897124],[-69.29912989,-32.80854615],[-69.29661389,-32.81434851],[-69.29661949,-32.81603286],[-69.2993458,-32.82081163],[-69.29937844,-32.82086884],[-69.2993828,-32.82098607],[-69.29946979,-32.82332498],[-69.2983514,-32.8249234],[-69.29806939,-32.8250226],[-69.29778358,-32.82510678],[-69.29762826,-32.82513399],[-69.29746585,-32.82515227],[-69.297261,-32.82515574],[-69.29679474,-32.82514492],[-69.29647687,-32.82514865],[-69.29629331,-32.82517891],[-69.29613097,-32.82522104],[-69.2959687,-32.82528107],[-69.29527058,-32.82564953],[-69.29514017,-32.82573334],[-69.29499935,-32.82587383],[-69.29490091,-32.82601124],[-69.29480956,-32.82615759],[-69.29474652,-32.82632175],[-69.29465571,-32.82662913],[-69.29446362,-32.82730069],[-69.29208851,-32.82832532],[-69.28843832,-32.8305796],[-69.28380203,-32.83648546],[-69.27882643,-32.84042681],[-69.27367916,-32.84275417],[-69.27002494,-32.84402537],[-69.26703763,-32.84592668],[-69.26504998,-32.84852763],[-69.26470609,-32.84959025],[-69.26439087,-32.85056429],[-69.26446965,-32.85131093],[-69.26516088,-32.85786153],[-69.26619498,-32.86208387],[-69.26566064,-32.86103065],[-69.26555474,-32.86121382],[-69.26536153,-32.86158343],[-69.26538823,-32.8618731],[-69.26545171,-32.86242004],[-69.26540028,-32.86271993],[-69.26548654,-32.86315343],[-69.26550133,-32.86322775],[-69.26559824,-32.86377446],[-69.26557744,-32.86409336],[-69.26566507,-32.86466639],[-69.26562056,-32.86493007],[-69.26547824,-32.86530434],[-69.26512519,-32.86569853],[-69.26507169,-32.86571151],[-69.2650339,-32.86576811],[-69.2646712,-32.86612505],[-69.26469914,-32.86660562],[-69.26512901,-32.86698214],[-69.26562411,-32.86744045],[-69.26550855,-32.86783869],[-69.26525317,-32.86827804],[-69.26521086,-32.86836021],[-69.26513318,-32.86838299],[-69.26497369,-32.86894529],[-69.26494167,-32.86911549],[-69.26490031,-32.8697024],[-69.26490471,-32.86995237],[-69.26486225,-32.87049661],[-69.26489815,-32.87078918],[-69.26490514,-32.87137583],[-69.26496864,-32.87162583],[-69.26499525,-32.87230465],[-69.26499027,-32.87246258],[-69.26492928,-32.87306954],[-69.26483338,-32.8732997],[-69.26475599,-32.87372172],[-69.26453374,-32.87413713],[-69.26452188,-32.87431003],[-69.26435822,-32.87434447],[-69.26409224,-32.87469301],[-69.26356715,-32.87490015],[-69.26352731,-32.87493389],[-69.26338406,-32.87497636],[-69.26303591,-32.875252],[-69.26277563,-32.87530417],[-69.26251713,-32.87554135],[-69.26198412,-32.87571074],[-69.26189917,-32.87572656],[-69.2617636,-32.87581655],[-69.26155187,-32.87619601],[-69.26126074,-32.8766544],[-69.26123602,-32.87669849],[-69.26119433,-32.87671022],[-69.2606977,-32.87696733],[-69.26040259,-32.87704829],[-69.26006151,-32.87713339],[-69.2596103,-32.87719778],[-69.25940051,-32.87727339],[-69.25881813,-32.87739237],[-69.25876073,-32.87743567],[-69.25865329,-32.87749662],[-69.25839771,-32.87788863],[-69.25802791,-32.87825848],[-69.25800027,-32.87830544],[-69.25795108,-32.87833486],[-69.25764169,-32.87876308],[-69.25723745,-32.87905023],[-69.25717551,-32.87910769],[-69.25709348,-32.87917342],[-69.2567419,-32.87948653],[-69.25644638,-32.87963107],[-69.25626717,-32.87982217],[-69.25613005,-32.88001219],[-69.25596342,-32.8803374],[-69.25565623,-32.88053949],[-69.25557203,-32.88076058],[-69.25546206,-32.88085036],[-69.25537005,-32.8813827],[-69.25503646,-32.88168802],[-69.25509786,-32.88193109],[-69.25522052,-32.88252444],[-69.25509373,-32.88276103],[-69.25502485,-32.88336163],[-69.25498634,-32.88348251],[-69.25487291,-32.88383604],[-69.2547736,-32.88409334],[-69.25473333,-32.88419902],[-69.25456346,-32.88470691],[-69.25440186,-32.88503649],[-69.2543044,-32.8852691],[-69.25432183,-32.88587345],[-69.25434812,-32.8861493],[-69.25450503,-32.88670987],[-69.25450484,-32.88714818],[-69.25435309,-32.88754698],[-69.25435121,-32.8878211],[-69.25455734,-32.88838335],[-69.25484082,-32.88916959],[-69.25486819,-32.88921952],[-69.25488848,-32.88927381],[-69.25536077,-32.8900553],[-69.25568496,-32.89054369],[-69.25621054,-32.89089036],[-69.25647903,-32.89096477],[-69.25659534,-32.89101219],[-69.25727286,-32.89130507],[-69.25794785,-32.89172358],[-69.2580671,-32.89178106],[-69.2582312,-32.89189584],[-69.2588613,-32.89224281],[-69.25926184,-32.89255766],[-69.25965739,-32.89334659],[-69.25968418,-32.89339358],[-69.25968133,-32.89341863],[-69.25965771,-32.89345576],[-69.25943903,-32.89399842],[-69.25926844,-32.89423123],[-69.2591328,-32.89451108],[-69.25886898,-32.89488368],[-69.25881179,-32.89500823],[-69.25878738,-32.89506902],[-69.25873613,-32.89576302],[-69.25874368,-32.89590591],[-69.25887353,-32.89644717],[-69.25896415,-32.89674224],[-69.25904169,-32.8969181],[-69.25937501,-32.89757818],[-69.25952837,-32.89826336],[-69.25951002,-32.8984147],[-69.25928853,-32.89884575],[-69.25911114,-32.89925232],[-69.25905262,-32.89943227],[-69.25897401,-32.90008939],[-69.25897249,-32.90018237],[-69.25891357,-32.90092631],[-69.25892268,-32.90096429],[-69.25908133,-32.90176276],[-69.25930492,-32.90219987],[-69.25952894,-32.90259862],[-69.2596465,-32.90339275],[-69.25965921,-32.90343514],[-69.2596872,-32.9035644],[-69.2598189,-32.9042716],[-69.25990944,-32.90450304],[-69.26024324,-32.90510751],[-69.26048554,-32.90539975],[-69.26090348,-32.90594293],[-69.26115286,-32.90664274],[-69.26121026,-32.90677908],[-69.26128299,-32.90692137],[-69.26171766,-32.90761481],[-69.26207329,-32.90844327],[-69.2620774,-32.90845085],[-69.26208059,-32.9084817],[-69.26221721,-32.90928734],[-69.26222237,-32.90943399],[-69.26216329,-32.91012425],[-69.26216739,-32.91021046],[-69.26228492,-32.91096079],[-69.26231681,-32.91120151],[-69.26244581,-32.91179724],[-69.26239121,-32.91211382],[-69.26209248,-32.9125188],[-69.26204784,-32.91258755],[-69.2618883,-32.9126352],[-69.26143554,-32.91277895],[-69.26130021,-32.91278258],[-69.26060217,-32.91273827],[-69.26050702,-32.91273275],[-69.25978349,-32.912713],[-69.25971392,-32.91271472],[-69.25912066,-32.91285135],[-69.25892136,-32.91288362],[-69.25846436,-32.91299656],[-69.25812898,-32.91311502],[-69.25783165,-32.91316653],[-69.25755311,-32.913481],[-69.25745148,-32.91360164],[-69.25733795,-32.91381366],[-69.25722528,-32.9141984],[-69.25722246,-32.91431847],[-69.257051,-32.91484967],[-69.25693071,-32.91515586],[-69.25686716,-32.91549092],[-69.2565505,-32.91575599],[-69.25645383,-32.91589122],[-69.25635939,-32.91599382],[-69.25610844,-32.91636285],[-69.25575984,-32.91659579],[-69.25562795,-32.91669266],[-69.25547674,-32.91683242],[-69.25524471,-32.91712456],[-69.25496871,-32.91727747],[-69.25476329,-32.91745339],[-69.25451492,-32.91767117],[-69.25438462,-32.9178901],[-69.25417758,-32.91796152],[-69.25351886,-32.91781542],[-69.25338404,-32.91780352],[-69.25319186,-32.91767386],[-69.25258932,-32.91723182],[-69.25184644,-32.91689377],[-69.25179521,-32.9168722],[-69.25170625,-32.91684007],[-69.2510014,-32.91661382],[-69.25077242,-32.91654721],[-69.25070236,-32.91652683],[-69.25020816,-32.91655768],[-69.25006913,-32.91669625],[-69.24993426,-32.91684362],[-69.24967113,-32.91711268],[-69.24941691,-32.91721076],[-69.24913273,-32.91738167],[-69.24862473,-32.91753731],[-69.24849368,-32.91754499],[-69.24783193,-32.91764289],[-69.24779518,-32.91764589],[-69.24731214,-32.91768563],[-69.24705965,-32.91770789],[-69.24703902,-32.91770828],[-69.246299,-32.91774352],[-69.24624604,-32.91774598],[-69.24604488,-32.91768813],[-69.24545213,-32.91744998],[-69.24497911,-32.91685343],[-69.24465517,-32.91604383],[-69.24464416,-32.9160173],[-69.24460715,-32.91596693],[-69.24403314,-32.9151817],[-69.24385925,-32.91500764],[-69.24324279,-32.91453416],[-69.2430645,-32.91439126],[-69.24298851,-32.91434695],[-69.2422703,-32.91397556],[-69.24174413,-32.9137947],[-69.24147647,-32.9136923],[-69.24108242,-32.91351385],[-69.24068226,-32.91326517],[-69.23998878,-32.91267916],[-69.23988728,-32.91255188],[-69.23978831,-32.91257505],[-69.23909366,-32.91233817],[-69.2388569,-32.91243124],[-69.23830124,-32.91257003],[-69.23819535,-32.91257086],[-69.23750832,-32.91261828],[-69.23739493,-32.91256461],[-69.23671506,-32.91253978],[-69.23597241,-32.91185001],[-69.23592004,-32.91179309],[-69.2358238,-32.91174887],[-69.23512596,-32.91139982],[-69.23448431,-32.91101602],[-69.2343316,-32.91089779],[-69.23364149,-32.91018081],[-69.23353639,-32.91006791],[-69.23324372,-32.90987327],[-69.2327422,-32.90962196],[-69.23257457,-32.909346],[-69.23248813,-32.90907957],[-69.23223463,-32.90850984],[-69.231954,-32.90768399],[-69.23194956,-32.90767358],[-69.23194393,-32.90761067],[-69.2317625,-32.90683714],[-69.23161807,-32.90649661],[-69.23194111,-32.90652911],[-69.23203416,-32.90609921],[-69.23212167,-32.90599968],[-69.23202073,-32.90525061],[-69.23203023,-32.90516306],[-69.231937,-32.90495013],[-69.23180854,-32.9050277],[-69.23177394,-32.90516353],[-69.23162285,-32.90566713],[-69.23114597,-32.90570083],[-69.23107384,-32.90592489],[-69.23103539,-32.90600169],[-69.23092835,-32.90660656],[-69.23078987,-32.90683894],[-69.23067963,-32.90717978],[-69.23035753,-32.90745597],[-69.23029638,-32.90761169],[-69.23021759,-32.90767678],[-69.22997718,-32.90811088],[-69.22956672,-32.90830793],[-69.2294423,-32.9083835],[-69.22925076,-32.90851535],[-69.22904968,-32.90880558],[-69.2287761,-32.90923738],[-69.22874128,-32.90931612],[-69.22872387,-32.90935311],[-69.22874805,-32.91015776],[-69.2287393,-32.91018987],[-69.22877918,-32.91043282],[-69.22886376,-32.91102644],[-69.22894328,-32.91119738],[-69.2293535,-32.91186233],[-69.22957681,-32.912216],[-69.22987326,-32.91269817],[-69.23037269,-32.913311],[-69.23056277,-32.91353369],[-69.23116756,-32.91401126],[-69.23154761,-32.91436866],[-69.23196367,-32.91517888],[-69.2319746,-32.91520466],[-69.23197355,-32.91521499],[-69.23196385,-32.91524787],[-69.23181689,-32.91588494],[-69.23182393,-32.91604173],[-69.23178044,-32.91668114],[-69.23178393,-32.9168786],[-69.23178302,-32.91751835],[-69.23177594,-32.9177154],[-69.23178125,-32.91835099],[-69.23177107,-32.9185522],[-69.23178995,-32.91919462],[-69.23175506,-32.91938902],[-69.2316328,-32.91986406],[-69.23135667,-32.92022655],[-69.23127685,-32.92032469],[-69.23118415,-32.92039166],[-69.23073526,-32.92059034],[-69.23039207,-32.92079301],[-69.2301348,-32.92079416],[-69.22959915,-32.92086893],[-69.22928789,-32.92073912],[-69.22880526,-32.9205696],[-69.22825027,-32.92023226],[-69.22801098,-32.92011825],[-69.22788351,-32.9200985],[-69.22721741,-32.91994018],[-69.22675641,-32.91974911],[-69.22642365,-32.91968709],[-69.2259075,-32.91939973],[-69.22562946,-32.91926134],[-69.22541571,-32.91917532],[-69.224836,-32.91911974],[-69.22452158,-32.91907062],[-69.22404322,-32.9192487],[-69.2239721,-32.91932796],[-69.22385105,-32.91940343],[-69.22353019,-32.91969831],[-69.22325159,-32.9198358],[-69.22308422,-32.9200644],[-69.22299159,-32.92024176],[-69.22283245,-32.9206345],[-69.22276412,-32.92107895],[-69.22267905,-32.92130794],[-69.2224631,-32.92168363],[-69.22240741,-32.92185717],[-69.22235517,-32.92191647],[-69.22214302,-32.92241402],[-69.22179739,-32.92275425],[-69.22174045,-32.92282571],[-69.22167305,-32.92291902],[-69.22146515,-32.9233711],[-69.22142607,-32.9235917],[-69.22124363,-32.923973],[-69.22098577,-32.92442927],[-69.22094693,-32.92449591],[-69.22088394,-32.92454176],[-69.22051168,-32.92487329],[-69.22009219,-32.92510714],[-69.22000317,-32.92517371],[-69.21986298,-32.92526804],[-69.21952356,-32.92550448],[-69.21930039,-32.92565741],[-69.21906605,-32.92585848],[-69.21893646,-32.92594668]]]]},"geometry_name":"the_geom","properties":{"fid":114,"id":117,"distrito_":"POTRERILLOS","zona_":"RURAL NO IRRIGADA","codigo":"ZRURNI","lote_min":"5000","lado_min":"30","fos":"10","retiro_fro":"10","retiro_lat":"10","retiro_pos":"10","alt_max":"8","ordenanza":"14106-2021","sup_m2":8.2286E7}},{"type":"Feature","id":"Zonas.117","geometry":{"type":"MultiPolygon","coordinates":[[[[-69.25813669,-32.95879598],[-69.25806739,-32.95884009],[-69.25794536,-32.95892278],[-69.25781012,-32.95902049],[-69.25773384,-32.95907807],[-69.25750727,-32.95923271],[-69.25697425,-32.95964115],[-69.25696057,-32.95965028],[-69.25695374,-32.95965471],[-69.25686609,-32.95971003],[-69.25685836,-32.95971476],[-69.25677284,-32.95976546],[-69.25676448,-32.95977025],[-69.25605797,-32.96004855],[-69.25564119,-32.96027166],[-69.25562766,-32.96027711],[-69.25545676,-32.96034785],[-69.25528655,-32.96042236],[-69.25513956,-32.96049193],[-69.25505961,-32.9605326],[-69.25498432,-32.96057327],[-69.254914,-32.96061372],[-69.25484823,-32.96065414],[-69.25478654,-32.96069475],[-69.25472873,-32.96073564],[-69.25467452,-32.96077693],[-69.25466204,-32.96078719],[-69.25456039,-32.96083889],[-69.25452015,-32.96092298],[-69.25450373,-32.96094157],[-69.25446046,-32.96099535],[-69.25437713,-32.96111014],[-69.25422726,-32.96133339],[-69.25416825,-32.96141864],[-69.25416343,-32.96142537],[-69.25410348,-32.96150645],[-69.25409624,-32.9615158],[-69.25403935,-32.9615861],[-69.25402912,-32.96159803],[-69.25396407,-32.96166968],[-69.25395065,-32.96168342],[-69.25394743,-32.96168651],[-69.25362882,-32.96191336],[-69.25349064,-32.96198913],[-69.25344854,-32.96200534],[-69.25343504,-32.96201014],[-69.25332825,-32.96204574],[-69.25331805,-32.96204896],[-69.25306768,-32.96212423],[-69.25301554,-32.96214183],[-69.25297319,-32.96215781],[-69.25293571,-32.96217397],[-69.25290645,-32.96218863],[-69.2528838,-32.96220197],[-69.25286512,-32.96221502],[-69.25285556,-32.96222284],[-69.25284458,-32.96223308],[-69.25283321,-32.96224513],[-69.25282143,-32.9622593],[-69.25280926,-32.96227583],[-69.25279846,-32.96229236],[-69.25277061,-32.96234318],[-69.25274573,-32.96239957],[-69.25271942,-32.96247199],[-69.25270048,-32.96253302],[-69.25265351,-32.96266058],[-69.25251586,-32.96303439],[-69.25235998,-32.96327677],[-69.25222743,-32.96339924],[-69.25219398,-32.96342204],[-69.25217651,-32.96343314],[-69.25213031,-32.96346045],[-69.25212222,-32.96346507],[-69.25211312,-32.96346993],[-69.25206332,-32.96349553],[-69.25204674,-32.96350349],[-69.25199315,-32.96352748],[-69.25197744,-32.96353405],[-69.25191728,-32.96355749],[-69.25190522,-32.96356185],[-69.25184339,-32.96358289],[-69.25183016,-32.96358711],[-69.25176597,-32.96360623],[-69.25175418,-32.96360953],[-69.2516852,-32.96362757],[-69.25167468,-32.96363016],[-69.25160028,-32.96364729],[-69.25159316,-32.96364885],[-69.25151007,-32.96366579],[-69.25149961,-32.96366777],[-69.25133003,-32.9636973],[-69.25132178,-32.96369864],[-69.25097871,-32.96375053],[-69.2508423,-32.96377292],[-69.25070818,-32.9637988],[-69.25059639,-32.96382531],[-69.25053876,-32.9638416],[-69.25048582,-32.96385877],[-69.25043861,-32.96387635],[-69.25039669,-32.96389428],[-69.25035954,-32.96391254],[-69.25032678,-32.96393108],[-69.25029793,-32.96394989],[-69.25027414,-32.9639678],[-69.25023981,-32.96399861],[-69.25020569,-32.96403568],[-69.25016976,-32.96408217],[-69.2501312,-32.96414066],[-69.25009889,-32.96419626],[-69.25006306,-32.96426417],[-69.24993971,-32.96452025],[-69.24990159,-32.96459561],[-69.24964483,-32.96488473],[-69.24940877,-32.96515054],[-69.24939378,-32.96516742],[-69.24934943,-32.96518398],[-69.248687,-32.96543126],[-69.24825144,-32.96555369],[-69.24820779,-32.96556193],[-69.24819492,-32.96556412],[-69.24808336,-32.96558117],[-69.24807249,-32.96558266],[-69.24795954,-32.96559657],[-69.24795075,-32.96559754],[-69.24782477,-32.96561006],[-69.24781612,-32.96561082],[-69.24732769,-32.96564808],[-69.24712921,-32.9656673],[-69.24702845,-32.96568022],[-69.2469365,-32.96569473],[-69.24685229,-32.96571091],[-69.24677507,-32.96572874],[-69.24669305,-32.96575145],[-69.24660704,-32.9657794],[-69.24651514,-32.96581337],[-69.2464148,-32.96585453],[-69.24632652,-32.96589359],[-69.2462266,-32.96594022],[-69.2458969,-32.96610161],[-69.24588051,-32.96610964],[-69.24575067,-32.96617152],[-69.24574369,-32.96617475],[-69.24561675,-32.96623179],[-69.24560683,-32.96623606],[-69.24549123,-32.96628373],[-69.245479,-32.96628851],[-69.24535676,-32.96633333],[-69.24534034,-32.9663389],[-69.24522456,-32.9663751],[-69.24520555,-32.96638048],[-69.24518152,-32.96638658],[-69.24509356,-32.96640892],[-69.2450805,-32.96641198],[-69.24507217,-32.96641368],[-69.24496294,-32.96643462],[-69.24494174,-32.96643806],[-69.24484855,-32.96645044],[-69.24483019,-32.96645243],[-69.24472982,-32.96646079],[-69.2447153,-32.96646164],[-69.24461124,-32.96646572],[-69.24459645,-32.96646602],[-69.2444848,-32.96646605],[-69.24447279,-32.96646586],[-69.24436463,-32.96646248],[-69.24435528,-32.96646208],[-69.24423475,-32.96645534],[-69.24422801,-32.96645489],[-69.24377277,-32.96641863],[-69.24359134,-32.96640777],[-69.24349972,-32.96640502],[-69.24341577,-32.96640485],[-69.24333866,-32.96640715],[-69.24326797,-32.96641178],[-69.24314905,-32.96642465],[-69.24302527,-32.9664436],[-69.24289436,-32.96646913],[-69.24275405,-32.96650187],[-69.24260668,-32.9665412],[-69.24244126,-32.96658999],[-69.24226555,-32.96664552],[-69.24197364,-32.96674071],[-69.24176225,-32.96680965],[-69.24175618,-32.96681157],[-69.24159986,-32.96685951],[-69.24159317,-32.96686149],[-69.2414524,-32.96690172],[-69.24144313,-32.96690423],[-69.24135768,-32.96692624],[-69.24128005,-32.96694623],[-69.24126781,-32.96694915],[-69.24111361,-32.96698329],[-69.24110051,-32.96698591],[-69.24095415,-32.96701241],[-69.24093834,-32.96701493],[-69.24079728,-32.96703429],[-69.24078077,-32.96703619],[-69.24068576,-32.967045],[-69.24067791,-32.96704564],[-69.24067078,-32.96704609],[-69.24057037,-32.9670514],[-69.24055694,-32.96705187],[-69.24045013,-32.96705374],[-69.2404384,-32.96705377],[-69.24032321,-32.96705224],[-69.24031414,-32.96705201],[-69.24021076,-32.96704816],[-69.24020405,-32.96704786],[-69.24008852,-32.96704152],[-69.24008295,-32.96704117],[-69.23968944,-32.96701309],[-69.23954518,-32.96700431],[-69.23940477,-32.96699898],[-69.23928284,-32.96699835],[-69.23921946,-32.96700003],[-69.23915897,-32.96700323],[-69.2391023,-32.96700788],[-69.23904908,-32.96701392],[-69.23899891,-32.96702132],[-69.2389516,-32.96703004],[-69.23890687,-32.96704005],[-69.2388643,-32.96705137],[-69.23882872,-32.9670624],[-69.23879223,-32.9670753],[-69.23875473,-32.96709019],[-69.23871868,-32.96710605],[-69.23863448,-32.96714841],[-69.23854585,-32.96720012],[-69.2384587,-32.96725711],[-69.23845105,-32.96726256],[-69.23844705,-32.96726435],[-69.23844073,-32.96726991],[-69.23835958,-32.96732773],[-69.23825601,-32.96740608],[-69.23796086,-32.96763565],[-69.2379549,-32.96764017],[-69.23786309,-32.96770808],[-69.2378564,-32.9677129],[-69.23777269,-32.96777146],[-69.23776322,-32.96777784],[-69.23766556,-32.96784108],[-69.23765269,-32.96784899],[-69.23755917,-32.96790356],[-69.23755267,-32.96790725],[-69.23754892,-32.96790925],[-69.23754376,-32.967912],[-69.23745257,-32.96795893],[-69.23743463,-32.96796751],[-69.23734483,-32.96800729],[-69.2373313,-32.96801294],[-69.23722948,-32.96805301],[-69.23722281,-32.96805556],[-69.23713963,-32.96808623],[-69.23711792,-32.96809423],[-69.23711087,-32.96809674],[-69.23700403,-32.9681336],[-69.23699709,-32.96813592],[-69.23688794,-32.96817109],[-69.23688111,-32.96817322],[-69.2367698,-32.96820668],[-69.23676305,-32.96820863],[-69.23664976,-32.96824031],[-69.23664309,-32.96824211],[-69.23657754,-32.9682591],[-69.236528,-32.96827195],[-69.2365214,-32.9682736],[-69.23640469,-32.96830157],[-69.23639813,-32.96830307],[-69.23627902,-32.96832933],[-69.23627335,-32.96833052],[-69.23615389,-32.96835461],[-69.23614739,-32.96835586],[-69.23608287,-32.96836768],[-69.23636181,-32.96851664],[-69.23639043,-32.96863587],[-69.23673024,-32.9687068],[-69.23690031,-32.9688019],[-69.23735339,-32.96889647],[-69.23743868,-32.96903945],[-69.23814661,-32.96918124],[-69.23837328,-32.96927624],[-69.2388548,-32.96941846],[-69.23967523,-32.9692976],[-69.24001879,-32.96912042],[-69.23996754,-32.96905076],[-69.23980976,-32.9688363],[-69.23986022,-32.96880781],[-69.2399629,-32.96874982],[-69.24006409,-32.96869267],[-69.24215247,-32.96813701],[-69.24241187,-32.96806798],[-69.24286393,-32.9679477],[-69.24393291,-32.96788124],[-69.24405239,-32.96787381],[-69.24454768,-32.96769871],[-69.2450425,-32.96752377],[-69.24507025,-32.96751396],[-69.24583326,-32.96710689],[-69.24617272,-32.96697103],[-69.24663092,-32.96686993],[-69.24753991,-32.96684044],[-69.24811922,-32.96691845],[-69.24931437,-32.96704592],[-69.24987919,-32.9666933],[-69.2503913,-32.96607613],[-69.25117759,-32.96547399],[-69.25171456,-32.96521048],[-69.253224,-32.96449967],[-69.25415108,-32.96408745],[-69.2549748,-32.96355249],[-69.25611408,-32.96343714],[-69.25612434,-32.9634361],[-69.25630657,-32.96347279],[-69.25694553,-32.96360141],[-69.25787456,-32.96385299],[-69.25849916,-32.9641934],[-69.25917841,-32.964497],[-69.25960525,-32.96440289],[-69.25966463,-32.96438307],[-69.25992193,-32.96417261],[-69.26048338,-32.96371337],[-69.261199,-32.96353655],[-69.26168233,-32.96339161],[-69.261988,-32.963115],[-69.26284467,-32.96227577],[-69.26285118,-32.96227226],[-69.26380415,-32.9617582],[-69.26393002,-32.96170215],[-69.26514761,-32.96193814],[-69.26604461,-32.96195355],[-69.26621791,-32.96195653],[-69.26625489,-32.96196938],[-69.26670465,-32.96212568],[-69.26880014,-32.96193627],[-69.26882568,-32.96193397],[-69.26913776,-32.96190575],[-69.26970302,-32.96166596],[-69.26992855,-32.96137919],[-69.26989009,-32.96133793],[-69.26991665,-32.96130642],[-69.26901625,-32.96040026],[-69.26732147,-32.95855165],[-69.26749298,-32.95862035],[-69.26772743,-32.9587331],[-69.26754979,-32.95863861],[-69.26748562,-32.95860594],[-69.26743085,-32.95858068],[-69.26738812,-32.95856373],[-69.26735346,-32.95855265],[-69.26732801,-32.95854678],[-69.26731037,-32.95854444],[-69.2672976,-32.95854433],[-69.26728834,-32.95854607],[-69.26728817,-32.95854589],[-69.26728716,-32.95854629],[-69.26720382,-32.95857957],[-69.26647003,-32.95887257],[-69.26643338,-32.95887275],[-69.26638287,-32.95886951],[-69.26633369,-32.958863],[-69.26629019,-32.95885428],[-69.26625511,-32.95884525],[-69.26625158,-32.95884415],[-69.26617386,-32.95880615],[-69.26605981,-32.95876903],[-69.26590741,-32.95871944],[-69.26586214,-32.95870471],[-69.26579752,-32.95871323],[-69.2657602,-32.95871367],[-69.26569201,-32.95871953],[-69.26562114,-32.95873079],[-69.26554724,-32.95874777],[-69.26548036,-32.9587678],[-69.26536067,-32.95879329],[-69.26503709,-32.95878034],[-69.26491036,-32.95874614],[-69.26466638,-32.95868455],[-69.26442218,-32.95862704],[-69.26417774,-32.95857362],[-69.26393307,-32.95852427],[-69.26368816,-32.95847899],[-69.263443,-32.95843778],[-69.2631976,-32.95840064],[-69.26295193,-32.95836756],[-69.262706,-32.95833855],[-69.2624598,-32.9583136],[-69.26221332,-32.9582927],[-69.26196655,-32.95827587],[-69.2617195,-32.95826309],[-69.26147214,-32.95825438],[-69.26122321,-32.95824969],[-69.26092576,-32.95824699],[-69.26079214,-32.95824689],[-69.26067045,-32.95823433],[-69.2605287,-32.95824912],[-69.26052571,-32.95824915],[-69.26035521,-32.95825406],[-69.26019132,-32.95826204],[-69.26003842,-32.958273],[-69.25989438,-32.95828704],[-69.25975687,-32.95830435],[-69.25958245,-32.95833061],[-69.25941592,-32.95835911],[-69.25927766,-32.95838589],[-69.25880259,-32.958457],[-69.25856045,-32.95858331],[-69.25851943,-32.95859897],[-69.25845859,-32.9586245],[-69.25839688,-32.95865273],[-69.25833409,-32.95868382],[-69.25827004,-32.95871788],[-69.25820436,-32.95875519],[-69.25813669,-32.95879598]]]]},"geometry_name":"the_geom","properties":{"fid":117,"id":113,"distrito_":"POTRERILLOS","zona_":"RESIDENCIAL MIXTA 6","codigo":"ZRM6","lote_min":"500","lado_min":"15","fos":"45","retiro_fro":"3","retiro_lat":"1,5","retiro_pos":"1,5","alt_max":"8","ordenanza":"14106-2021","sup_m2":910050}},{"type":"Feature","id":"Zonas.118","geometry":{"type":"MultiPolygon","coordinates":[[[[-68.86422577,-33.04499297],[-68.8642589,-33.04498438],[-68.86462163,-33.0450384],[-68.86482513,-33.04497151],[-68.86528683,-33.0449816],[-68.86546261,-33.0449996],[-68.86596975,-33.04535819],[-68.86659806,-33.04582707],[-68.86691492,-33.04605069],[-68.86762725,-33.04591461],[-68.86730544,-33.04467668],[-68.86702763,-33.04366664],[-68.86691545,-33.04336074],[-68.86668234,-33.04264892],[-68.86650488,-33.04197031],[-68.86636008,-33.04142628],[-68.86634214,-33.04135891],[-68.86632635,-33.04101772],[-68.86631613,-33.04087322],[-68.86630545,-33.04072231],[-68.86629997,-33.04064497],[-68.86412933,-33.04112842],[-68.86209143,-33.0417953],[-68.86124814,-33.04205223],[-68.8627987,-33.04472775],[-68.86320254,-33.0447849],[-68.86349347,-33.04482606],[-68.86371321,-33.04490456],[-68.86405291,-33.04503853],[-68.86422577,-33.04499297]]]]},"geometry_name":"the_geom","properties":{"fid":118,"id":127,"distrito_":"CIUDAD","zona_":"RECREACION 3","codigo":"ZREC3","lote_min":"500","lado_min":"12","fos":"45","retiro_fro":"3","retiro_lat":"0","retiro_pos":"0","alt_max":"8","ordenanza":"14106-2021","sup_m2":201544}},{"type":"Feature","id":"Zonas.132","geometry":{"type":"MultiPolygon","coordinates":[[[[-69.03643065,-33.07926142],[-69.04071475,-33.08067733],[-69.0449691,-33.08237063],[-69.04807037,-33.08360486],[-69.0495824,-33.08414798],[-69.05224641,-33.08483099],[-69.055818,-33.08621312],[-69.05909283,-33.08750748],[-69.06095248,-33.08830816],[-69.06483056,-33.0898712],[-69.06840504,-33.08856137],[-69.06969095,-33.08809406],[-69.07642674,-33.0853698],[-69.07998128,-33.08644782],[-69.08035474,-33.08408487],[-69.07983969,-33.07954079],[-69.07986867,-33.07954365],[-69.07980908,-33.07917831],[-69.07359151,-33.07943262],[-69.07214284,-33.07945487],[-69.06899785,-33.07932018],[-69.06587886,-33.07923163],[-69.05828455,-33.07896056],[-69.05285837,-33.07848763],[-69.04953101,-33.0780119],[-69.04588905,-33.07749108],[-69.04368286,-33.07722834],[-69.04232644,-33.07725391],[-69.04074655,-33.07751797],[-69.04062363,-33.07756804],[-69.03649164,-33.07925107],[-69.03643065,-33.07926142]]]]},"geometry_name":"the_geom","properties":{"fid":132,"id":136,"distrito_":"AGRELO","zona_":"RURAL NO IRRIGADA","codigo":"ZRURNI","lote_min":"5000","lado_min":"30","fos":"10","retiro_fro":"10","retiro_lat":"10","retiro_pos":"10","alt_max":"8","ordenanza":"14106-2021","sup_m2":3048140}},{"type":"Feature","id":"Zonas.119","geometry":{"type":"MultiPolygon","coordinates":[[[[-68.88509158,-32.96934827],[-68.8860055,-32.97024973],[-68.88629397,-32.97052154],[-68.88934617,-32.97410284],[-68.89206088,-32.9761092],[-68.8963287,-32.97926312],[-68.90207315,-32.98284512],[-68.90801408,-32.9861419],[-68.91633175,-32.99115771],[-68.92296409,-32.99515641],[-68.92702727,-32.99760579],[-68.93043959,-32.99966261],[-68.93755487,-33.0034803],[-68.94146036,-33.00605874],[-68.94687109,-33.00963049],[-68.95487711,-33.01393708],[-68.96421896,-33.02023831],[-68.97441209,-33.02539389],[-68.98018863,-33.02868719],[-68.98581273,-33.03189307],[-68.98811381,-33.0332046],[-68.99042119,-33.03359086],[-68.99020308,-33.0369984],[-68.99165837,-33.03707818],[-68.99311517,-33.03716859],[-68.99318028,-33.03717432],[-68.99321346,-33.03717855],[-68.99363653,-33.03723827],[-68.99413411,-33.03727854],[-68.99715853,-33.03773232],[-68.99727529,-33.03773232],[-68.99746398,-33.03777815],[-68.99750374,-33.03778411],[-68.99798345,-33.0378998],[-68.99830287,-33.03794587],[-68.9985639,-33.03796014],[-68.99909658,-33.03806035],[-68.99992961,-33.0381805],[-69.00020911,-33.03818289],[-69.00069558,-33.03813629],[-69.00382206,-33.03802765],[-69.0052268,-33.03800553],[-69.00755904,-33.03796263],[-69.00895901,-33.03788757],[-69.00935556,-33.03780314],[-69.00995522,-33.03771912],[-69.01032908,-33.03759027],[-69.01066897,-33.0375473],[-69.01104282,-33.03740412],[-69.01146767,-33.03728957],[-69.01186565,-33.03723267],[-69.01197604,-33.03723104],[-69.01235049,-33.0372255],[-69.01241718,-33.03722627],[-69.01257218,-33.03723371],[-69.01293182,-33.03725117],[-69.01405888,-33.03729321],[-69.01524042,-33.03738937],[-69.01595418,-33.03741791],[-69.01651602,-33.03740592],[-69.01739587,-33.03746069],[-69.01738481,-33.03753404],[-69.0173838,-33.0375407],[-69.01746452,-33.03753831],[-69.01758787,-33.03754378],[-69.01771703,-33.03755092],[-69.01771685,-33.03754921],[-69.01771685,-33.03754917],[-69.01798362,-33.03756135],[-69.01978188,-33.03791261],[-69.02307178,-33.03751578],[-69.02307219,-33.03751583],[-69.02406884,-33.03764404],[-69.02863416,-33.03914271],[-69.02924552,-33.03917869],[-69.02924563,-33.03917865],[-69.0315882,-33.03829902],[-69.03135997,-33.03828795],[-69.03118354,-33.03823765],[-69.03056574,-33.03813133],[-69.03008848,-33.037921],[-69.02977145,-33.03778829],[-69.02946809,-33.03758716],[-69.02897717,-33.03745045],[-69.02879639,-33.03739685],[-69.02818294,-33.03725359],[-69.02757961,-33.03675082],[-69.02738858,-33.03660593],[-69.02727729,-33.03663361],[-69.02659445,-33.03672062],[-69.02656222,-33.03671708],[-69.02580026,-33.03660794],[-69.0257032,-33.03664894],[-69.02500613,-33.03670479],[-69.02496641,-33.03670951],[-69.02484341,-33.03675139],[-69.02434424,-33.0368908],[-69.02421203,-33.03691142],[-69.02355775,-33.03689903],[-69.02341786,-33.03690401],[-69.02299451,-33.03675175],[-69.02262361,-33.0365421],[-69.02246349,-33.03658312],[-69.02182949,-33.03671427],[-69.02178227,-33.03670221],[-69.02172028,-33.03675198],[-69.02118018,-33.03690464],[-69.02103539,-33.03693675],[-69.02072826,-33.03675214],[-69.02066411,-33.03636109],[-69.02048815,-33.03591541],[-69.0202408,-33.03510392],[-69.01994499,-33.03560368],[-69.0194468,-33.03575436],[-69.01936626,-33.03583071],[-69.01930715,-33.03591559],[-69.01896039,-33.03623979],[-69.01865278,-33.03637625],[-69.01830598,-33.03638711],[-69.01785869,-33.03668109],[-69.01717032,-33.03591591],[-69.01706434,-33.03569044],[-69.016909,-33.03575226],[-69.01627017,-33.03560278],[-69.01610952,-33.03574675],[-69.01597109,-33.03591607],[-69.01574274,-33.03619702],[-69.01547618,-33.03653445],[-69.0153422,-33.03661174],[-69.01514115,-33.03675295],[-69.01479946,-33.03687666],[-69.01468208,-33.03690088],[-69.01392444,-33.03675309],[-69.0138879,-33.03673971],[-69.01386838,-33.03673253],[-69.01309369,-33.03640036],[-69.0124486,-33.03607359],[-69.01229948,-33.03600876],[-69.01220173,-33.03591649],[-69.01150523,-33.03533022],[-69.01104522,-33.03543188],[-69.0107111,-33.03547697],[-69.01016036,-33.03533638],[-69.00991693,-33.03529411],[-69.00937699,-33.0353478],[-69.0091228,-33.03539471],[-69.00839957,-33.03515478],[-69.00832863,-33.03515445],[-69.0082426,-33.03508004],[-69.00753444,-33.03461786],[-69.00714541,-33.03424333],[-69.007173,-33.03386255],[-69.00709117,-33.03340655],[-69.00674017,-33.03294307],[-69.0064158,-33.03306479],[-69.00594605,-33.03311955],[-69.00551994,-33.03295765],[-69.00515193,-33.03317748],[-69.00468239,-33.03256989],[-69.00435776,-33.03236399],[-69.0041021,-33.03230052],[-69.00356363,-33.03211158],[-69.00301615,-33.03199306],[-69.00276951,-33.03198509],[-69.00204812,-33.03173318],[-69.00197538,-33.03168915],[-69.00183106,-33.03158111],[-69.00118126,-33.03109672],[-69.00098458,-33.03089641],[-69.00038715,-33.03021751],[-68.99992551,-33.03040997],[-68.99959304,-33.03041552],[-68.99928223,-33.03005964],[-68.99879895,-33.02941415],[-68.99864126,-33.02922285],[-68.99857528,-33.02898715],[-68.99838301,-33.02838607],[-68.99800489,-33.02791965],[-68.99724137,-33.02754927],[-68.99721082,-33.02753478],[-68.99719297,-33.02753046],[-68.99641676,-33.02719162],[-68.99582432,-33.02692492],[-68.9956227,-33.02681711],[-68.99551747,-33.02671244],[-68.99547314,-33.02655482],[-68.99548749,-33.02587566],[-68.99482873,-33.02518659],[-68.99418459,-33.02519682],[-68.99403467,-33.02514743],[-68.99340034,-33.02520711],[-68.99324061,-33.02528774],[-68.99284266,-33.02503876],[-68.99244662,-33.02444715],[-68.99234619,-33.02420195],[-68.99218726,-33.02392857],[-68.99185694,-33.02336514],[-68.99207005,-33.02296818],[-68.99221007,-33.02252838],[-68.99216428,-33.02223064],[-68.99228679,-33.02169161],[-68.99165289,-33.02104967],[-68.99115747,-33.02116945],[-68.99085886,-33.02111575],[-68.99031725,-33.02112069],[-68.99006484,-33.02116614],[-68.98946556,-33.02105984],[-68.98927083,-33.02106247],[-68.9889535,-33.02085458],[-68.98847689,-33.02042382],[-68.98807021,-33.02001772],[-68.98768299,-33.01965654],[-68.98706304,-33.01918084],[-68.98688906,-33.01909468],[-68.98675739,-33.01904203],[-68.9860951,-33.01884486],[-68.98532823,-33.01837237],[-68.98530118,-33.01836256],[-68.98528409,-33.01834386],[-68.98528115,-33.01832274],[-68.9850009,-33.01750704],[-68.98450747,-33.01674353],[-68.98442948,-33.01667019],[-68.98371359,-33.01616776],[-68.98312427,-33.01583324],[-68.98291971,-33.01570001],[-68.98256183,-33.01545594],[-68.98212583,-33.01523886],[-68.98178224,-33.01499627],[-68.98133195,-33.01481717],[-68.98054547,-33.01415931],[-68.98053813,-33.01415099],[-68.97987617,-33.01332242],[-68.97974439,-33.01323486],[-68.97958359,-33.01315288],[-68.97895052,-33.01286872],[-68.97843444,-33.0124854],[-68.97815672,-33.012282],[-68.9776463,-33.01194721],[-68.97736289,-33.01183777],[-68.97719221,-33.0116484],[-68.97656914,-33.01115956],[-68.97622054,-33.01081143],[-68.97577545,-33.01025622],[-68.97499304,-33.00997441],[-68.97498161,-33.00996817],[-68.97442195,-33.00913752],[-68.97418804,-33.00878686],[-68.9739459,-33.00830064],[-68.97384474,-33.00793852],[-68.97364872,-33.00746379],[-68.9733947,-33.00685977],[-68.9731759,-33.00662691],[-68.97260099,-33.00629489],[-68.97200679,-33.00600025],[-68.97180723,-33.00589961],[-68.97165659,-33.00578979],[-68.97102862,-33.00496865],[-68.97101583,-33.00495286],[-68.97101365,-33.00494866],[-68.97059329,-33.00411598],[-68.97022024,-33.00357296],[-68.96995719,-33.00327905],[-68.96942675,-33.00248746],[-68.96939693,-33.00244213],[-68.96936602,-33.00237807],[-68.96891768,-33.00160523],[-68.96863334,-33.00125082],[-68.967913,-33.00084552],[-68.96783966,-33.00080092],[-68.96780408,-33.00076816],[-68.96704606,-33.00016426],[-68.96679244,-32.99993112],[-68.96674267,-32.99961108],[-68.96655581,-32.99909427],[-68.96625288,-32.99845081],[-68.96603706,-32.99825735],[-68.96545924,-32.99797543],[-68.96491707,-32.99742025],[-68.96466581,-32.99701556],[-68.96427869,-32.99658329],[-68.96387238,-32.99611433],[-68.96362823,-32.99574632],[-68.96335267,-32.99519799],[-68.96320874,-32.99490941],[-68.9630792,-32.99463473],[-68.96281124,-32.99407251],[-68.96274427,-32.99371901],[-68.96259476,-32.99323566],[-68.96255087,-32.99267783],[-68.96248093,-32.99239885],[-68.96248078,-32.99176674],[-68.96248272,-32.99156206],[-68.96228686,-32.99124225],[-68.96161155,-32.9908497],[-68.96149331,-32.99077257],[-68.96139616,-32.99072495],[-68.96069979,-32.99026203],[-68.96042256,-32.98988786],[-68.96039481,-32.98956601],[-68.96037565,-32.98905106],[-68.96014488,-32.98846514],[-68.9600491,-32.98821417],[-68.95990704,-32.98806561],[-68.95934071,-32.98761668],[-68.9591136,-32.98744914],[-68.95904525,-32.98737706],[-68.95887251,-32.98712268],[-68.958454,-32.98654008],[-68.9583204,-32.98634325],[-68.95798885,-32.98570314],[-68.95787935,-32.98523756],[-68.95784752,-32.98486631],[-68.95752776,-32.98409886],[-68.95749887,-32.98402941],[-68.95749596,-32.98399582],[-68.9574223,-32.9831926],[-68.95730589,-32.98295806],[-68.95700934,-32.98235567],[-68.95673517,-32.9818504],[-68.95655476,-32.98151873],[-68.95604448,-32.98078978],[-68.95597058,-32.98068174],[-68.95594212,-32.98061249],[-68.95555201,-32.9798448],[-68.95554721,-32.97942781],[-68.95550614,-32.979008],[-68.95551365,-32.97855516],[-68.95544798,-32.9781712],[-68.95554264,-32.97774853],[-68.95559738,-32.97733446],[-68.95557932,-32.97695001],[-68.95549435,-32.97649764],[-68.95517603,-32.97568718],[-68.95517414,-32.97566074],[-68.95538408,-32.97506951],[-68.95542843,-32.97482405],[-68.9551515,-32.97460152],[-68.95452803,-32.9741661],[-68.95435819,-32.97403783],[-68.95426548,-32.97398684],[-68.953662,-32.97325211],[-68.95357628,-32.9731498],[-68.95356506,-32.97313537],[-68.952969,-32.97231278],[-68.95313846,-32.97186232],[-68.95316569,-32.97147607],[-68.95328244,-32.97117702],[-68.95334688,-32.97063935],[-68.95334485,-32.97040564],[-68.95345456,-32.96980261],[-68.95348506,-32.96971638],[-68.95356693,-32.96955295],[-68.95373757,-32.96914564],[-68.95384261,-32.96896596],[-68.95356748,-32.96850264],[-68.95323261,-32.96812895],[-68.95277446,-32.96750889],[-68.95262844,-32.96729194],[-68.95261194,-32.96712033],[-68.95254945,-32.96645512],[-68.95243426,-32.96609553],[-68.95229868,-32.96561824],[-68.95221506,-32.96502691],[-68.95216823,-32.9647814],[-68.95213808,-32.96410838],[-68.95208636,-32.96394458],[-68.9520294,-32.96315641],[-68.95203224,-32.96310777],[-68.95198358,-32.9626012],[-68.95194995,-32.96227095],[-68.95195262,-32.9622381],[-68.95198382,-32.96215099],[-68.95211912,-32.96157659],[-68.9521705,-32.96143425],[-68.9524271,-32.96106441],[-68.95277809,-32.96069114],[-68.95282057,-32.96064248],[-68.95287044,-32.96059773],[-68.95284199,-32.95982783],[-68.95283376,-32.95976093],[-68.95277861,-32.95971461],[-68.95199233,-32.95892382],[-68.95198558,-32.95890717],[-68.95198293,-32.95890181],[-68.95167785,-32.95889809],[-68.8909042,-32.95814171],[-68.89058686,-32.95813768],[-68.87433289,-32.95793034],[-68.87419815,-32.95799228],[-68.87422012,-32.95800642],[-68.87423344,-32.95801555],[-68.87432875,-32.95808193],[-68.87437762,-32.95811812],[-68.87446796,-32.95818926],[-68.87447797,-32.95819724],[-68.87451412,-32.95822788],[-68.87459917,-32.95830352],[-68.87461343,-32.95831646],[-68.87569577,-32.95931751],[-68.87570334,-32.95932458],[-68.87649589,-32.96007332],[-68.87749398,-32.96100483],[-68.87755778,-32.9610647],[-68.87769184,-32.96119051],[-68.87830285,-32.96176388],[-68.87836083,-32.96181829],[-68.87933952,-32.96272994],[-68.87979409,-32.96315813],[-68.88028299,-32.96361866],[-68.88114133,-32.96440656],[-68.88116087,-32.964425],[-68.88124544,-32.96450728],[-68.88186506,-32.96511011],[-68.88192272,-32.9651714],[-68.88193802,-32.96518966],[-68.88196376,-32.96522121],[-68.88202896,-32.96530114],[-68.88205807,-32.9653388],[-68.8821423,-32.96545396],[-68.88215068,-32.9654656],[-68.88216914,-32.96549279],[-68.88222502,-32.96557846],[-68.88224647,-32.96561134],[-68.88227098,-32.96565125],[-68.8823424,-32.965775],[-68.88236333,-32.9658138],[-68.88242627,-32.96593825],[-68.88244506,-32.965978],[-68.88250145,-32.96610696],[-68.88251864,-32.96614951],[-68.88256657,-32.96627863],[-68.88257716,-32.96630901],[-68.88258122,-32.96632184],[-68.88262146,-32.96645281],[-68.88263354,-32.96649659],[-68.88266599,-32.96662909],[-68.88267111,-32.96665138],[-68.8826755,-32.96667349],[-68.88270156,-32.96681545],[-68.88270747,-32.9668528],[-68.88272647,-32.96699554],[-68.88509158,-32.96934827]]]]},"geometry_name":"the_geom","properties":{"fid":119,"id":120,"distrito_":"","zona_":"RESERVA AMBIENTAL 5","codigo":"ZRA5","lote_min":"2000","lado_min":"22","fos":"30","retiro_fro":"6","retiro_lat":"3","retiro_pos":"3","alt_max":"8","ordenanza":"14106-2021","sup_m2":3.47202E7}},{"type":"Feature","id":"Zonas.120","geometry":{"type":"MultiPolygon","coordinates":[[[[-68.92649025,-33.02337048],[-68.92649042,-33.02337131],[-68.92649058,-33.02337129],[-68.92854624,-33.03427428],[-68.92940679,-33.03409877],[-68.93144642,-33.03360368],[-68.93288,-33.03320513],[-68.92983884,-33.02685783],[-68.92948778,-33.02315983],[-68.92945456,-33.02292165],[-68.92945585,-33.02292146],[-68.92945138,-33.02288552],[-68.92649025,-33.02337048]]]]},"geometry_name":"the_geom","properties":{"fid":120,"id":132,"distrito_":"VISTALBA","zona_":"RESERVA AMBIENTAL 1","codigo":"ZRA1","lote_min":"1000","lado_min":"","fos":"","retiro_fro":"","retiro_lat":"","retiro_pos":"","alt_max":"","ordenanza":"14206-2021","sup_m2":0}},{"type":"Feature","id":"Zonas.133","geometry":{"type":"MultiPolygon","coordinates":[[[[-69.02724728,-33.08081882],[-69.02647709,-33.07463361],[-68.96634992,-33.08576509],[-68.96631177,-33.0857231],[-68.96651053,-33.0874676],[-68.96692321,-33.09108937],[-68.96856448,-33.09082117],[-68.97289312,-33.0900864],[-68.97730402,-33.08932852],[-68.9865188,-33.08771386],[-68.99641673,-33.08604199],[-69.02724728,-33.08081882]]]]},"geometry_name":"the_geom","properties":{"fid":133,"id":137,"distrito_":"INDUSTRIAL","zona_":"SERVICIOS","codigo":"ZS","lote_min":"750","lado_min":"15","fos":"0","retiro_fro":"0","retiro_lat":"0","retiro_pos":"4","alt_max":"0","ordenanza":"14106-2021","sup_m2":3654810}},{"type":"Feature","id":"Zonas.121","geometry":{"type":"MultiPolygon","coordinates":[[[[-68.88128314,-32.9699713],[-68.88292387,-32.97185968],[-68.88292722,-32.97185771],[-68.88294598,-32.97190117],[-68.88310305,-32.9722649],[-68.88533521,-32.97735234],[-68.88602823,-32.97818048],[-68.88616051,-32.97833135],[-68.88730618,-32.97957542],[-68.88771962,-32.98056734],[-68.88833147,-32.98183715],[-68.88987385,-32.98275253],[-68.89021219,-32.98292907],[-68.89042658,-32.98304094],[-68.89166822,-32.98368881],[-68.8927911,-32.98419246],[-68.89350977,-32.98471464],[-68.89366508,-32.98482748],[-68.89378505,-32.98496934],[-68.89437522,-32.98556422],[-68.89440483,-32.98559406],[-68.89515156,-32.98609092],[-68.8953397,-32.98620263],[-68.89574722,-32.98647237],[-68.89643943,-32.98687437],[-68.89664652,-32.9870303],[-68.89695209,-32.98737946],[-68.89791904,-32.98901498],[-68.89798988,-32.98915145],[-68.89837761,-32.98989831],[-68.89873781,-32.99059212],[-68.89893061,-32.99081137],[-68.89908483,-32.99096791],[-68.90008255,-32.99210589],[-68.90138698,-32.99331196],[-68.90318787,-32.99513373],[-68.90364387,-32.99559499],[-68.90373263,-32.99569562],[-68.90435861,-32.99642411],[-68.90487795,-32.9971123],[-68.90513877,-32.99754414],[-68.9058556,-32.99842294],[-68.90589026,-32.99845371],[-68.90592604,-32.99850111],[-68.90606345,-32.99860743],[-68.90659516,-32.99907937],[-68.90837513,-33.00060516],[-68.90910249,-33.00112418],[-68.90969058,-33.0015675],[-68.91104188,-33.00245894],[-68.91108666,-33.00247419],[-68.91111684,-33.00249472],[-68.91160742,-33.00266945],[-68.91196088,-33.0027717],[-68.91473132,-33.00356367],[-68.91477799,-33.00357701],[-68.9151112,-33.00368959],[-68.91579693,-33.00392125],[-68.91698012,-33.00447973],[-68.92796698,-33.01259737],[-68.92818082,-33.01275534],[-68.92822844,-33.01279052],[-68.92829839,-33.01282313],[-68.92834897,-33.0128467],[-68.92860276,-33.01298299],[-68.92896518,-33.01317244],[-68.92918179,-33.01328566],[-68.93035543,-33.01380571],[-68.93102404,-33.01410197],[-68.93199183,-33.01454121],[-68.93223873,-33.01466354],[-68.93320916,-33.01514434],[-68.93434343,-33.01564097],[-68.93514752,-33.01601575],[-68.93693014,-33.0163261],[-68.93759671,-33.0164524],[-68.93863882,-33.01667933],[-68.93910066,-33.01675188],[-68.93912608,-33.01675881],[-68.94320326,-33.01754324],[-68.94389437,-33.01766745],[-68.94542378,-33.01795951],[-68.94554725,-33.01798309],[-68.94708099,-33.01852183],[-68.94761507,-33.01880326],[-68.94785617,-33.01893031],[-68.94815112,-33.01908573],[-68.94820787,-33.01911564],[-68.94836963,-33.01920087],[-68.95006955,-33.02051968],[-68.95021667,-33.02063381],[-68.95062879,-33.02095353],[-68.95109925,-33.0213185],[-68.95221146,-33.02192664],[-68.95240872,-33.02198391],[-68.95324196,-33.02222582],[-68.95332735,-33.02225061],[-68.95695748,-33.02286717],[-68.95807997,-33.02306182],[-68.95813973,-33.02306795],[-68.95924872,-33.02325627],[-68.95947168,-33.02329413],[-68.95971667,-33.02338613],[-68.95975065,-33.02339637],[-68.95985297,-33.02342362],[-68.96018953,-33.02356351],[-68.96041605,-33.02364708],[-68.96061426,-33.02370678],[-68.96084077,-33.02379035],[-68.96096819,-33.02383811],[-68.9610764,-33.02389675],[-68.96150745,-33.02403012],[-68.96182902,-33.02422096],[-68.9619021,-33.02427271],[-68.96210103,-33.02441354],[-68.96293589,-33.02500458],[-68.96330397,-33.02523444],[-68.96358667,-33.0254653],[-68.96392399,-33.0257041],[-68.9640967,-33.02580723],[-68.96443645,-33.0260459],[-68.96531413,-33.02667835],[-68.96576714,-33.02697669],[-68.96614401,-33.02727567],[-68.96636637,-33.02743308],[-68.96713421,-33.02797662],[-68.96744413,-33.028196],[-68.97122067,-33.03086914],[-68.97293411,-33.03297226],[-68.97312035,-33.03338656],[-68.97388909,-33.0350966],[-68.97396677,-33.03523693],[-68.97409916,-33.03547072],[-68.97418067,-33.03570686],[-68.97463722,-33.03626384],[-68.97495009,-33.03648258],[-68.97544657,-33.03663018],[-68.97556357,-33.03663754],[-68.97605081,-33.03659322],[-68.97628051,-33.03657233],[-68.97784977,-33.03642958],[-68.97982083,-33.03625025],[-68.97983504,-33.03625129],[-68.97987844,-33.0362449],[-68.98354042,-33.03649759],[-68.98505918,-33.03660566],[-68.98739961,-33.03677035],[-68.98740874,-33.03677102],[-68.99006631,-33.03697727],[-68.99020421,-33.03698704],[-68.99044078,-33.03359414],[-68.98811381,-33.0332046],[-68.98581273,-33.03189307],[-68.98018863,-33.02868719],[-68.97441209,-33.02539389],[-68.96421896,-33.02023831],[-68.95487711,-33.01393708],[-68.94687109,-33.00963049],[-68.94146036,-33.00605874],[-68.93755487,-33.0034803],[-68.93043959,-32.99966261],[-68.92702727,-32.99760579],[-68.92296409,-32.99515641],[-68.91633175,-32.99115771],[-68.90801408,-32.9861419],[-68.90207315,-32.98284512],[-68.8963287,-32.97926312],[-68.89206088,-32.9761092],[-68.88934617,-32.97410284],[-68.88629397,-32.97052154],[-68.88600511,-32.97024936],[-68.88273426,-32.96702002],[-68.88276593,-32.96719269],[-68.88275137,-32.96738556],[-68.88274589,-32.96757654],[-68.88273645,-32.96771997],[-68.88273368,-32.96775185],[-68.88273305,-32.96775753],[-68.88271651,-32.9679005],[-68.88271124,-32.96793792],[-68.88268763,-32.96808018],[-68.88268034,-32.96811819],[-68.88265438,-32.96823661],[-68.88263698,-32.96830218],[-68.88260614,-32.96840097],[-68.88260249,-32.96841237],[-68.88258983,-32.968448],[-68.88255267,-32.96854523],[-68.88253557,-32.96858652],[-68.88253334,-32.96859147],[-68.88248997,-32.96868685],[-68.88246769,-32.96873212],[-68.88241823,-32.96882537],[-68.88240492,-32.96884952],[-68.88239307,-32.96886956],[-68.88233768,-32.96896041],[-68.8823097,-32.96900338],[-68.88224853,-32.96909156],[-68.88224278,-32.96909975],[-68.88221783,-32.96913318],[-68.88215107,-32.96921843],[-68.88212305,-32.96925248],[-68.88211772,-32.96925859],[-68.88204556,-32.96934065],[-68.88199582,-32.96939303],[-68.8818363,-32.96954875],[-68.88183144,-32.96955346],[-68.88178269,-32.96959735],[-68.88169197,-32.96967374],[-68.88167432,-32.96968827],[-68.88165257,-32.96970528],[-68.88164156,-32.96971365],[-68.88162487,-32.96972635],[-68.88140963,-32.96988856],[-68.88128314,-32.9699713]]]]},"geometry_name":"the_geom","properties":{"fid":121,"id":121,"distrito_":"VERTIENTES DEL PEDEMONTE","zona_":"RESERVA AMBIENTAL 4","codigo":"ZRA4","lote_min":"500","lado_min":"12","fos":"45","retiro_fro":"3","retiro_lat":"","retiro_pos":"","alt_max":"","ordenanza":"14106-2021","sup_m2":1.09685E7}},{"type":"Feature","id":"Zonas.122","geometry":{"type":"MultiPolygon","coordinates":[[[[-68.87798107,-33.13046498],[-68.88105719,-33.13097907],[-68.88107632,-33.10652765],[-68.8810832,-33.1017261],[-68.87942643,-33.09431309],[-68.87497871,-33.07432444],[-68.87459196,-33.07098479],[-68.87383792,-33.0641225],[-68.87348483,-33.0614229],[-68.87322537,-33.05918174],[-68.87050485,-33.04915862],[-68.87049244,-33.0491129],[-68.86784593,-33.04930412],[-68.86784841,-33.04931319],[-68.87058284,-33.05933328],[-68.87063374,-33.05952511],[-68.87120957,-33.06500957],[-68.87158244,-33.06903695],[-68.87158509,-33.06906553],[-68.87208922,-33.07451005],[-68.87444606,-33.08596361],[-68.87562973,-33.09153441],[-68.87598847,-33.09322262],[-68.87598966,-33.09322822],[-68.87676581,-33.09688053],[-68.87786786,-33.10206593],[-68.8780077,-33.10272834],[-68.87801854,-33.10277969],[-68.87798107,-33.13046498]]]]},"geometry_name":"the_geom","properties":{"fid":122,"id":122,"distrito_":"","zona_":"INDUSTRIAL AGRICOLA","codigo":"ZIA","lote_min":"1500","lado_min":"25","fos":"0","retiro_fro":"15-5","retiro_lat":"3","retiro_pos":"3","alt_max":"10","ordenanza":"14106-2021","sup_m2":2520140}},{"type":"Feature","id":"Zonas.123","geometry":{"type":"MultiPolygon","coordinates":[[[[-68.88102856,-33.13099971],[-68.88102868,-33.13096526],[-68.88520288,-33.13169567],[-68.88371588,-33.11064886],[-68.88264604,-33.11068293],[-68.88143188,-33.10712717],[-68.88107632,-33.10652765],[-68.8810706,-33.10651968],[-68.88102856,-33.13099971]]]]},"geometry_name":"the_geom","properties":{"fid":123,"id":123,"distrito_":"PERDRIEL","zona_":"CONTROL AMBIENTAL","codigo":"ZCA","lote_min":"1500","lado_min":"25","fos":"30","retiro_fro":"15","retiro_lat":"5","retiro_pos":"5","alt_max":"5","ordenanza":"14106-2021","sup_m2":764092}},{"type":"Feature","id":"Zonas.124","geometry":{"type":"MultiPolygon","coordinates":[[[[-69.07994296,-33.0864362],[-69.07557079,-33.12830009],[-69.03735227,-33.12588634],[-69.02949828,-33.19909749],[-69.0280335,-33.2127379],[-69.02874008,-33.21842462],[-69.03447523,-33.26021499],[-69.0419309,-33.25686738],[-69.05702544,-33.2470864],[-69.0743906,-33.2325701],[-69.11397325,-33.19908453],[-69.154018,-33.17089628],[-69.16716877,-33.16008347],[-69.17367193,-33.15410839],[-69.19976554,-33.12552227],[-69.20752804,-33.11777599],[-69.21635557,-33.11255811],[-69.21988305,-33.11061672],[-69.22641697,-33.10907044],[-69.23772821,-33.10932012],[-69.26732324,-33.10635467],[-69.26712661,-33.10637591],[-69.26717142,-33.10645101],[-69.29277645,-33.1022902],[-69.29325168,-33.10208287],[-69.30086451,-33.09876121],[-69.30138081,-33.09853591],[-69.31310424,-33.09594196],[-69.33229591,-33.08997131],[-69.33431704,-33.0890883],[-69.33407377,-33.08833816],[-69.32645856,-33.06484976],[-69.31694605,-33.0354907],[-69.31519126,-33.02333007],[-69.3145535,-33.0233499],[-69.31389437,-33.02337038],[-69.31385697,-33.02336971],[-69.313825,-33.02336619],[-69.31273668,-33.02319923],[-69.31271631,-33.02319553],[-69.3126661,-33.02318115],[-69.31262436,-33.02316267],[-69.31245226,-33.0230723],[-69.31201075,-33.02284046],[-69.31195722,-33.02283879],[-69.31189953,-33.02283699],[-69.31078691,-33.02297922],[-69.3107257,-33.02298704],[-69.31009224,-33.02306802],[-69.31007153,-33.02307009],[-69.31003719,-33.02307102],[-69.30894004,-33.02305119],[-69.30892135,-33.0230504],[-69.30886901,-33.02304317],[-69.3088188,-33.02302879],[-69.30881032,-33.02302556],[-69.30728301,-33.0224207],[-69.30725522,-33.02240826],[-69.30551294,-33.02153342],[-69.3055025,-33.02152794],[-69.30546232,-33.02150195],[-69.30435628,-33.02066177],[-69.30404165,-33.02056797],[-69.30402064,-33.02056099],[-69.30397393,-33.02053984],[-69.30394597,-33.02052268],[-69.30268657,-33.01965833],[-69.30223917,-33.01958617],[-69.29939425,-33.0199074],[-69.29937902,-33.01990881],[-69.29932599,-33.01990893],[-69.29931199,-33.01990773],[-69.29849289,-33.01982195],[-69.29809144,-33.01977991],[-69.29805562,-33.01977428],[-69.29805311,-33.01977389],[-69.2980029,-33.0197595],[-69.29797993,-33.01975014],[-69.29794727,-33.01973547],[-69.29681581,-33.01933014],[-69.29518222,-33.01909014],[-69.29518763,-33.01909611],[-69.29598276,-33.01947171],[-69.29719631,-33.02131074],[-69.29725056,-33.02139295],[-69.29839795,-33.02215313],[-69.29953982,-33.02290964],[-69.30312298,-33.02512735],[-69.30316135,-33.0251511],[-69.30339528,-33.02523967],[-69.30667745,-33.0264823],[-69.31241626,-33.03097704],[-69.31118003,-33.03178529],[-69.31038803,-33.03207354],[-69.30690413,-33.03341786],[-69.30721603,-33.03371818],[-69.30808973,-33.03455941],[-69.30903686,-33.03547133],[-69.31021531,-33.03660593],[-69.31022645,-33.03661727],[-69.31025559,-33.0366546],[-69.31027704,-33.03669546],[-69.31029022,-33.03673873],[-69.31029475,-33.03678324],[-69.31029053,-33.03682778],[-69.31028941,-33.03683316],[-69.31011899,-33.03761049],[-69.30996028,-33.03833432],[-69.31055901,-33.03910866],[-69.31097124,-33.03964178],[-69.31172923,-33.04062206],[-69.31295237,-33.04126168],[-69.31366469,-33.04125989],[-69.31371,-33.04125978],[-69.31485432,-33.04125689],[-69.31489964,-33.04125678],[-69.31492617,-33.04125764],[-69.31497851,-33.04126486],[-69.31502873,-33.04127924],[-69.31507546,-33.04130038],[-69.31511741,-33.04132772],[-69.31515345,-33.04136049],[-69.3151826,-33.04139782],[-69.31520405,-33.04143868],[-69.31521723,-33.04148195],[-69.31522177,-33.04152647],[-69.31521754,-33.041571],[-69.31520468,-33.04161434],[-69.31518352,-33.04165531],[-69.31515464,-33.04169278],[-69.31511883,-33.04172574],[-69.31507707,-33.04175329],[-69.31503049,-33.04177467],[-69.31498038,-33.0417893],[-69.31492808,-33.04179678],[-69.31490157,-33.04179777],[-69.31485625,-33.04179789],[-69.31371192,-33.04180077],[-69.3136666,-33.04180089],[-69.31286218,-33.04180291],[-69.31283565,-33.04180205],[-69.31278331,-33.04179483],[-69.31273309,-33.04178045],[-69.31269182,-33.04176222],[-69.31132971,-33.04104992],[-69.31132425,-33.04104701],[-69.3112823,-33.04101967],[-69.31124626,-33.04098689],[-69.31122999,-33.04096774],[-69.31043301,-33.03993702],[-69.31002078,-33.03940389],[-69.30935207,-33.03853903],[-69.30933919,-33.03852086],[-69.30931774,-33.03848],[-69.30930457,-33.03843672],[-69.30930003,-33.03839221],[-69.30930426,-33.03834768],[-69.30930537,-33.03834229],[-69.30948737,-33.03751224],[-69.30962958,-33.03686363],[-69.30855346,-33.03582755],[-69.30760632,-33.03491562],[-69.30673263,-33.03407438],[-69.30577452,-33.03315184],[-69.30478392,-33.03222992],[-69.30381889,-33.03247375],[-69.30377684,-33.03248437],[-69.30316786,-33.03207561],[-69.30307569,-33.03201374],[-69.30307729,-33.03202022],[-69.30309589,-33.03209547],[-69.30309627,-33.03209706],[-69.303097,-33.03210019],[-69.30312219,-33.03221209],[-69.3031232,-33.0322168],[-69.30314611,-33.0323294],[-69.30314702,-33.0323341],[-69.30316765,-33.03244742],[-69.30316845,-33.03245209],[-69.3031868,-33.03256613],[-69.30318684,-33.03256637],[-69.30318749,-33.03257077],[-69.30320356,-33.03268553],[-69.30320416,-33.03269014],[-69.30321794,-33.03280561],[-69.3032188,-33.0328142],[-69.30321955,-33.03283189],[-69.30321893,-33.03284958],[-69.30321693,-33.03286721],[-69.30321356,-33.03288468],[-69.30320885,-33.03290193],[-69.30320281,-33.03291888],[-69.30319546,-33.03293547],[-69.30318684,-33.03295161],[-69.30317699,-33.03296724],[-69.30316595,-33.0329823],[-69.30315376,-33.03299672],[-69.30314047,-33.03301044],[-69.30312615,-33.03302339],[-69.30311085,-33.03303553],[-69.30309465,-33.0330468],[-69.3030776,-33.03305715],[-69.30305979,-33.03306654],[-69.30304128,-33.03307493],[-69.30302217,-33.03308228],[-69.30300252,-33.03308856],[-69.30298243,-33.03309375],[-69.30296198,-33.03309782],[-69.30294125,-33.03310075],[-69.30292035,-33.03310254],[-69.30289935,-33.03310317],[-69.30287834,-33.03310264],[-69.30285742,-33.03310096],[-69.30283668,-33.03309812],[-69.3028162,-33.03309415],[-69.30279607,-33.03308906],[-69.30277638,-33.03308288],[-69.30275722,-33.03307562],[-69.30273866,-33.03306732],[-69.30272078,-33.03305802],[-69.30270366,-33.03304775],[-69.30268738,-33.03303656],[-69.302672,-33.03302449],[-69.30265759,-33.03301161],[-69.30264421,-33.03299796],[-69.30263192,-33.0329836],[-69.30262078,-33.0329686],[-69.30261082,-33.03295301],[-69.30260209,-33.03293691],[-69.30259463,-33.03292036],[-69.30258847,-33.03290343],[-69.30258364,-33.03288621],[-69.30258016,-33.03286875],[-69.3025789,-33.03285973],[-69.30256539,-33.03274658],[-69.30254998,-33.03263646],[-69.30253238,-33.03252708],[-69.30251261,-33.03241844],[-69.30249065,-33.03231054],[-69.30246652,-33.03220336],[-69.30244022,-33.03209691],[-69.30241174,-33.03199119],[-69.30238108,-33.03188618],[-69.30234825,-33.03178188],[-69.30231325,-33.03167828],[-69.30227607,-33.03157539],[-69.30225331,-33.0315163],[-69.30223671,-33.0314732],[-69.30220191,-33.03138816],[-69.30222592,-33.03149955],[-69.30222863,-33.03151215],[-69.30156206,-33.03109355],[-69.30096414,-33.03071806],[-69.30077594,-33.03061277],[-69.30067228,-33.03055478],[-69.30009351,-33.03000709],[-69.29797754,-33.02813206],[-69.2949088,-33.02504769],[-69.29478076,-33.024919],[-69.29477089,-33.02491629],[-69.28756345,-33.02294005],[-69.28543282,-33.02217659],[-69.28231622,-33.02205563],[-69.2814536,-33.02198944],[-69.28069002,-33.02193086],[-69.27867075,-33.02178749],[-69.27776789,-33.02120528],[-69.27720438,-33.02068159],[-69.27652608,-33.02024967],[-69.27647148,-33.0202149],[-69.27667749,-33.02063628],[-69.27704316,-33.02102623],[-69.27751461,-33.0215266],[-69.27791269,-33.02163262],[-69.2779441,-33.02164253],[-69.2779908,-33.02166369],[-69.27803274,-33.02169104],[-69.27806876,-33.02172383],[-69.27809788,-33.02176116],[-69.27810119,-33.02176641],[-69.27856804,-33.02252794],[-69.2785747,-33.02253948],[-69.27893075,-33.02319474],[-69.27894221,-33.02321882],[-69.27895442,-33.02325762],[-69.27920626,-33.02439249],[-69.27920819,-33.0244027],[-69.27941916,-33.02568062],[-69.27985827,-33.02658426],[-69.28045102,-33.02743086],[-69.2804563,-33.02743869],[-69.28134731,-33.02881394],[-69.28184892,-33.0294503],[-69.28186341,-33.02947055],[-69.28187252,-33.02948575],[-69.28214137,-33.02997215],[-69.28215167,-33.02999302],[-69.28270524,-33.03126187],[-69.28299257,-33.03169899],[-69.2837057,-33.03234535],[-69.28468325,-33.03293496],[-69.28471315,-33.03295538],[-69.28474918,-33.03298817],[-69.28477831,-33.0330255],[-69.28479974,-33.03306637],[-69.2848129,-33.03310965],[-69.28481742,-33.03315416],[-69.28481319,-33.03319869],[-69.28480031,-33.03324203],[-69.28477913,-33.03328299],[-69.28475025,-33.03332046],[-69.28471443,-33.03335341],[-69.28467266,-33.03338094],[-69.28462609,-33.03340231],[-69.28457597,-33.03341693],[-69.28452368,-33.0334244],[-69.28447836,-33.03342451],[-69.28447064,-33.03342453],[-69.28442532,-33.03342463],[-69.28437299,-33.03341739],[-69.28432277,-33.033403],[-69.28427606,-33.03338185],[-69.28426402,-33.03337492],[-69.28326019,-33.03276946],[-69.28323029,-33.03274904],[-69.28321192,-33.03273368],[-69.28245009,-33.03204317],[-69.28243243,-33.03202575],[-69.28240438,-33.03199006],[-69.28208555,-33.03150501],[-69.2820656,-33.03146811],[-69.28150816,-33.03019035],[-69.28125519,-33.02973268],[-69.28075927,-33.02910354],[-69.28074492,-33.0290835],[-69.27984981,-33.02770192],[-69.27924799,-33.02684235],[-69.27924258,-33.02683431],[-69.2792274,-33.02680741],[-69.2787642,-33.02585417],[-69.27875794,-33.02584021],[-69.27874478,-33.02579693],[-69.27874332,-33.02578896],[-69.27852783,-33.02448357],[-69.2782851,-33.0233898],[-69.27794864,-33.02277059],[-69.27754653,-33.02211466],[-69.27718208,-33.02201759],[-69.27715066,-33.02200767],[-69.27710396,-33.02198652],[-69.27706202,-33.02195917],[-69.27702738,-33.02192785],[-69.2764944,-33.02136218],[-69.27610304,-33.02094482],[-69.27607346,-33.020907],[-69.27606238,-33.02088814],[-69.27579019,-33.02037583],[-69.27556524,-33.02010661],[-69.27519858,-33.01972256],[-69.27510008,-33.01968962],[-69.27509034,-33.0196862],[-69.27504364,-33.01966504],[-69.2750017,-33.01963769],[-69.27496569,-33.0196049],[-69.27495599,-33.0195939],[-69.27470728,-33.01929624],[-69.27468786,-33.01926991],[-69.27467425,-33.01924616],[-69.27471357,-33.01923418],[-69.2745758,-33.01896052],[-69.27327061,-33.01824722],[-69.27319522,-33.01822807],[-69.2730429,-33.0181894],[-69.27292762,-33.0182471],[-69.27292034,-33.01825074],[-69.27278809,-33.01837614],[-69.27264565,-33.01870963],[-69.27262631,-33.01874616],[-69.27259742,-33.01878363],[-69.27257308,-33.01880717],[-69.27244448,-33.01891794],[-69.27243301,-33.01892734],[-69.27239125,-33.01895487],[-69.27234468,-33.01897624],[-69.27229469,-33.01899083],[-69.27200348,-33.01905373],[-69.27195113,-33.01906122],[-69.27190583,-33.01906131],[-69.2718981,-33.01906133],[-69.27188882,-33.01906059],[-69.27149208,-33.01902397],[-69.27144903,-33.01901747],[-69.27139883,-33.01900308],[-69.27135213,-33.01898191],[-69.2713102,-33.01895456],[-69.27127335,-33.01892087],[-69.27117101,-33.01880874],[-69.27114356,-33.01877322],[-69.27112213,-33.01873235],[-69.27111869,-33.01872349],[-69.27097843,-33.01833986],[-69.27068964,-33.01811151],[-69.27019145,-33.01789069],[-69.26953304,-33.0177826],[-69.26951644,-33.01777949],[-69.26946418,-33.01776432],[-69.26903187,-33.01759957],[-69.26898929,-33.01757995],[-69.2689582,-33.0175606],[-69.2685425,-33.01726764],[-69.26853165,-33.01725964],[-69.26849563,-33.01722685],[-69.26848369,-33.01721312],[-69.26799488,-33.01661246],[-69.26782314,-33.01645717],[-69.26660014,-33.01582061],[-69.26659396,-33.01581731],[-69.26655203,-33.01578996],[-69.26651602,-33.01575717],[-69.2664869,-33.01571983],[-69.26647955,-33.01570774],[-69.26621839,-33.01525033],[-69.26620432,-33.01522155],[-69.26619305,-33.01518679],[-69.26608552,-33.01473971],[-69.2660133,-33.01443932],[-69.26594059,-33.01410718],[-69.26593567,-33.01406074],[-69.26593688,-33.01403654],[-69.2659699,-33.01371772],[-69.26584648,-33.01357916],[-69.26571923,-33.01343091],[-69.2655953,-33.01328099],[-69.26547625,-33.01313143],[-69.26547244,-33.01312653],[-69.26540581,-33.01303874],[-69.2654016,-33.01303303],[-69.26533639,-33.01294222],[-69.26533249,-33.01293665],[-69.26526857,-33.01284263],[-69.26526509,-33.01283738],[-69.2652022,-33.01273977],[-69.26519894,-33.01273457],[-69.26513717,-33.01263351],[-69.26513421,-33.01262853],[-69.26507317,-33.01252341],[-69.26507049,-33.01251869],[-69.26500874,-33.01240684],[-69.26494709,-33.01228983],[-69.26494426,-33.0122843],[-69.26483879,-33.01207133],[-69.26483591,-33.01206532],[-69.26472431,-33.0118238],[-69.26461678,-33.01157889],[-69.26434186,-33.01093691],[-69.26425871,-33.01075047],[-69.26418184,-33.01058528],[-69.26409094,-33.01040045],[-69.26400191,-33.01023134],[-69.2639129,-33.01007424],[-69.26382291,-33.00992725],[-69.26375154,-33.00981946],[-69.26367215,-33.00970767],[-69.26358375,-33.00959062],[-69.26348442,-33.00946586],[-69.2633912,-33.00935351],[-69.26328437,-33.00922861],[-69.26289344,-33.00878447],[-69.26274015,-33.00860685],[-69.26273634,-33.00860233],[-69.26258516,-33.00841938],[-69.26257989,-33.0084128],[-69.26245044,-33.00824591],[-69.26244563,-33.00823951],[-69.26237509,-33.00814275],[-69.2623712,-33.00813728],[-69.26230612,-33.00804309],[-69.2623021,-33.00803711],[-69.26224178,-33.00794448],[-69.26223794,-33.00793838],[-69.26218262,-33.00784767],[-69.26217851,-33.00784068],[-69.26212766,-33.00775104],[-69.26212359,-33.00774357],[-69.26207713,-33.00765483],[-69.26207316,-33.0076469],[-69.26203097,-33.00755883],[-69.26202716,-33.00755048],[-69.26198821,-33.00746068],[-69.26198393,-33.00744987],[-69.2619484,-33.00735302],[-69.26194342,-33.00733789],[-69.26191104,-33.00722725],[-69.26190822,-33.00721669],[-69.26188109,-33.00710481],[-69.26182068,-33.00683044],[-69.26180315,-33.00676078],[-69.26178607,-33.00670105],[-69.26176521,-33.00663825],[-69.26174376,-33.00658358],[-69.26172131,-33.00653515],[-69.2616967,-33.00649008],[-69.26166449,-33.00643786],[-69.26162832,-33.0063836],[-69.26158933,-33.0063292],[-69.26154761,-33.00627482],[-69.26150325,-33.00622063],[-69.26145639,-33.00616682],[-69.26140717,-33.00611356],[-69.26135572,-33.00606103],[-69.26130217,-33.00600936],[-69.26124675,-33.00595878],[-69.26118964,-33.00590948],[-69.26113106,-33.00586163],[-69.26108963,-33.00582962],[-69.26105831,-33.00582529],[-69.26102694,-33.00581629],[-69.26100812,-33.00581089],[-69.26096142,-33.00578972],[-69.2609195,-33.00576237],[-69.26088349,-33.00572957],[-69.26086153,-33.0057014],[-69.26084308,-33.00568943],[-69.26078465,-33.00565499],[-69.26071423,-33.0056181],[-69.26063739,-33.00558119],[-69.26041779,-33.00547997],[-69.26040619,-33.00547436],[-69.26028685,-33.00541378],[-69.2602755,-33.00540773],[-69.2601809,-33.00535417],[-69.26017218,-33.00534905],[-69.26008154,-33.00529396],[-69.26007308,-33.00528864],[-69.25998427,-33.00523082],[-69.2599761,-33.00522532],[-69.25988907,-33.00516475],[-69.25988123,-33.0051591],[-69.25979593,-33.00509575],[-69.2597899,-33.00509115],[-69.25970482,-33.00502382],[-69.25969767,-33.00501798],[-69.25961568,-33.00494893],[-69.2596089,-33.00494305],[-69.25952848,-33.00487108],[-69.25952208,-33.00486518],[-69.25944327,-33.00479034],[-69.25943725,-33.00478446],[-69.25935986,-33.00470658],[-69.25935423,-33.00470075],[-69.25927766,-33.00461919],[-69.25927294,-33.00461401],[-69.25919817,-33.00452982],[-69.25919328,-33.00452417],[-69.25911971,-33.0044367],[-69.25911519,-33.00443118],[-69.25904269,-33.00434029],[-69.25903851,-33.00433492],[-69.25896697,-33.00424046],[-69.25896313,-33.00423526],[-69.2588924,-33.00413705],[-69.25888776,-33.00413039],[-69.2587701,-33.00395595],[-69.25876614,-33.00394989],[-69.25864832,-33.00376108],[-69.25864407,-33.00375401],[-69.25852712,-33.00355242],[-69.2585236,-33.00354615],[-69.25840429,-33.00332639],[-69.25840166,-33.00332142],[-69.25829621,-33.00311636],[-69.25818166,-33.00288411],[-69.25779123,-33.00205983],[-69.25763219,-33.00173375],[-69.25754589,-33.00156423],[-69.25746301,-33.00140755],[-69.25738218,-33.00126109],[-69.25730273,-33.00112357],[-69.25720621,-33.00096531],[-69.25710989,-33.000817],[-69.257013,-33.00067733],[-69.2569151,-33.00054561],[-69.25681571,-33.00042106],[-69.25671466,-33.00030343],[-69.25661169,-33.0001923],[-69.2565066,-33.00008739],[-69.25647284,-33.00005629],[-69.25643611,-33.00002488],[-69.25634012,-32.9999503],[-69.25622551,-32.99986936],[-69.25596873,-32.99969769],[-69.25586037,-32.99962289],[-69.2558517,-32.99961668],[-69.25574553,-32.99953792],[-69.25574082,-32.99953435],[-69.2557328,-32.99952795],[-69.25564502,-32.99945536],[-69.25563271,-32.9994446],[-69.25558493,-32.99940045],[-69.25557447,-32.9993903],[-69.25553202,-32.99934694],[-69.2555268,-32.99934146],[-69.25552102,-32.99933504],[-69.25548359,-32.99929214],[-69.25547233,-32.99927836],[-69.25543974,-32.99923572],[-69.25542858,-32.99921998],[-69.2554002,-32.99917665],[-69.25539005,-32.99915965],[-69.25536674,-32.99911695],[-69.25535716,-32.99909743],[-69.25533841,-32.99905453],[-69.25533627,-32.99904949],[-69.25533034,-32.99903344],[-69.25531611,-32.99899026],[-69.255309,-32.99896351],[-69.25529769,-32.99890785],[-69.2552937,-32.99887861],[-69.25528947,-32.99881908],[-69.2552889,-32.99880357],[-69.25528911,-32.99879317],[-69.25529185,-32.99872893],[-69.25529383,-32.99870713],[-69.2553036,-32.99863699],[-69.25530608,-32.99862264],[-69.25532049,-32.99855507],[-69.25532333,-32.99854327],[-69.25534316,-32.99846942],[-69.2553463,-32.99845876],[-69.25543251,-32.99818911],[-69.25546115,-32.99808712],[-69.25547163,-32.99803998],[-69.25547868,-32.99799792],[-69.25548253,-32.99796122],[-69.25548368,-32.99792766],[-69.25548123,-32.9978457],[-69.25547433,-32.99776003],[-69.25546296,-32.99767193],[-69.25544702,-32.99758131],[-69.25542645,-32.99748813],[-69.25540115,-32.99739227],[-69.25537104,-32.99729366],[-69.255336,-32.99719215],[-69.25529629,-32.99708843],[-69.25525149,-32.99698154],[-69.25520149,-32.99687124],[-69.25514607,-32.99675717],[-69.25508518,-32.9966393],[-69.2550182,-32.99651644],[-69.25494454,-32.99638758],[-69.25486347,-32.99625146],[-69.25480298,-32.99615527],[-69.25473702,-32.99605713],[-69.25466457,-32.99595557],[-69.25458496,-32.99584971],[-69.25449854,-32.99574002],[-69.25440262,-32.99562304],[-69.25429502,-32.99549614],[-69.25416876,-32.99535111],[-69.25409545,-32.99527063],[-69.25401667,-32.99518969],[-69.2539304,-32.99510619],[-69.25383528,-32.99501893],[-69.25372976,-32.99492655],[-69.25360972,-32.99482552],[-69.25309765,-32.99441123],[-69.25297873,-32.99431268],[-69.25287487,-32.99422401],[-69.25287027,-32.99422],[-69.25275503,-32.99411744],[-69.2527492,-32.99411211],[-69.25264494,-32.99401421],[-69.25263854,-32.99400801],[-69.25254319,-32.9939128],[-69.25253637,-32.99390575],[-69.25244858,-32.99381186],[-69.25244167,-32.99380417],[-69.25236891,-32.99372005],[-69.25236218,-32.99371196],[-69.25228977,-32.9936215],[-69.25228401,-32.99361404],[-69.25221122,-32.9935163],[-69.25220639,-32.99350962],[-69.2521318,-32.99340272],[-69.25212823,-32.99339747],[-69.25206359,-32.99329987],[-69.25199279,-32.99318873],[-69.25177002,-32.99282593],[-69.25168803,-32.99269527],[-69.25160559,-32.99256975],[-69.25152978,-32.99246128],[-69.25144661,-32.9923512],[-69.25136555,-32.99225346],[-69.251285,-32.99216574],[-69.25120247,-32.99208521],[-69.25109627,-32.99199002],[-69.25098526,-32.99189586],[-69.25087108,-32.99180418],[-69.25075369,-32.99171496],[-69.25063309,-32.99162821],[-69.25050925,-32.9915439],[-69.25038217,-32.99146205],[-69.25025181,-32.99138263],[-69.25011817,-32.99130565],[-69.24998123,-32.9912311],[-69.24984097,-32.99115899],[-69.24969737,-32.99108931],[-69.24955043,-32.99102207],[-69.24940011,-32.99095727],[-69.24924642,-32.99089491],[-69.24918273,-32.99087062],[-69.24838661,-32.99081419],[-69.24835662,-32.99080355],[-69.24813598,-32.99078865],[-69.24808362,-32.99078139],[-69.24803812,-32.99076867],[-69.24776178,-32.99067153],[-69.24760732,-32.99061245],[-69.24756733,-32.99058656],[-69.24725759,-32.99035124],[-69.24722063,-32.99031771],[-69.24719153,-32.99028037],[-69.24717012,-32.9902395],[-69.24715835,-32.99020253],[-69.24706154,-32.98978156],[-69.24706018,-32.98977524],[-69.24705568,-32.98973073],[-69.24705762,-32.98970033],[-69.24720401,-32.98858568],[-69.24686123,-32.98723332],[-69.24652019,-32.9867878],[-69.24512063,-32.98568386],[-69.24508713,-32.98565301],[-69.24507048,-32.98563332],[-69.24427077,-32.98459171],[-69.24425832,-32.98457406],[-69.24423613,-32.98453122],[-69.2438884,-32.98364001],[-69.24387684,-32.98360066],[-69.24387523,-32.98359173],[-69.24378778,-32.98304619],[-69.24378489,-32.9830106],[-69.24378529,-32.98299637],[-69.24394412,-32.98033866],[-69.24378497,-32.97985639],[-69.24342438,-32.97937574],[-69.24306029,-32.97905065],[-69.24234985,-32.97871198],[-69.24233293,-32.97870332],[-69.24229103,-32.97867596],[-69.24225504,-32.97864316],[-69.24223129,-32.97861377],[-69.24182025,-32.97802534],[-69.24084302,-32.97768783],[-69.24083646,-32.9776855],[-69.24078979,-32.97766432],[-69.24074789,-32.97763696],[-69.2407119,-32.97760416],[-69.24068281,-32.97756682],[-69.2406614,-32.97752595],[-69.24065716,-32.97751485],[-69.24039203,-32.97676562],[-69.23937843,-32.97605659],[-69.23936656,-32.97604787],[-69.23933057,-32.97601507],[-69.23930148,-32.97597772],[-69.23929671,-32.97597004],[-69.2389143,-32.97532954],[-69.23820893,-32.9748904],[-69.23818278,-32.97487224],[-69.23814679,-32.97483944],[-69.23813578,-32.97482683],[-69.23742832,-32.97396589],[-69.23729632,-32.97392273],[-69.23617471,-32.97387532],[-69.23616456,-32.97386982],[-69.23570686,-32.97362192],[-69.23535996,-32.97334614],[-69.23535039,-32.97333992],[-69.23530142,-32.97330811],[-69.23528004,-32.97329422],[-69.23529552,-32.9732949],[-69.23459315,-32.97273652],[-69.23435897,-32.97266884],[-69.23411194,-32.97265216],[-69.23342054,-32.97260549],[-69.23341827,-32.97260425],[-69.2325105,-32.97211054],[-69.23200255,-32.97152908],[-69.23126466,-32.96995798],[-69.23089359,-32.96960533],[-69.23022869,-32.96942393],[-69.23023276,-32.96942984],[-69.23027097,-32.96948772],[-69.23027575,-32.96949532],[-69.2303106,-32.96955296],[-69.23031578,-32.96956193],[-69.23034801,-32.96962049],[-69.23035281,-32.96962964],[-69.23035756,-32.96963918],[-69.23038243,-32.96968912],[-69.23038682,-32.96969842],[-69.23041383,-32.96975882],[-69.23041775,-32.96976814],[-69.2304436,-32.96983495],[-69.23044823,-32.96984805],[-69.23047029,-32.96991675],[-69.2304738,-32.96992876],[-69.23049308,-32.97000189],[-69.23049568,-32.97001278],[-69.23051256,-32.97009214],[-69.23051413,-32.97010048],[-69.23052806,-32.97018295],[-69.23052932,-32.9701914],[-69.23054098,-32.97028044],[-69.2305418,-32.97028762],[-69.23055142,-32.9703848],[-69.23055192,-32.97039055],[-69.23056014,-32.97050231],[-69.23056072,-32.97051513],[-69.23056222,-32.97060336],[-69.23056166,-32.97062189],[-69.23055525,-32.97071158],[-69.23055317,-32.97073002],[-69.23053882,-32.97082353],[-69.23053721,-32.97083275],[-69.2305357,-32.97083989],[-69.23051321,-32.97093847],[-69.23050955,-32.97095251],[-69.23047851,-32.97105799],[-69.2304748,-32.9710695],[-69.23043407,-32.97118573],[-69.23043097,-32.97119408],[-69.23038197,-32.97131885],[-69.23023933,-32.97166435],[-69.23020212,-32.97176418],[-69.23017359,-32.97185087],[-69.23014707,-32.97194904],[-69.23012958,-32.97203914],[-69.23012452,-32.97207777],[-69.23012114,-32.97211698],[-69.23011966,-32.9721547],[-69.23012001,-32.97219315],[-69.23012799,-32.97238482],[-69.23013292,-32.97244931],[-69.23013915,-32.97250583],[-69.23014711,-32.97255814],[-69.23015641,-32.9726041],[-69.23016697,-32.97264451],[-69.23017837,-32.97267914],[-69.23018457,-32.97269413],[-69.23019198,-32.97270864],[-69.23020124,-32.97272383],[-69.23021271,-32.97273994],[-69.23022674,-32.97275712],[-69.23024371,-32.97277551],[-69.23026398,-32.97279519],[-69.23028573,-32.97281429],[-69.2303475,-32.97286195],[-69.23042646,-32.97291479],[-69.23052165,-32.97297227],[-69.23073685,-32.97309488],[-69.23082845,-32.97314879],[-69.23083734,-32.97315422],[-69.2309273,-32.97321115],[-69.23094022,-32.97321977],[-69.23101596,-32.97327304],[-69.23102777,-32.97328177],[-69.23107005,-32.97331476],[-69.23108051,-32.9733233],[-69.23111829,-32.97335558],[-69.23112933,-32.97336549],[-69.23116346,-32.97339775],[-69.23117486,-32.97340913],[-69.23120646,-32.97344254],[-69.23121698,-32.97345442],[-69.23124429,-32.9734871],[-69.23125556,-32.97350155],[-69.23127957,-32.97353459],[-69.23128906,-32.97354857],[-69.23131107,-32.97358399],[-69.23132085,-32.97360121],[-69.23133846,-32.97363522],[-69.23134609,-32.97365135],[-69.23136666,-32.97369929],[-69.23137116,-32.97371079],[-69.23138902,-32.9737603],[-69.231393,-32.97377233],[-69.23140913,-32.97382576],[-69.23141205,-32.97383629],[-69.23142676,-32.97389472],[-69.23142918,-32.97390536],[-69.23144943,-32.97400534],[-69.23145089,-32.97401329],[-69.23148692,-32.97423099],[-69.23150408,-32.97432069],[-69.23154997,-32.97452949],[-69.23160429,-32.97476627],[-69.23179518,-32.9755674],[-69.2318659,-32.97587059],[-69.23193232,-32.97616888],[-69.23198868,-32.9764395],[-69.23204932,-32.97676119],[-69.23205033,-32.97676695],[-69.23209899,-32.97706692],[-69.2321196,-32.97721362],[-69.23213735,-32.97735602],[-69.23215242,-32.97749528],[-69.23216483,-32.97763179],[-69.23217553,-32.97778114],[-69.23218292,-32.97792756],[-69.23218695,-32.97806853],[-69.23218703,-32.9780738],[-69.23218774,-32.97820968],[-69.2321877,-32.97821489],[-69.23218518,-32.97834781],[-69.232185,-32.97835352],[-69.23217926,-32.97848389],[-69.23217892,-32.97848981],[-69.23216995,-32.97861775],[-69.23216944,-32.97862387],[-69.23215723,-32.97874948],[-69.23215653,-32.9787558],[-69.23214106,-32.97887931],[-69.23214015,-32.97888581],[-69.23212142,-32.97900717],[-69.23212029,-32.97901384],[-69.23209806,-32.97913431],[-69.23209692,-32.97913994],[-69.23207162,-32.97925721],[-69.23207001,-32.97926416],[-69.23204141,-32.97937948],[-69.23203954,-32.97938656],[-69.23200763,-32.97949998],[-69.23200549,-32.97950715],[-69.23197025,-32.97961871],[-69.23196783,-32.97962596],[-69.23192926,-32.97973572],[-69.23192697,-32.97974194],[-69.2318928,-32.97983122],[-69.23189099,-32.9798358],[-69.23185382,-32.97992686],[-69.23185085,-32.97993382],[-69.23176805,-32.98011995],[-69.23176412,-32.98012836],[-69.2316692,-32.98032181],[-69.23166541,-32.98032923],[-69.23155737,-32.98053206],[-69.23155388,-32.98053839],[-69.23143499,-32.98074699],[-69.23143191,-32.98075226],[-69.2312948,-32.98097997],[-69.23113697,-32.9812313],[-69.23092908,-32.98155288],[-69.23092586,-32.98155774],[-69.23087492,-32.98163282],[-69.23086958,-32.9816404],[-69.23081315,-32.98171763],[-69.23080808,-32.98172433],[-69.23074562,-32.98180444],[-69.23074096,-32.98181024],[-69.23067137,-32.98189464],[-69.23066598,-32.98190098],[-69.23052443,-32.9820625],[-69.23052012,-32.9820673],[-69.23024633,-32.98236558],[-69.23014129,-32.98248262],[-69.23003907,-32.98260235],[-69.22995402,-32.98270961],[-69.22990953,-32.98277004],[-69.22986899,-32.98282878],[-69.22983265,-32.98288544],[-69.22980023,-32.98294033],[-69.22977144,-32.98299381],[-69.22974612,-32.98304601],[-69.2297241,-32.98309714],[-69.22970433,-32.98314978],[-69.22965143,-32.98330365],[-69.22961237,-32.98342286],[-69.22957943,-32.98353087],[-69.22955214,-32.98362924],[-69.22952919,-32.98372283],[-69.22951114,-32.98380956],[-69.22949771,-32.98389007],[-69.22948872,-32.98396454],[-69.22948389,-32.98403507],[-69.22948327,-32.98409947],[-69.22948655,-32.98415782],[-69.22949338,-32.98421015],[-69.22950331,-32.98425654],[-69.22951587,-32.98429716],[-69.22953057,-32.98433232],[-69.22954785,-32.98436409],[-69.22955585,-32.98437603],[-69.22956706,-32.98439029],[-69.22958107,-32.98440577],[-69.22959832,-32.98442256],[-69.22961916,-32.98444065],[-69.229644,-32.98446009],[-69.22967321,-32.98448087],[-69.22970589,-32.98450222],[-69.22977392,-32.98454245],[-69.22985844,-32.98458757],[-69.22994809,-32.98463219],[-69.23019208,-32.98474974],[-69.23020019,-32.98475378],[-69.23032831,-32.98481979],[-69.23033736,-32.98482463],[-69.23040206,-32.98486095],[-69.23041155,-32.98486649],[-69.23046837,-32.98490094],[-69.23047909,-32.98490773],[-69.23053052,-32.98494174],[-69.23054232,-32.98494994],[-69.23058883,-32.98498384],[-69.23059704,-32.98499004],[-69.23069503,-32.98506741],[-69.23070135,-32.98507254],[-69.23079646,-32.98515188],[-69.23080249,-32.98515705],[-69.23089601,-32.98523936],[-69.23090175,-32.98524455],[-69.23099368,-32.98532983],[-69.23099914,-32.98533502],[-69.23108948,-32.98542327],[-69.23109465,-32.98542845],[-69.23118339,-32.98551966],[-69.23118817,-32.98552469],[-69.23127541,-32.98561898],[-69.23128005,-32.98562412],[-69.23136556,-32.98572122],[-69.23136993,-32.98572631],[-69.23145382,-32.98582636],[-69.23145795,-32.9858314],[-69.23154021,-32.98593437],[-69.2315441,-32.98593936],[-69.23162472,-32.98604525],[-69.23162838,-32.98605017],[-69.23170736,-32.98615898],[-69.2317108,-32.98616383],[-69.23178813,-32.98627554],[-69.23179135,-32.98628031],[-69.23186777,-32.98639604],[-69.23187005,-32.9863996],[-69.23194547,-32.98651938],[-69.23202055,-32.98664429],[-69.23209383,-32.98677207],[-69.23216524,-32.9869026],[-69.2322348,-32.98703587],[-69.2323025,-32.98717186],[-69.23236833,-32.98731055],[-69.2324323,-32.98745192],[-69.23249441,-32.98759595],[-69.23255391,-32.98774075],[-69.23255542,-32.98774453],[-69.23261303,-32.98789192],[-69.23266954,-32.98804381],[-69.23272416,-32.98819826],[-69.23277689,-32.98835524],[-69.23282773,-32.98851471],[-69.23287667,-32.98867663],[-69.23292369,-32.98884096],[-69.23296838,-32.98900604],[-69.23296986,-32.98901184],[-69.23299739,-32.98912496],[-69.23299917,-32.98913286],[-69.23302389,-32.9892524],[-69.23302513,-32.98925894],[-69.233047,-32.9893847],[-69.23304803,-32.98939112],[-69.23306758,-32.9895259],[-69.23306827,-32.98953111],[-69.23308401,-32.9896605],[-69.23309914,-32.98980629],[-69.23314457,-32.99033101],[-69.23316572,-32.99054207],[-69.23319387,-32.99075884],[-69.23320932,-32.99085464],[-69.23322679,-32.99094892],[-69.23327966,-32.99123131],[-69.23339312,-32.99187977],[-69.23344859,-32.99216892],[-69.23348498,-32.99233927],[-69.23352193,-32.99249639],[-69.23356006,-32.99264306],[-69.23359967,-32.99278065],[-69.23364699,-32.99292799],[-69.23369691,-32.99306643],[-69.23374972,-32.99319705],[-69.23380558,-32.99332047],[-69.2338647,-32.99343733],[-69.2339271,-32.99354789],[-69.23399291,-32.99365252],[-69.23406238,-32.99375178],[-69.23409228,-32.9937904],[-69.23412556,-32.99382967],[-69.23416229,-32.99386956],[-69.23420271,-32.99391019],[-69.23424697,-32.99395164],[-69.23429544,-32.99399413],[-69.23434846,-32.99403789],[-69.23440568,-32.99408258],[-69.23451222,-32.99416059],[-69.23463794,-32.99424674],[-69.23476451,-32.9943296],[-69.23508608,-32.99453576],[-69.23525015,-32.99464515],[-69.23525627,-32.99464933],[-69.23533526,-32.99470472],[-69.23534058,-32.99470854],[-69.23541279,-32.99476145],[-69.23541873,-32.99476592],[-69.23548552,-32.99481737],[-69.23549185,-32.99482238],[-69.23555355,-32.99487263],[-69.23556083,-32.99487875],[-69.23562353,-32.99493319],[-69.23563159,-32.99494045],[-69.23568929,-32.99499438],[-69.23569768,-32.99500254],[-69.2357507,-32.99505626],[-69.23575804,-32.99506399],[-69.23580783,-32.99511906],[-69.23581647,-32.99512909],[-69.23586073,-32.99518303],[-69.23586927,-32.995194],[-69.23590932,-32.99524824],[-69.23591759,-32.99526011],[-69.23595407,-32.99531565],[-69.23596135,-32.9953275],[-69.23599321,-32.99538271],[-69.23599889,-32.99539311],[-69.23604134,-32.99547534],[-69.23604507,-32.99548289],[-69.23608466,-32.99556641],[-69.2360881,-32.995574],[-69.23612484,-32.99565879],[-69.23612733,-32.99566477],[-69.23616185,-32.99575248],[-69.2361647,-32.99576009],[-69.23619572,-32.99584745],[-69.23619827,-32.99585503],[-69.23622643,-32.99594367],[-69.23622868,-32.99595121],[-69.23625398,-32.99604114],[-69.23625596,-32.99604862],[-69.2362784,-32.99613982],[-69.23628009,-32.99614722],[-69.23629993,-32.99624091],[-69.2363011,-32.99624701],[-69.23631783,-32.99634078],[-69.236319,-32.99634798],[-69.23633287,-32.99644303],[-69.23633379,-32.9964501],[-69.2363448,-32.99654643],[-69.23634549,-32.99655337],[-69.23635364,-32.99665098],[-69.23635411,-32.99665778],[-69.2363594,-32.99675668],[-69.23635966,-32.99676332],[-69.2363621,-32.9968635],[-69.23636216,-32.99686921],[-69.23636174,-32.99697144],[-69.23635749,-32.99701442],[-69.23634459,-32.99705775],[-69.2363234,-32.99709871],[-69.2362945,-32.99713616],[-69.23625868,-32.9971691],[-69.23621692,-32.99719662],[-69.23617035,-32.99721797],[-69.23612024,-32.99723257],[-69.23606797,-32.99724002],[-69.23601495,-32.99724012],[-69.23596264,-32.99723287],[-69.23591246,-32.99721846],[-69.23586577,-32.99719728],[-69.23582386,-32.99716992],[-69.23578787,-32.99713712],[-69.23575877,-32.99709977],[-69.23573737,-32.9970589],[-69.23572424,-32.99701562],[-69.23571974,-32.99697033],[-69.23572015,-32.99687134],[-69.23571787,-32.99677774],[-69.23571294,-32.99668557],[-69.23570536,-32.99659483],[-69.23569515,-32.99650552],[-69.23568232,-32.99641761],[-69.23566689,-32.9963311],[-69.23564886,-32.99624597],[-69.23562825,-32.99616222],[-69.23560507,-32.99607981],[-69.23557931,-32.99599874],[-69.235551,-32.99591898],[-69.23552012,-32.99584052],[-69.23548668,-32.99576333],[-69.23545069,-32.99568739],[-69.23541289,-32.99561416],[-69.23538772,-32.99557054],[-69.23535988,-32.99552816],[-69.23532827,-32.99548534],[-69.23529262,-32.99544191],[-69.23525272,-32.99539775],[-69.2352082,-32.99535265],[-69.23515874,-32.99530642],[-69.23510373,-32.99525866],[-69.23504892,-32.99521403],[-69.2349885,-32.99516748],[-69.23492193,-32.9951187],[-69.23484866,-32.99506731],[-69.23469252,-32.99496319],[-69.23437324,-32.99475851],[-69.23424127,-32.99467212],[-69.23423567,-32.99466838],[-69.23410312,-32.99457754],[-69.2340951,-32.99457186],[-69.23398073,-32.99448811],[-69.23397375,-32.99448285],[-69.23390885,-32.99443218],[-69.23390243,-32.99442702],[-69.23384278,-32.99437779],[-69.23383595,-32.99437198],[-69.23378047,-32.99432333],[-69.23377331,-32.99431684],[-69.23372174,-32.99426856],[-69.23371432,-32.99426137],[-69.2336664,-32.99421318],[-69.23365918,-32.99420565],[-69.23361446,-32.9941571],[-69.23360682,-32.99414845],[-69.23356591,-32.99410017],[-69.23355831,-32.99409079],[-69.23352076,-32.99404229],[-69.2335131,-32.9940319],[-69.23343623,-32.99392206],[-69.23342992,-32.99391261],[-69.23335661,-32.99379606],[-69.23335036,-32.99378558],[-69.23328213,-32.99366471],[-69.23327672,-32.99365459],[-69.23321259,-32.99352782],[-69.23320796,-32.99351814],[-69.23314783,-32.9933853],[-69.23314415,-32.99337672],[-69.23308751,-32.99323663],[-69.23308422,-32.99322804],[-69.23303132,-32.99308131],[-69.2330286,-32.99307333],[-69.23297889,-32.99291855],[-69.23297679,-32.99291166],[-69.23293534,-32.99276768],[-69.23293372,-32.99276178],[-69.23289414,-32.99260951],[-69.23289283,-32.99260421],[-69.23285419,-32.99243978],[-69.23281576,-32.99225988],[-69.23275868,-32.9919624],[-69.23264505,-32.99131293],[-69.2325926,-32.99103282],[-69.23257456,-32.99093547],[-69.23257364,-32.99093017],[-69.23255719,-32.99082821],[-69.23255617,-32.9908212],[-69.23252714,-32.99059759],[-69.23252637,-32.99059092],[-69.23250459,-32.99037345],[-69.23245924,-32.98984954],[-69.23244493,-32.98971168],[-69.23242999,-32.98958893],[-69.23241129,-32.98945998],[-69.23239059,-32.98934103],[-69.23236757,-32.98922971],[-69.23234171,-32.98912343],[-69.23229871,-32.98896451],[-69.23225358,-32.98880681],[-69.2322067,-32.98865166],[-69.23215806,-32.98849911],[-69.23210771,-32.98834921],[-69.23205565,-32.988202],[-69.2320019,-32.9880575],[-69.23194648,-32.98791576],[-69.23188942,-32.98777683],[-69.23183072,-32.9876407],[-69.2317704,-32.98750741],[-69.23170849,-32.98737698],[-69.231645,-32.98724944],[-69.23157994,-32.98712478],[-69.23151334,-32.98700305],[-69.23144521,-32.98688424],[-69.23137563,-32.98676847],[-69.23130456,-32.98665565],[-69.23123202,-32.98654578],[-69.23115802,-32.98643889],[-69.23108259,-32.98633497],[-69.23100574,-32.98623404],[-69.23092749,-32.98613608],[-69.23084785,-32.98604111],[-69.23076685,-32.98594913],[-69.2306845,-32.98586012],[-69.23060081,-32.9857741],[-69.23051579,-32.98569105],[-69.23042946,-32.98561096],[-69.23034183,-32.98553383],[-69.2302529,-32.98545965],[-69.23016409,-32.98538951],[-69.2301282,-32.98536336],[-69.23008806,-32.98533681],[-69.23004136,-32.9853085],[-69.22998817,-32.98527863],[-69.22986941,-32.98521744],[-69.22962561,-32.98509997],[-69.22952774,-32.98505128],[-69.22951915,-32.98504686],[-69.2294224,-32.98499518],[-69.22941141,-32.98498897],[-69.22933095,-32.98494139],[-69.22931869,-32.98493377],[-69.22927467,-32.98490502],[-69.22926421,-32.98489788],[-69.2292241,-32.98486934],[-69.22921356,-32.9848615],[-69.22917633,-32.98483238],[-69.22916441,-32.98482255],[-69.22913137,-32.98479387],[-69.229119,-32.9847825],[-69.22908924,-32.98475353],[-69.22907787,-32.98474181],[-69.22905017,-32.98471121],[-69.22903779,-32.98469654],[-69.22901441,-32.9846668],[-69.22900256,-32.9846505],[-69.22898104,-32.98461836],[-69.22896995,-32.98459989],[-69.22894094,-32.98454653],[-69.22893,-32.98452373],[-69.22890566,-32.9844655],[-69.2288981,-32.98444458],[-69.22887905,-32.98438298],[-69.22887378,-32.9843628],[-69.22885939,-32.98429556],[-69.22885651,-32.98427854],[-69.22884739,-32.98420858],[-69.22884583,-32.98419185],[-69.22884165,-32.9841176],[-69.2288413,-32.98410398],[-69.22884206,-32.98402397],[-69.22884258,-32.98401056],[-69.22884828,-32.98392744],[-69.22884939,-32.98391568],[-69.22885971,-32.98383018],[-69.22886119,-32.98381989],[-69.22887624,-32.98372968],[-69.22887766,-32.98372199],[-69.22889778,-32.98362532],[-69.22889959,-32.98361733],[-69.22892435,-32.98351632],[-69.22892614,-32.98350948],[-69.22895518,-32.9834048],[-69.22895686,-32.98339904],[-69.22899213,-32.9832835],[-69.22903377,-32.98315637],[-69.22908888,-32.98299604],[-69.22909116,-32.98298969],[-69.22911413,-32.98292851],[-69.22911634,-32.98292287],[-69.22911843,-32.98291785],[-69.22914491,-32.98285636],[-69.22914952,-32.98284629],[-69.22917957,-32.98278434],[-69.22918439,-32.98277491],[-69.22921809,-32.98271233],[-69.22922303,-32.98270357],[-69.22926042,-32.98264027],[-69.22926527,-32.9826324],[-69.22930668,-32.98256782],[-69.22931158,-32.98256045],[-69.22935696,-32.98249469],[-69.22936171,-32.98248803],[-69.22941148,-32.98242045],[-69.22941732,-32.98241281],[-69.22950846,-32.98229786],[-69.22951479,-32.98229016],[-69.22962249,-32.98216402],[-69.22962703,-32.98215883],[-69.2297365,-32.98203687],[-69.23001023,-32.98173864],[-69.23014691,-32.98158269],[-69.23021148,-32.98150438],[-69.23026908,-32.98143051],[-69.2303203,-32.98136043],[-69.23036701,-32.98129159],[-69.23057152,-32.98097524],[-69.23072492,-32.98073102],[-69.2308579,-32.9805101],[-69.23097348,-32.98030729],[-69.23107787,-32.98011133],[-69.23116891,-32.97992578],[-69.23124829,-32.97974735],[-69.23128287,-32.97966262],[-69.23131491,-32.97957893],[-69.23135112,-32.9794759],[-69.23138408,-32.97937155],[-69.23141399,-32.97926525],[-69.23144085,-32.97915695],[-69.23146466,-32.97904657],[-69.23148542,-32.97893404],[-69.23150314,-32.97881926],[-69.23151781,-32.97870215],[-69.23152941,-32.97858277],[-69.23153796,-32.97846086],[-69.23154344,-32.97833631],[-69.23154586,-32.978209],[-69.23154518,-32.9780788],[-69.23154141,-32.97794552],[-69.23153451,-32.97780897],[-69.23152446,-32.97766878],[-69.2315128,-32.97754052],[-69.23149856,-32.97740887],[-69.2314817,-32.97727368],[-69.23146228,-32.97713537],[-69.23141486,-32.97684317],[-69.23135564,-32.97652887],[-69.2313008,-32.97626556],[-69.23123557,-32.97597268],[-69.23116564,-32.97567284],[-69.23097456,-32.9748709],[-69.23091932,-32.97463012],[-69.23087229,-32.97441613],[-69.23087122,-32.97441095],[-69.23085272,-32.97431427],[-69.23085171,-32.97430859],[-69.23081588,-32.97409213],[-69.23079758,-32.97400176],[-69.23078553,-32.97395392],[-69.23077281,-32.97391177],[-69.23075952,-32.97387496],[-69.23074607,-32.97384364],[-69.23073712,-32.97382634],[-69.23072662,-32.97380942],[-69.23071363,-32.97379156],[-69.23069775,-32.97377255],[-69.2306786,-32.97375231],[-69.23065572,-32.97373069],[-69.23062872,-32.97370762],[-69.23059841,-32.97368398],[-69.23053534,-32.97363962],[-69.23045637,-32.97358964],[-69.23037337,-32.97354076],[-69.23015863,-32.97341844],[-69.23015143,-32.97341422],[-69.23004623,-32.97335069],[-69.23003358,-32.97334265],[-69.22993959,-32.97327975],[-69.22992246,-32.97326744],[-69.22984462,-32.97320738],[-69.2298298,-32.97319518],[-69.22979534,-32.9731649],[-69.22978461,-32.973155],[-69.22975343,-32.97312474],[-69.22974266,-32.97311371],[-69.22971437,-32.97308306],[-69.22970332,-32.97307033],[-69.22967833,-32.97303972],[-69.22966752,-32.97302555],[-69.22964548,-32.97299459],[-69.22963874,-32.97298467],[-69.22963522,-32.97297906],[-69.22961611,-32.97294771],[-69.22960673,-32.97293094],[-69.2295905,-32.97289913],[-69.22958229,-32.97288134],[-69.22956877,-32.97284867],[-69.22956268,-32.97283223],[-69.22954618,-32.9727821],[-69.22954202,-32.97276797],[-69.22952796,-32.97271415],[-69.22952502,-32.9727015],[-69.22951326,-32.97264343],[-69.22951133,-32.97263251],[-69.22950182,-32.97256994],[-69.22950059,-32.97256057],[-69.22949342,-32.97249556],[-69.22949271,-32.97248793],[-69.22948719,-32.97241566],[-69.22948672,-32.97240774],[-69.22947843,-32.97220843],[-69.22947824,-32.97220105],[-69.2294778,-32.97215261],[-69.22947797,-32.97214229],[-69.22947988,-32.97209372],[-69.22948055,-32.97208311],[-69.22948482,-32.97203355],[-69.22948591,-32.97202346],[-69.22949255,-32.97197277],[-69.22949482,-32.97195876],[-69.22951529,-32.97185331],[-69.22951906,-32.97183707],[-69.22954945,-32.97172459],[-69.22955312,-32.97171232],[-69.22958511,-32.97161514],[-69.22958818,-32.97160638],[-69.22962848,-32.97149826],[-69.22963123,-32.97149124],[-69.22977425,-32.97114484],[-69.22982002,-32.97102827],[-69.22985727,-32.97092195],[-69.22988455,-32.97082925],[-69.22990357,-32.97074588],[-69.22991525,-32.97066978],[-69.22992028,-32.97059943],[-69.22991908,-32.97052938],[-69.22991154,-32.97042691],[-69.22990257,-32.97033619],[-69.22989194,-32.97025496],[-69.22987954,-32.97018155],[-69.22986512,-32.97011382],[-69.22984886,-32.97005215],[-69.22983084,-32.96999602],[-69.22981068,-32.96994386],[-69.22978835,-32.9698939],[-69.22976704,-32.96985113],[-69.22976332,-32.96984365],[-69.22973608,-32.96979415],[-69.22970659,-32.96974538],[-69.22967483,-32.96969729],[-69.22964077,-32.96964987],[-69.22960438,-32.96960308],[-69.22956562,-32.96955691],[-69.22952444,-32.96951133],[-69.22948083,-32.96946634],[-69.22943472,-32.96942192],[-69.2293861,-32.96937807],[-69.22934212,-32.96934088],[-69.22888851,-32.96936317],[-69.22876169,-32.96935083],[-69.22866497,-32.96932826],[-69.22864184,-32.96932951],[-69.22777436,-32.96904225],[-69.22733961,-32.96901909],[-69.22678901,-32.96898977],[-69.22462538,-32.96743773],[-69.22308954,-32.96670664],[-69.22029118,-32.96465323],[-69.22001035,-32.96463721],[-69.2193349,-32.9647928],[-69.21784801,-32.96434212],[-69.21605579,-32.96374947],[-69.21524129,-32.96339302],[-69.21417968,-32.96324574],[-69.21166621,-32.96247467],[-69.21078113,-32.96217796],[-69.20996872,-32.96268629],[-69.20929807,-32.96331366],[-69.20834428,-32.96388186],[-69.20703595,-32.9641226],[-69.20586933,-32.96445256],[-69.2045614,-32.96487221],[-69.20342992,-32.96511263],[-69.20286432,-32.96529247],[-69.20205122,-32.96553236],[-69.20102613,-32.96589187],[-69.20010675,-32.96607227],[-69.19978857,-32.96616225],[-69.19943494,-32.96622246],[-69.19929336,-32.96625452],[-69.19929412,-32.9662421],[-69.19915122,-32.96562205],[-69.19912201,-32.96521653],[-69.19872463,-32.96469231],[-69.1985254,-32.96419163],[-69.1967311,-32.96293728],[-69.19673963,-32.96290617],[-69.19668114,-32.96290236],[-69.19654051,-32.96289318],[-69.1965967,-32.96226226],[-69.19600167,-32.9619292],[-69.19495459,-32.96193084],[-69.19382302,-32.96212345],[-69.19297439,-32.96229177],[-69.19141786,-32.9622703],[-69.1908926,-32.9625244],[-69.1897384,-32.962449],[-69.18972423,-32.96242271],[-69.18971089,-32.96240282],[-69.18971762,-32.96225414],[-69.18974035,-32.96183503],[-69.18956994,-32.96154901],[-69.18946345,-32.96137621],[-69.18944915,-32.96130466],[-69.18926511,-32.96126319],[-69.18913055,-32.96119778],[-69.18898884,-32.96109661],[-69.18879775,-32.96106707],[-69.18868451,-32.96104339],[-69.18845778,-32.96088866],[-69.18840494,-32.9609997],[-69.18832383,-32.96110954],[-69.18829244,-32.9612361],[-69.18825331,-32.96131832],[-69.18816092,-32.96136751],[-69.1880786,-32.96136244],[-69.18799975,-32.96136929],[-69.18793351,-32.96138602],[-69.18775906,-32.96149229],[-69.18759836,-32.961572],[-69.18745075,-32.96162102],[-69.1872818,-32.96165627],[-69.18717612,-32.96168742],[-69.18697858,-32.96176132],[-69.18686832,-32.96180022],[-69.18667531,-32.96184312],[-69.1864731,-32.96188604],[-69.18629853,-32.96195215],[-69.18601375,-32.96208041],[-69.18588975,-32.96214645],[-69.18583468,-32.96219301],[-69.18575152,-32.96230731],[-69.1856633,-32.96238781],[-69.18557377,-32.96243475],[-69.18553732,-32.96245623],[-69.18551771,-32.96248958],[-69.18551323,-32.96252878],[-69.18552379,-32.96256603],[-69.18555207,-32.96259542],[-69.18559275,-32.9626117],[-69.185663,-32.96261622],[-69.18577988,-32.96260015],[-69.18616669,-32.96250874],[-69.18630381,-32.96247806],[-69.18643543,-32.96246329],[-69.18652542,-32.9625235],[-69.18659217,-32.96254184],[-69.18683002,-32.9625605],[-69.18721758,-32.96263081],[-69.18734647,-32.96264704],[-69.18755551,-32.96264982],[-69.18764976,-32.9626555],[-69.18775032,-32.96268082],[-69.18782543,-32.96270604],[-69.18787866,-32.96272847],[-69.18793842,-32.96276447],[-69.18797025,-32.96280696],[-69.18798015,-32.96284475],[-69.18788111,-32.96293667],[-69.18781822,-32.96299698],[-69.1877527,-32.96307326],[-69.18770927,-32.96316355],[-69.18769476,-32.96319752],[-69.18765991,-32.96321986],[-69.18761565,-32.96322649],[-69.18757163,-32.96321758],[-69.18753345,-32.96321071],[-69.18750306,-32.96323049],[-69.18737869,-32.96342413],[-69.18728255,-32.96358262],[-69.18725983,-32.96362102],[-69.18724851,-32.96365925],[-69.18725112,-32.96369828],[-69.18728132,-32.96375092],[-69.18739257,-32.96385948],[-69.18778558,-32.96414784],[-69.18784036,-32.96418569],[-69.18790672,-32.96420659],[-69.18806047,-32.96422502],[-69.18814003,-32.96422263],[-69.18821013,-32.96420698],[-69.18826913,-32.96418201],[-69.18844339,-32.96411141],[-69.18850599,-32.96408347],[-69.18855683,-32.96408516],[-69.18858642,-32.96411311],[-69.18859764,-32.96418151],[-69.18857559,-32.96422509],[-69.1885277,-32.96427181],[-69.18840974,-32.96434352],[-69.18825861,-32.96444016],[-69.18819231,-32.96450557],[-69.18814018,-32.96458294],[-69.18813411,-32.96461988],[-69.18810813,-32.96464664],[-69.18806688,-32.96465255],[-69.18802161,-32.96464314],[-69.18787571,-32.96456783],[-69.18780368,-32.96453277],[-69.18776837,-32.96452463],[-69.18773033,-32.96452641],[-69.18772265,-32.96456583],[-69.18769725,-32.96458582],[-69.18765276,-32.96459108],[-69.18720881,-32.96451358],[-69.18716231,-32.96450523],[-69.18713273,-32.96450816],[-69.18710922,-32.96453914],[-69.18712182,-32.96457243],[-69.18715108,-32.96460485],[-69.18728238,-32.96469109],[-69.1873321,-32.96473346],[-69.18736081,-32.96476556],[-69.18737107,-32.96480948],[-69.18734025,-32.96483257],[-69.18730444,-32.96483145],[-69.18718143,-32.96481344],[-69.18713656,-32.9648107],[-69.187095,-32.96480516],[-69.18705675,-32.96479122],[-69.1869606,-32.96473709],[-69.18684383,-32.96469072],[-69.18672434,-32.96465882],[-69.18666715,-32.96465106],[-69.186599,-32.96466482],[-69.18653987,-32.96469631],[-69.1864984,-32.96470754],[-69.18634453,-32.96466297],[-69.18627528,-32.96464752],[-69.1862036,-32.96464317],[-69.18615629,-32.96464748],[-69.18611221,-32.96465981],[-69.18607539,-32.96468312],[-69.18605095,-32.96471592],[-69.18604244,-32.96475412],[-69.18605065,-32.96479246],[-69.18611419,-32.96487629],[-69.18618424,-32.96498124],[-69.18619915,-32.96501497],[-69.18618649,-32.96504688],[-69.186151,-32.96506375],[-69.18605453,-32.96506802],[-69.18594375,-32.96508134],[-69.18585376,-32.96511906],[-69.18578813,-32.96515701],[-69.18574682,-32.96519165],[-69.18569416,-32.96525917],[-69.18567736,-32.96529512],[-69.18568331,-32.96532884],[-69.18571415,-32.96535161],[-69.18597103,-32.96533195],[-69.18604155,-32.96532896],[-69.18608936,-32.96533404],[-69.18613168,-32.96534822],[-69.18617934,-32.96539094],[-69.18627504,-32.96549325],[-69.18629625,-32.96554446],[-69.18629384,-32.96557793],[-69.18624304,-32.96561774],[-69.18617116,-32.965667],[-69.18614377,-32.96568858],[-69.18608224,-32.96574444],[-69.18604431,-32.9657647],[-69.18600047,-32.96576672],[-69.18587301,-32.96571728],[-69.18583161,-32.96570186],[-69.18579046,-32.96569007],[-69.18572179,-32.9656907],[-69.18572808,-32.96574927],[-69.18578217,-32.96593934],[-69.18575191,-32.96595619],[-69.18570875,-32.96594592],[-69.18555196,-32.96584606],[-69.1854692,-32.96578177],[-69.18516204,-32.96548127],[-69.18505205,-32.96534277],[-69.18501923,-32.96530377],[-69.18498648,-32.96527211],[-69.18495746,-32.96525437],[-69.18490774,-32.96524852],[-69.18486313,-32.96525797],[-69.18483075,-32.96528201],[-69.18477531,-32.96547207],[-69.18476395,-32.96550656],[-69.18474954,-32.96553378],[-69.18472118,-32.96555497],[-69.18467022,-32.9655527],[-69.1846172,-32.96551439],[-69.18457154,-32.96546784],[-69.18453483,-32.96541601],[-69.18448042,-32.96526168],[-69.18446027,-32.96522579],[-69.18442851,-32.96519819],[-69.18438683,-32.96518249],[-69.18434151,-32.96518054],[-69.18430027,-32.96519454],[-69.18427029,-32.96522273],[-69.18425585,-32.96525938],[-69.18425528,-32.96532222],[-69.18428666,-32.96544767],[-69.184362,-32.96560759],[-69.18442077,-32.9657922],[-69.18446444,-32.96587452],[-69.18447636,-32.96590546],[-69.18448276,-32.96594272],[-69.18447297,-32.96604875],[-69.18447045,-32.96610139],[-69.18446039,-32.96612803],[-69.18441561,-32.96616483],[-69.18435622,-32.96616592],[-69.18424171,-32.96610173],[-69.18419993,-32.96606346],[-69.18417226,-32.96601989],[-69.18416819,-32.96599429],[-69.18416654,-32.96585391],[-69.18415778,-32.96580643],[-69.18413063,-32.96577999],[-69.18408805,-32.96577197],[-69.18397514,-32.96579542],[-69.18393336,-32.96581167],[-69.18390084,-32.96583928],[-69.18383377,-32.96601131],[-69.18380888,-32.96604948],[-69.18378085,-32.96607713],[-69.18374809,-32.96608375],[-69.18371688,-32.96608249],[-69.18365755,-32.96606811],[-69.18356861,-32.96607219],[-69.18352545,-32.9660614],[-69.18349473,-32.96603999],[-69.18349216,-32.96599457],[-69.18358152,-32.96589334],[-69.18360223,-32.96585888],[-69.18360564,-32.96582082],[-69.18359346,-32.96578312],[-69.18356893,-32.9657497],[-69.1835149,-32.96571177],[-69.18347265,-32.96569586],[-69.18342904,-32.96569566],[-69.18338838,-32.9657128],[-69.18333378,-32.96576521],[-69.1832902,-32.9658218],[-69.18326843,-32.96587935],[-69.18325352,-32.96597659],[-69.18324333,-32.96601522],[-69.18320995,-32.9660715],[-69.18313659,-32.96614002],[-69.18310732,-32.96615845],[-69.18306911,-32.96616972],[-69.18302622,-32.96615312],[-69.18299585,-32.9661248],[-69.18295751,-32.96607423],[-69.18294139,-32.96603799],[-69.18294099,-32.96600266],[-69.18299263,-32.96586797],[-69.18301526,-32.96580301],[-69.18302686,-32.96575427],[-69.18302251,-32.96569116],[-69.18298739,-32.96560234],[-69.18295327,-32.96555199],[-69.18288722,-32.96549072],[-69.18285297,-32.96546321],[-69.18281308,-32.96544291],[-69.18274438,-32.96543224],[-69.18267412,-32.96544083],[-69.18260816,-32.96546299],[-69.18239878,-32.96562562],[-69.18233075,-32.96571804],[-69.18230073,-32.96575221],[-69.18226605,-32.96576493],[-69.18223247,-32.96575621],[-69.18222201,-32.96572893],[-69.18222425,-32.9656948],[-69.18225396,-32.96555955],[-69.1822557,-32.96544943],[-69.18226428,-32.96539044],[-69.18228241,-32.96535571],[-69.18232173,-32.96530388],[-69.18234997,-32.9652095],[-69.18237802,-32.96515565],[-69.18245781,-32.96507732],[-69.18250928,-32.9650376],[-69.18257295,-32.96499902],[-69.18271786,-32.96495798],[-69.18276431,-32.96494496],[-69.18275711,-32.96491718],[-69.18271904,-32.96489821],[-69.18253342,-32.96486309],[-69.18240306,-32.96484611],[-69.18213345,-32.96485169],[-69.18189025,-32.96486559],[-69.18178502,-32.96488149],[-69.1817375,-32.96489758],[-69.18167962,-32.96494115],[-69.1816549,-32.96495429],[-69.18161535,-32.96495385],[-69.18159086,-32.96493442],[-69.18154727,-32.9648784],[-69.18151598,-32.9648567],[-69.18147084,-32.96484056],[-69.18140292,-32.96482522],[-69.18127862,-32.9648191],[-69.18083567,-32.96483095],[-69.18061692,-32.96485237],[-69.1804059,-32.96489342],[-69.18030925,-32.96492043],[-69.18022859,-32.96494902],[-69.18016964,-32.96497639],[-69.18013547,-32.96500081],[-69.18011038,-32.96503692],[-69.18008317,-32.96511473],[-69.18004817,-32.96516278],[-69.18000639,-32.96518416],[-69.17987782,-32.9651957],[-69.1797777,-32.96523523],[-69.17974215,-32.96524205],[-69.17970031,-32.96524006],[-69.17966848,-32.96522503],[-69.1795852,-32.9651631],[-69.17947133,-32.96507878],[-69.17943743,-32.96504693],[-69.17941806,-32.96501024],[-69.17948564,-32.96495459],[-69.17954107,-32.96490676],[-69.17954368,-32.96485848],[-69.17949912,-32.96481219],[-69.17941956,-32.9647678],[-69.17924559,-32.96469415],[-69.17914212,-32.96465643],[-69.17906901,-32.96464192],[-69.17899767,-32.96464169],[-69.17889601,-32.96466518],[-69.17865357,-32.96474871],[-69.17854091,-32.96480303],[-69.17824429,-32.96487596],[-69.17795301,-32.96500969],[-69.17782192,-32.9650739],[-69.17775671,-32.96511056],[-69.17769927,-32.96514882],[-69.17766042,-32.96518472],[-69.17763879,-32.965217],[-69.17762957,-32.9652689],[-69.17764417,-32.96532869],[-69.17764005,-32.96536546],[-69.17753408,-32.96543829],[-69.17750309,-32.96546656],[-69.17749178,-32.96550165],[-69.1775046,-32.96553646],[-69.17753779,-32.96556065],[-69.17758163,-32.96556993],[-69.17762796,-32.96556559],[-69.17771499,-32.96553332],[-69.17790622,-32.96541715],[-69.17804796,-32.96534377],[-69.17811316,-32.96531998],[-69.17820723,-32.9653086],[-69.17834994,-32.96531371],[-69.17846226,-32.96535137],[-69.17852894,-32.96536398],[-69.17858866,-32.96535864],[-69.17862999,-32.96533738],[-69.17866176,-32.96530928],[-69.17867446,-32.96523828],[-69.17869328,-32.96520526],[-69.17873038,-32.96518371],[-69.17897842,-32.96511151],[-69.17907706,-32.96508895],[-69.17912443,-32.96508483],[-69.17917137,-32.96508754],[-69.17921588,-32.96509945],[-69.17925496,-32.96512098],[-69.17928451,-32.96515115],[-69.17942144,-32.96546173],[-69.17943607,-32.96549355],[-69.17945295,-32.96551845],[-69.17950033,-32.96554025],[-69.17958857,-32.96555114],[-69.17962978,-32.96556284],[-69.1796436,-32.96558823],[-69.17962975,-32.96564432],[-69.17963014,-32.96568385],[-69.17964346,-32.96572151],[-69.17967001,-32.96575333],[-69.17970773,-32.96577544],[-69.17975218,-32.96578478],[-69.1799356,-32.96575046],[-69.18004355,-32.96570924],[-69.18008749,-32.96569543],[-69.18013263,-32.96569563],[-69.18016497,-32.96570825],[-69.18019767,-32.96572786],[-69.18022107,-32.96575928],[-69.18021957,-32.9657868],[-69.18014434,-32.96583684],[-69.18011766,-32.96586864],[-69.18010214,-32.96592635],[-69.18013857,-32.96606017],[-69.180134,-32.96609709],[-69.18010842,-32.96612678],[-69.18006803,-32.96614395],[-69.17990831,-32.96615225],[-69.17986401,-32.96616468],[-69.17982639,-32.96626472],[-69.17980879,-32.96630085],[-69.17972189,-32.96640284],[-69.17965594,-32.96645303],[-69.17960051,-32.96648427],[-69.1795325,-32.96650647],[-69.17949294,-32.96652604],[-69.17946902,-32.96655667],[-69.17945828,-32.96661536],[-69.17944825,-32.96665278],[-69.17942088,-32.96668225],[-69.17938296,-32.96669497],[-69.17928798,-32.96671352],[-69.17924259,-32.96672294],[-69.17920451,-32.96674323],[-69.17918138,-32.96677542],[-69.17917515,-32.96681401],[-69.17920085,-32.96692775],[-69.17919876,-32.96696827],[-69.17916047,-32.96700471],[-69.17896452,-32.96704876],[-69.17888788,-32.96707672],[-69.17880841,-32.96712157],[-69.17864853,-32.96724034],[-69.17860388,-32.96726954],[-69.17855869,-32.96731697],[-69.17854728,-32.96735094],[-69.17857549,-32.96739097],[-69.17861378,-32.96741396],[-69.1786578,-32.96742622],[-69.17879563,-32.96742309],[-69.17883379,-32.96742241],[-69.17887544,-32.967427],[-69.17889075,-32.9674609],[-69.17881481,-32.96751298],[-69.17878065,-32.96753881],[-69.17876628,-32.9675724],[-69.17880792,-32.96765871],[-69.17880751,-32.96769535],[-69.17878704,-32.96772983],[-69.17875326,-32.96775691],[-69.17868929,-32.9677813],[-69.17864683,-32.96778354],[-69.17854716,-32.96777925],[-69.17849967,-32.96777836],[-69.17844521,-32.96779126],[-69.17842708,-32.96782427],[-69.17845334,-32.96786613],[-69.17853832,-32.9679186],[-69.17855504,-32.96795564],[-69.17853534,-32.96800212],[-69.17850584,-32.96803309],[-69.17844854,-32.96805143],[-69.17839787,-32.96804406],[-69.17826529,-32.96800846],[-69.17822158,-32.96800463],[-69.17816393,-32.96802489],[-69.17814508,-32.96806822],[-69.17819916,-32.96828328],[-69.17822206,-32.96833575],[-69.17826304,-32.96839005],[-69.17831259,-32.96842985],[-69.17833095,-32.96846607],[-69.17832351,-32.96850957],[-69.17828396,-32.96855897],[-69.17826222,-32.96859339],[-69.17825582,-32.96863158],[-69.17826789,-32.96867628],[-69.17829253,-32.96869572],[-69.17832265,-32.96870512],[-69.17838488,-32.96871633],[-69.17840799,-32.9687434],[-69.17839571,-32.96877098],[-69.17834003,-32.96881443],[-69.17832828,-32.96883975],[-69.17831711,-32.96888147],[-69.17830056,-32.96892247],[-69.17826519,-32.96893382],[-69.17821471,-32.96889955],[-69.17815882,-32.9688427],[-69.17812438,-32.96881475],[-69.17808288,-32.9688008],[-69.17803761,-32.96880317],[-69.17799526,-32.96881911],[-69.1779127,-32.96888915],[-69.1778741,-32.9689104],[-69.17782947,-32.96892017],[-69.17768793,-32.96890929],[-69.17757822,-32.96890187],[-69.17752681,-32.96890218],[-69.17747637,-32.96891173],[-69.17743091,-32.96894387],[-69.17741483,-32.96897888],[-69.17741987,-32.96901585],[-69.17744487,-32.9690474],[-69.17763041,-32.96919438],[-69.17768607,-32.96923152],[-69.17773324,-32.96926063],[-69.1778658,-32.96931531],[-69.17791087,-32.96934753],[-69.1779373,-32.96937789],[-69.17794249,-32.9694144],[-69.1779249,-32.96944883],[-69.17789245,-32.96947679],[-69.17785177,-32.96949518],[-69.17765286,-32.96952369],[-69.1775944,-32.96952887],[-69.17754918,-32.96953872],[-69.1775132,-32.96956093],[-69.17749411,-32.96959472],[-69.17749292,-32.96963321],[-69.17750632,-32.96967105],[-69.17757544,-32.96975179],[-69.17759594,-32.96977783],[-69.17760684,-32.96982333],[-69.17759662,-32.96991551],[-69.17759864,-32.9700278],[-69.17759897,-32.97006569],[-69.17757976,-32.97010008],[-69.17740991,-32.97023432],[-69.17737081,-32.97026149],[-69.17732914,-32.9702788],[-69.17726148,-32.97028224],[-69.17719933,-32.97029731],[-69.17706971,-32.97034955],[-69.17700557,-32.97038101],[-69.1768969,-32.97046819],[-69.17682124,-32.97055699],[-69.17678543,-32.97062912],[-69.17675979,-32.97066058],[-69.17672155,-32.97067668],[-69.17662792,-32.97067434],[-69.17658056,-32.97067312],[-69.17653802,-32.97068255],[-69.17650924,-32.97070951],[-69.17649865,-32.97074639],[-69.1765128,-32.97082514],[-69.1765553,-32.97091889],[-69.1765706,-32.9709549],[-69.17656608,-32.97099168],[-69.17654026,-32.97102131],[-69.17643804,-32.97106981],[-69.17638777,-32.97111177],[-69.17630706,-32.97122326],[-69.17616558,-32.97136007],[-69.17612646,-32.97140351],[-69.17608404,-32.97151614],[-69.17600236,-32.9716474],[-69.17597767,-32.97169538],[-69.17596233,-32.97175267],[-69.17595906,-32.97178413],[-69.17596929,-32.97181669],[-69.17601699,-32.9718263],[-69.17605793,-32.97180956],[-69.17615907,-32.97170016],[-69.1761877,-32.97166841],[-69.17622367,-32.97164328],[-69.17635845,-32.97160786],[-69.17640037,-32.97158919],[-69.1764355,-32.97156348],[-69.1764656,-32.97145108],[-69.17647961,-32.97141437],[-69.17650909,-32.97138557],[-69.17655046,-32.97137007],[-69.17666719,-32.97137834],[-69.17672562,-32.97137773],[-69.17680352,-32.97136747],[-69.17684029,-32.97135958],[-69.17689108,-32.97133926],[-69.17693147,-32.97127435],[-69.17701857,-32.97117383],[-69.17705698,-32.97113189],[-69.17709883,-32.97111695],[-69.17714182,-32.97112031],[-69.17718042,-32.97111278],[-69.17739213,-32.97099235],[-69.17746961,-32.97094428],[-69.17765506,-32.9707599],[-69.17772745,-32.97069656],[-69.1777522,-32.97067621],[-69.17778932,-32.97065471],[-69.17798987,-32.97058383],[-69.17805357,-32.9705481],[-69.17810157,-32.97051364],[-69.17813688,-32.97048979],[-69.17817826,-32.97048408],[-69.17823512,-32.97048609],[-69.17830849,-32.97047845],[-69.17836693,-32.97045726],[-69.17850095,-32.97037848],[-69.1785275,-32.97035686],[-69.17855173,-32.97032357],[-69.17854732,-32.97022873],[-69.17855928,-32.97020776],[-69.17861399,-32.97020962],[-69.17866003,-32.97019716],[-69.1787112,-32.97013853],[-69.17874917,-32.97013314],[-69.17880894,-32.9701721],[-69.17884508,-32.9701937],[-69.1788873,-32.97019719],[-69.17901485,-32.97015896],[-69.17908656,-32.97012555],[-69.1791459,-32.9700828],[-69.1791684,-32.97005948],[-69.17918186,-32.97001685],[-69.17920244,-32.96986628],[-69.17923195,-32.96983349],[-69.17931352,-32.96981969],[-69.17937874,-32.96979113],[-69.17944633,-32.96977019],[-69.17948473,-32.96976442],[-69.1795107,-32.96978041],[-69.17951503,-32.96983166],[-69.17952104,-32.96987721],[-69.17953883,-32.96989997],[-69.17957941,-32.96990846],[-69.17965377,-32.96990408],[-69.17974673,-32.96990679],[-69.1798769,-32.96992511],[-69.17995637,-32.96994351],[-69.18000425,-32.96996024],[-69.18003601,-32.96998911],[-69.18005276,-32.97003247],[-69.1800304,-32.97006676],[-69.17990452,-32.97011406],[-69.1798437,-32.97014477],[-69.17980672,-32.97017408],[-69.17977349,-32.97022572],[-69.17979902,-32.97038055],[-69.17978981,-32.97041586],[-69.17973063,-32.97047763],[-69.17970457,-32.97051029],[-69.17969803,-32.97053488],[-69.17972486,-32.97056669],[-69.17998969,-32.97064717],[-69.18003497,-32.970655],[-69.18008168,-32.97065108],[-69.18012611,-32.97063789],[-69.18016475,-32.97061561],[-69.18024151,-32.97052839],[-69.18030255,-32.97045661],[-69.18035324,-32.97041852],[-69.18052245,-32.97034395],[-69.18056462,-32.97035169],[-69.18061265,-32.97039439],[-69.18062966,-32.97043951],[-69.18062976,-32.97048465],[-69.18062145,-32.97056307],[-69.18063238,-32.97070094],[-69.1806392,-32.97074934],[-69.18063121,-32.97078391],[-69.18058058,-32.97087901],[-69.18054864,-32.97097597],[-69.1805452,-32.97101596],[-69.1805713,-32.97108892],[-69.18057698,-32.97112427],[-69.18055673,-32.97116682],[-69.18050816,-32.97122671],[-69.18048496,-32.97134223],[-69.18044864,-32.97141576],[-69.18040805,-32.97146517],[-69.18033946,-32.9715209],[-69.18028039,-32.97155376],[-69.18021265,-32.97156871],[-69.18009185,-32.97156735],[-69.18001361,-32.97157291],[-69.17995804,-32.97158596],[-69.17989539,-32.9716153],[-69.17983937,-32.97165285],[-69.17968016,-32.97182472],[-69.17962784,-32.97186213],[-69.17950978,-32.97190744],[-69.17940757,-32.97196677],[-69.17934765,-32.97201065],[-69.17927734,-32.97209073],[-69.17922079,-32.97216662],[-69.17921647,-32.97220577],[-69.17925393,-32.97223034],[-69.17929965,-32.97223159],[-69.17936722,-32.97221427],[-69.17956273,-32.9720944],[-69.17958902,-32.97208099],[-69.17989636,-32.97192417],[-69.18000891,-32.97185657],[-69.18006462,-32.97180409],[-69.18010281,-32.97178296],[-69.18028996,-32.9717834],[-69.18033416,-32.97177667],[-69.18039396,-32.97174529],[-69.18044354,-32.97170278],[-69.18050369,-32.9716158],[-69.18056546,-32.97155486],[-69.18064288,-32.97150898],[-69.18067787,-32.97148347],[-69.18073805,-32.97137584],[-69.1807631,-32.97134155],[-69.18079236,-32.97131621],[-69.1808199,-32.9713154],[-69.18083991,-32.97133403],[-69.18084638,-32.97136232],[-69.18082625,-32.97155947],[-69.18077895,-32.97164707],[-69.18076141,-32.97168397],[-69.18075032,-32.97178597],[-69.18075418,-32.97185182],[-69.18076266,-32.97187634],[-69.18079283,-32.97190594],[-69.18083591,-32.97191673],[-69.18091387,-32.97191461],[-69.18100321,-32.97189837],[-69.18110472,-32.9718703],[-69.18119604,-32.97181398],[-69.18123825,-32.97179728],[-69.18128435,-32.97179207],[-69.18132975,-32.97179921],[-69.18136395,-32.97181787],[-69.18137021,-32.9718367],[-69.18136156,-32.97186185],[-69.18132249,-32.97189734],[-69.18126875,-32.97193724],[-69.18118663,-32.97203219],[-69.18115721,-32.97208182],[-69.18114666,-32.9721269],[-69.18115025,-32.97216632],[-69.18116847,-32.97220151],[-69.18120043,-32.97223037],[-69.18123968,-32.97225216],[-69.181331,-32.97226641],[-69.18137565,-32.97227532],[-69.18140697,-32.97229871],[-69.18145388,-32.97236621],[-69.18147444,-32.97240088],[-69.18147562,-32.97242415],[-69.1814398,-32.97244211],[-69.18134493,-32.97243619],[-69.18129758,-32.9724359],[-69.18125237,-32.97244493],[-69.1812141,-32.97246569],[-69.1811903,-32.97249725],[-69.18118953,-32.97253335],[-69.18122183,-32.97258572],[-69.18124082,-32.97261967],[-69.18123937,-32.97264569],[-69.18120765,-32.97267202],[-69.18114064,-32.97268076],[-69.18109877,-32.97269759],[-69.18106385,-32.97272398],[-69.18102167,-32.97277262],[-69.18099419,-32.97282786],[-69.18098847,-32.97290567],[-69.18094377,-32.97300143],[-69.18090472,-32.97313621],[-69.18089068,-32.97321265],[-69.18088966,-32.97327211],[-69.18093425,-32.97336643],[-69.18094478,-32.97347087],[-69.18097951,-32.97349695],[-69.18102356,-32.9734972],[-69.18109304,-32.97348234],[-69.18113662,-32.9734693],[-69.18134964,-32.97336003],[-69.18145146,-32.97330665],[-69.18149221,-32.973298],[-69.18152687,-32.9733031],[-69.18154934,-32.97332368],[-69.18155553,-32.97335802],[-69.18143925,-32.97368899],[-69.18142705,-32.97378566],[-69.18142037,-32.97382277],[-69.18138265,-32.97387299],[-69.18121057,-32.97401161],[-69.18115308,-32.97406262],[-69.18110452,-32.9741195],[-69.18108294,-32.97415495],[-69.18107241,-32.97419277],[-69.18107889,-32.97425191],[-69.18109521,-32.97428865],[-69.181124,-32.97431847],[-69.18116427,-32.97433523],[-69.18122175,-32.97433876],[-69.18130039,-32.97433396],[-69.18145945,-32.97428398],[-69.18152634,-32.97426459],[-69.18160201,-32.97425162],[-69.18168353,-32.97425673],[-69.18190088,-32.97429302],[-69.18195715,-32.97431017],[-69.18198413,-32.97432458],[-69.18200153,-32.97434629],[-69.18197773,-32.97437259],[-69.18190101,-32.97438931],[-69.18185999,-32.97440726],[-69.18183032,-32.97443629],[-69.18181809,-32.97455175],[-69.18179771,-32.97459115],[-69.18175749,-32.97459666],[-69.18172237,-32.97457421],[-69.18167378,-32.97455667],[-69.18163471,-32.97457689],[-69.18159744,-32.97466171],[-69.18156937,-32.97468544],[-69.18153615,-32.97469195],[-69.1814955,-32.97468607],[-69.18144949,-32.97469226],[-69.18139561,-32.97471369],[-69.18124595,-32.97479266],[-69.18120676,-32.97481519],[-69.18117417,-32.97484444],[-69.18113735,-32.97489629],[-69.18111451,-32.97495195],[-69.1811212,-32.97498693],[-69.18115081,-32.97501216],[-69.18123934,-32.97503139],[-69.18128374,-32.97504777],[-69.18140196,-32.97514362],[-69.18145899,-32.97517792],[-69.1815058,-32.97518935],[-69.18153965,-32.97518354],[-69.18165982,-32.97515078],[-69.18173887,-32.97513442],[-69.18177336,-32.97514636],[-69.18178153,-32.97516762],[-69.18176229,-32.97519133],[-69.18169681,-32.97520849],[-69.1816534,-32.97522371],[-69.18157943,-32.97529543],[-69.18155025,-32.97532301],[-69.18150811,-32.97533756],[-69.18136991,-32.97532574],[-69.18132648,-32.97533554],[-69.18128933,-32.97535897],[-69.18126061,-32.97539036],[-69.18124121,-32.97542564],[-69.18124077,-32.9754621],[-69.18126292,-32.97549336],[-69.18148631,-32.97562722],[-69.18155239,-32.97566372],[-69.18165529,-32.97569575],[-69.18169793,-32.97571217],[-69.18173941,-32.97574228],[-69.18174065,-32.97576988],[-69.18170835,-32.97577736],[-69.18162238,-32.97578573],[-69.18155129,-32.97578584],[-69.18140784,-32.97575113],[-69.18135188,-32.9757395],[-69.1813026,-32.97573392],[-69.18125937,-32.9757434],[-69.18124695,-32.97578036],[-69.18130099,-32.97584649],[-69.18132631,-32.97589631],[-69.18133174,-32.97593516],[-69.1812492,-32.97597588],[-69.18123028,-32.97601018],[-69.18125996,-32.97606161],[-69.18141997,-32.97621072],[-69.18144638,-32.97624358],[-69.18145846,-32.97628016],[-69.18144891,-32.97633762],[-69.18145141,-32.97637655],[-69.18154487,-32.97648217],[-69.18156818,-32.97650496],[-69.18160634,-32.97653267],[-69.18164957,-32.97657445],[-69.18166373,-32.97661148],[-69.18167356,-32.97666707],[-69.18166233,-32.97671828],[-69.18164695,-32.97674867],[-69.1816089,-32.97677433],[-69.18156149,-32.97675834],[-69.18154182,-32.97670978],[-69.18152628,-32.97666294],[-69.18149736,-32.97663275],[-69.18146601,-32.97661957],[-69.18138706,-32.97659173],[-69.18135151,-32.97654405],[-69.1813208,-32.97653523],[-69.18128444,-32.97655261],[-69.18119153,-32.97665982],[-69.18116529,-32.97670974],[-69.18114038,-32.9767075],[-69.1811295,-32.97667851],[-69.18112665,-32.97664704],[-69.18111076,-32.97661847],[-69.18107962,-32.97663557],[-69.18105773,-32.97668532],[-69.1810547,-32.97671222],[-69.18105581,-32.97675213],[-69.18104454,-32.97678252],[-69.18099872,-32.97678779],[-69.18098065,-32.97676179],[-69.18097643,-32.97671667],[-69.18095576,-32.97667765],[-69.18094114,-32.97665457],[-69.18094734,-32.97662758],[-69.18097617,-32.97658651],[-69.18099341,-32.97655075],[-69.1809842,-32.97652414],[-69.18094738,-32.9765121],[-69.18090808,-32.97653021],[-69.18086488,-32.97653481],[-69.18083808,-32.97650751],[-69.18084215,-32.97646587],[-69.18086697,-32.97638222],[-69.18084731,-32.9763622],[-69.18081396,-32.9763576],[-69.18078011,-32.97636314],[-69.18074146,-32.97638317],[-69.18058351,-32.9764931],[-69.18055057,-32.97649335],[-69.18052832,-32.97647583],[-69.18051019,-32.9764486],[-69.18046016,-32.97636837],[-69.18040873,-32.97634609],[-69.18034695,-32.97637409],[-69.18032304,-32.97640113],[-69.18021699,-32.97655015],[-69.18012954,-32.97662098],[-69.18012257,-32.97664786],[-69.18012498,-32.97670392],[-69.18014088,-32.97675047],[-69.18017573,-32.97682889],[-69.18015371,-32.97690784],[-69.18016674,-32.97699845],[-69.18015015,-32.97713132],[-69.18010052,-32.97728932],[-69.18007483,-32.97730655],[-69.18004214,-32.97731079],[-69.18001013,-32.97730179],[-69.1799233,-32.97727951],[-69.17989246,-32.9773066],[-69.17988176,-32.97733397],[-69.17983249,-32.97748072],[-69.17968325,-32.97763726],[-69.17965026,-32.97764429],[-69.17959057,-32.97763057],[-69.17957887,-32.97759535],[-69.17956776,-32.97752162],[-69.17956467,-32.97742292],[-69.17954405,-32.97738793],[-69.17950625,-32.97735177],[-69.17946656,-32.97734351],[-69.1794315,-32.9773649],[-69.17940557,-32.97739899],[-69.1793804,-32.97745715],[-69.1793342,-32.97758129],[-69.17934022,-32.97762929],[-69.17938127,-32.97779869],[-69.17936482,-32.97786469],[-69.1793748,-32.9779022],[-69.17940178,-32.97795869],[-69.17937349,-32.97796971],[-69.17915467,-32.97801224],[-69.17897522,-32.97807495],[-69.17892715,-32.97810609],[-69.17885071,-32.97819216],[-69.17881254,-32.97819281],[-69.17878558,-32.97816386],[-69.1787668,-32.97812332],[-69.17875187,-32.97804169],[-69.17875915,-32.97796199],[-69.17878561,-32.97784009],[-69.17874047,-32.97784613],[-69.17870102,-32.97789215],[-69.17866521,-32.97794963],[-69.17860627,-32.97797587],[-69.17856192,-32.97798005],[-69.17853347,-32.97796617],[-69.17847044,-32.97793186],[-69.17843847,-32.97794913],[-69.17834835,-32.9780273],[-69.17831241,-32.97806995],[-69.17830836,-32.97809783],[-69.17832024,-32.97812979],[-69.17835166,-32.97817064],[-69.1784476,-32.97828554],[-69.17857086,-32.97858901],[-69.17856226,-32.97862204],[-69.17853986,-32.97866103],[-69.17848464,-32.97874215],[-69.17845369,-32.97875183],[-69.17842078,-32.97874875],[-69.17835061,-32.97871996],[-69.17831715,-32.97872297],[-69.1781722,-32.97874316],[-69.17814075,-32.97873125],[-69.17809776,-32.97869948],[-69.17809013,-32.97867297],[-69.17808638,-32.97857447],[-69.17805558,-32.97858035],[-69.17802615,-32.97859443],[-69.17799693,-32.97862604],[-69.17790428,-32.97877068],[-69.17789815,-32.97882223],[-69.17790248,-32.97891841],[-69.17793165,-32.97918886],[-69.1779141,-32.97922092],[-69.17787613,-32.97922806],[-69.17785031,-32.97921101],[-69.17766442,-32.97907318],[-69.17763529,-32.97911802],[-69.17753483,-32.97931039],[-69.17747587,-32.97936254],[-69.17740674,-32.97939965],[-69.17736082,-32.97940969],[-69.17732565,-32.97940863],[-69.17729615,-32.97939592],[-69.17718157,-32.97933761],[-69.17714452,-32.97934338],[-69.17710649,-32.97936359],[-69.17700067,-32.97943261],[-69.17695605,-32.97944124],[-69.17692352,-32.97943617],[-69.17687332,-32.97942061],[-69.17683854,-32.97944624],[-69.17681266,-32.97949662],[-69.17677638,-32.9796217],[-69.17673163,-32.979706],[-69.17667709,-32.97976728],[-69.17651456,-32.97989244],[-69.17629759,-32.98003923],[-69.17624592,-32.98005269],[-69.17623826,-32.98003106],[-69.17625102,-32.98000307],[-69.17631838,-32.97992512],[-69.17647589,-32.9797539],[-69.17649404,-32.97970851],[-69.17649353,-32.97966757],[-69.17647564,-32.9796328],[-69.17639917,-32.97952751],[-69.17637019,-32.97951397],[-69.17632464,-32.97951793],[-69.1761684,-32.97953726],[-69.17616312,-32.9795031],[-69.17617808,-32.97944216],[-69.17615298,-32.97942472],[-69.17607435,-32.9793962],[-69.17607977,-32.97936796],[-69.1761171,-32.97929599],[-69.17615895,-32.97926042],[-69.17629079,-32.97917052],[-69.17630356,-32.97913626],[-69.17627653,-32.97906297],[-69.17629697,-32.97903215],[-69.17638866,-32.9789397],[-69.17640256,-32.9788727],[-69.17644735,-32.97880573],[-69.17644538,-32.9787729],[-69.17640708,-32.97856554],[-69.17642089,-32.97836092],[-69.17640179,-32.9782761],[-69.17636575,-32.97824893],[-69.17633252,-32.97826748],[-69.17632331,-32.9782944],[-69.17631486,-32.97834168],[-69.1762743,-32.97841579],[-69.17626619,-32.97848213],[-69.17622325,-32.97857284],[-69.17623065,-32.97860181],[-69.17626076,-32.97864255],[-69.17630932,-32.97868377],[-69.17632539,-32.97871844],[-69.17631908,-32.97875664],[-69.17629544,-32.97878966],[-69.17622803,-32.97886818],[-69.17618835,-32.97888922],[-69.17605464,-32.97892762],[-69.17601305,-32.97896175],[-69.17584324,-32.97910464],[-69.17580204,-32.97912041],[-69.17576741,-32.97911767],[-69.17574282,-32.97908137],[-69.17563569,-32.97886293],[-69.17563987,-32.97873091],[-69.17562429,-32.97866191],[-69.17563339,-32.97861807],[-69.17566072,-32.97856455],[-69.17568695,-32.97854966],[-69.17574021,-32.97853726],[-69.17582437,-32.97852576],[-69.17600342,-32.97850567],[-69.17605639,-32.97848777],[-69.17607898,-32.97846651],[-69.1760911,-32.97843047],[-69.17608375,-32.97832331],[-69.17603829,-32.97830604],[-69.17591753,-32.97828234],[-69.17594587,-32.97821359],[-69.17596034,-32.97813199],[-69.1760088,-32.97813766],[-69.17607838,-32.97815727],[-69.17613454,-32.97815649],[-69.17618326,-32.97814432],[-69.17621671,-32.97811781],[-69.1762257,-32.97809158],[-69.17621098,-32.97806847],[-69.17616136,-32.97804513],[-69.17610504,-32.97803688],[-69.17600269,-32.97802279],[-69.17600172,-32.97799827],[-69.17602206,-32.97797556],[-69.1760493,-32.97795971],[-69.17613445,-32.97793148],[-69.17627584,-32.97789464],[-69.17631717,-32.97786629],[-69.17638945,-32.97780122],[-69.17639551,-32.97776776],[-69.17636368,-32.97775072],[-69.17631115,-32.97775079],[-69.17627935,-32.97776201],[-69.17614121,-32.97784521],[-69.17610789,-32.97784894],[-69.17607202,-32.97783043],[-69.17608213,-32.97777827],[-69.17611958,-32.97767859],[-69.17614435,-32.97765195],[-69.17617813,-32.9776253],[-69.17622095,-32.97759863],[-69.17625361,-32.97757198],[-69.1762614,-32.97751875],[-69.17626132,-32.97747884],[-69.17627029,-32.97745412],[-69.17629503,-32.97741608],[-69.17632432,-32.97739513],[-69.17634458,-32.9773742],[-69.17637378,-32.97730954],[-69.17638939,-32.9772145],[-69.17638921,-32.97712517],[-69.17637442,-32.97706058],[-69.17634397,-32.97706442],[-69.17629449,-32.97714241],[-69.17623604,-32.97724512],[-69.17609818,-32.97745766],[-69.17601374,-32.9775862],[-69.17596549,-32.97765965],[-69.17590765,-32.97778],[-69.17586901,-32.97781471],[-69.1758327,-32.9778117],[-69.17579882,-32.97781073],[-69.17576257,-32.97783524],[-69.17573123,-32.9778944],[-69.17569357,-32.97796612],[-69.17569114,-32.97799421],[-69.17570269,-32.97804949],[-69.17572854,-32.9781244],[-69.17572086,-32.97815005],[-69.17569322,-32.97818701],[-69.17564603,-32.97823032],[-69.17554699,-32.9782828],[-69.17546504,-32.97836066],[-69.17544004,-32.97840534],[-69.17542393,-32.97846005],[-69.17543201,-32.97849776],[-69.17546648,-32.97858099],[-69.17547147,-32.97865521],[-69.17546223,-32.97870306],[-69.17540217,-32.97889026],[-69.17537007,-32.97891438],[-69.17533414,-32.97890457],[-69.17530946,-32.97888063],[-69.1752551,-32.97882357],[-69.17519925,-32.97875749],[-69.17505483,-32.97869385],[-69.17501849,-32.97870649],[-69.17500461,-32.97874296],[-69.17500818,-32.97878846],[-69.17502304,-32.97885637],[-69.17505131,-32.978911],[-69.17511912,-32.97902058],[-69.1750906,-32.97905276],[-69.17503631,-32.97908937],[-69.17497037,-32.97910641],[-69.17492348,-32.97908927],[-69.17484639,-32.97904716],[-69.1748067,-32.97906409],[-69.17477136,-32.97912714],[-69.17463389,-32.97940386],[-69.17454252,-32.97953144],[-69.17453362,-32.97960359],[-69.17449784,-32.97965196],[-69.17447175,-32.97965365],[-69.17444396,-32.97962631],[-69.17440755,-32.97958235],[-69.17435931,-32.97956785],[-69.17428408,-32.97956286],[-69.17412908,-32.97956051],[-69.17402304,-32.97952641],[-69.17390273,-32.97945511],[-69.17383912,-32.97944515],[-69.17380631,-32.97945229],[-69.17377138,-32.97947618],[-69.17375015,-32.97951015],[-69.17374367,-32.97955001],[-69.17374078,-32.97966001],[-69.17367935,-32.97968096],[-69.17360688,-32.97969005],[-69.17358446,-32.97970882],[-69.17358446,-32.97973559],[-69.17361138,-32.97976696],[-69.17371349,-32.97984513],[-69.17380031,-32.97989671],[-69.17381435,-32.97992375],[-69.17381544,-32.97996041],[-69.17380824,-32.98007076],[-69.17383709,-32.98009955],[-69.1738759,-32.980121],[-69.17394859,-32.98014628],[-69.17395081,-32.9801736],[-69.17389138,-32.98018994],[-69.17375705,-32.98021539],[-69.17373612,-32.9802358],[-69.1737293,-32.98026379],[-69.17371493,-32.98035686],[-69.1736842,-32.9803752],[-69.17362407,-32.98035525],[-69.17359229,-32.98039173],[-69.17355774,-32.98048431],[-69.17354656,-32.98056125],[-69.17352826,-32.98058354],[-69.17351413,-32.98055104],[-69.17348879,-32.98056309],[-69.17347077,-32.98060947],[-69.17346306,-32.98063726],[-69.17347837,-32.98066232],[-69.17346424,-32.98071298],[-69.17347321,-32.98074053],[-69.17349165,-32.98076513],[-69.17353024,-32.98079461],[-69.17361526,-32.9808358],[-69.17369202,-32.9808559],[-69.1738778,-32.98087059],[-69.17413319,-32.98086449],[-69.17440212,-32.98084114],[-69.17444189,-32.98086231],[-69.17447858,-32.98089781],[-69.17470792,-32.98112484],[-69.17473957,-32.98112783],[-69.17478975,-32.98111487],[-69.17498794,-32.98105484],[-69.1751832,-32.98101958],[-69.17520832,-32.98104614],[-69.17518141,-32.98118444],[-69.17520295,-32.9812057],[-69.17524402,-32.98123767],[-69.17525996,-32.98129843],[-69.17527744,-32.98137624],[-69.17529103,-32.98143946],[-69.17529696,-32.98151728],[-69.17530858,-32.98155294],[-69.17534141,-32.98160316],[-69.17535879,-32.98163232],[-69.17535564,-32.98166043],[-69.17532226,-32.98165345],[-69.17524315,-32.98155952],[-69.17515666,-32.98141211],[-69.17511943,-32.98136277],[-69.17507687,-32.98136112],[-69.1750405,-32.98139314],[-69.17500622,-32.98143779],[-69.17498679,-32.98148293],[-69.17498822,-32.98152264],[-69.17500293,-32.98154741],[-69.17512188,-32.98169274],[-69.17519112,-32.98181176],[-69.17517593,-32.98184306],[-69.17513276,-32.98184331],[-69.1750906,-32.98182554],[-69.17496915,-32.98177434],[-69.17493691,-32.98178016],[-69.17485574,-32.98181143],[-69.17479321,-32.98181744],[-69.17468195,-32.9817908],[-69.17465977,-32.98181938],[-69.17465693,-32.9818458],[-69.17465859,-32.98189866],[-69.17463966,-32.98193061],[-69.17459706,-32.98197453],[-69.17451481,-32.98204138],[-69.17447336,-32.98205669],[-69.17433662,-32.98209808],[-69.17430916,-32.9821294],[-69.17426582,-32.98220696],[-69.17422908,-32.98222085],[-69.17417243,-32.98219992],[-69.17414452,-32.98221153],[-69.17408583,-32.98225452],[-69.17406296,-32.98223801],[-69.17397884,-32.98216186],[-69.17390782,-32.98205651],[-69.17392667,-32.98201792],[-69.17398448,-32.98192365],[-69.17397915,-32.98189605],[-69.17395428,-32.98187078],[-69.17387467,-32.98180853],[-69.17382684,-32.98178166],[-69.17378277,-32.98177631],[-69.17375198,-32.98178751],[-69.17372556,-32.98180651],[-69.17370713,-32.98182972],[-69.17367024,-32.98190763],[-69.17365517,-32.98196617],[-69.17364941,-32.98205042],[-69.17366375,-32.98221239],[-69.17364118,-32.98225356],[-69.17359448,-32.98231241],[-69.17354431,-32.98241798],[-69.17351383,-32.98242675],[-69.17345998,-32.98242989],[-69.1734129,-32.98242491],[-69.17334353,-32.98239266],[-69.17331087,-32.98239431],[-69.17328352,-32.98240984],[-69.17326504,-32.98243386],[-69.17323889,-32.98248695],[-69.17320061,-32.98250317],[-69.17315746,-32.98249522],[-69.17307884,-32.98245821],[-69.17303383,-32.98245472],[-69.17299956,-32.98247405],[-69.17299478,-32.98252163],[-69.17301254,-32.98270386],[-69.17300212,-32.9827642],[-69.17297219,-32.98285522],[-69.17293978,-32.98290683],[-69.17289685,-32.98293818],[-69.17274528,-32.98301211],[-69.17263025,-32.98309994],[-69.17258852,-32.98309401],[-69.17260063,-32.98306186],[-69.17281363,-32.98282313],[-69.172835,-32.98277793],[-69.17283514,-32.98274777],[-69.17281581,-32.98268811],[-69.17274505,-32.98247737],[-69.17271555,-32.98247413],[-69.17269634,-32.98251089],[-69.17266177,-32.98258389],[-69.17263134,-32.98256875],[-69.17261489,-32.98254055],[-69.17257401,-32.98245385],[-69.17259882,-32.98236505],[-69.17251957,-32.98231966],[-69.17253991,-32.9822997],[-69.1726282,-32.98227842],[-69.17267586,-32.98224924],[-69.17271193,-32.98221114],[-69.1728313,-32.98206982],[-69.17280893,-32.98205963],[-69.17277526,-32.98206528],[-69.17270531,-32.98209204],[-69.17268594,-32.98207794],[-69.17269097,-32.98205358],[-69.17272654,-32.98196522],[-69.172707,-32.9819431],[-69.17266414,-32.98191176],[-69.17265442,-32.98188463],[-69.17265229,-32.9817995],[-69.17260094,-32.98172936],[-69.17254609,-32.98169183],[-69.17251541,-32.9817187],[-69.17250085,-32.98174548],[-69.17244322,-32.9818463],[-69.17233131,-32.9821148],[-69.17227602,-32.98216327],[-69.17226065,-32.98219959],[-69.17224532,-32.98224284],[-69.17220604,-32.98226359],[-69.17215528,-32.98227608],[-69.172116,-32.98229684],[-69.1720669,-32.98232589],[-69.17203424,-32.98237837],[-69.17202122,-32.98242255],[-69.17202464,-32.98249845],[-69.17200752,-32.98254056],[-69.17196576,-32.98254545],[-69.17192972,-32.98254688],[-69.17189532,-32.98255244],[-69.17187155,-32.98254558],[-69.17186411,-32.98251109],[-69.17186402,-32.98246279],[-69.17184919,-32.98241727],[-69.17182458,-32.98239936],[-69.17178768,-32.98238009],[-69.1717901,-32.98235939],[-69.17181755,-32.98233061],[-69.17198373,-32.98223939],[-69.17201752,-32.98220644],[-69.17205922,-32.98213433],[-69.17205445,-32.98210322],[-69.17201189,-32.98207169],[-69.17202412,-32.98203444],[-69.17204651,-32.98201153],[-69.17209975,-32.98197525],[-69.1721201,-32.98194216],[-69.17213291,-32.98188466],[-69.1721247,-32.98184871],[-69.17209825,-32.98183842],[-69.17206398,-32.98184962],[-69.17196629,-32.9819092],[-69.17193127,-32.98190659],[-69.17192136,-32.98188339],[-69.17191538,-32.98182273],[-69.17184915,-32.9814465],[-69.17181086,-32.98145744],[-69.17176659,-32.98148891],[-69.17173078,-32.98148391],[-69.17171089,-32.98145027],[-69.17170283,-32.98141238],[-69.17171778,-32.98136348],[-69.17181702,-32.98123636],[-69.17181416,-32.98120925],[-69.17178143,-32.98119065],[-69.17170466,-32.98118405],[-69.17170692,-32.98114992],[-69.17175951,-32.98106513],[-69.17176154,-32.9810276],[-69.17173316,-32.98101025],[-69.17169802,-32.98103047],[-69.17165038,-32.98108343],[-69.17159066,-32.98116432],[-69.17157333,-32.98121577],[-69.17157028,-32.98127465],[-69.17158203,-32.98139906],[-69.17161858,-32.98168528],[-69.17161397,-32.98177275],[-69.17157812,-32.98187945],[-69.17157369,-32.98196818],[-69.17153899,-32.98199423],[-69.17146999,-32.98202966],[-69.17144095,-32.98207156],[-69.17143819,-32.98210931],[-69.17144894,-32.98218557],[-69.17140649,-32.98219338],[-69.1713569,-32.98217975],[-69.17128607,-32.9821522],[-69.17125795,-32.98216366],[-69.17123887,-32.98218744],[-69.17122038,-32.98223308],[-69.17116117,-32.98239974],[-69.17107528,-32.98255253],[-69.17101921,-32.98261875],[-69.17099151,-32.98261316],[-69.17097179,-32.98258416],[-69.17095869,-32.98255446],[-69.17088941,-32.98236093],[-69.17079816,-32.98221368],[-69.17075551,-32.98221703],[-69.17066342,-32.98224299],[-69.17065852,-32.9822173],[-69.17067087,-32.98213048],[-69.17065928,-32.98204871],[-69.17067006,-32.98200095],[-69.17071664,-32.98188565],[-69.17070519,-32.98185876],[-69.17068017,-32.98182591],[-69.1706004,-32.98171986],[-69.17058429,-32.9816358],[-69.17055855,-32.98162224],[-69.17052186,-32.98161455],[-69.17045864,-32.98161548],[-69.17042551,-32.98164698],[-69.17040803,-32.98169215],[-69.17036997,-32.9817972],[-69.17031395,-32.98182811],[-69.17018701,-32.9818859],[-69.17015806,-32.98191553],[-69.17014341,-32.98195478],[-69.17013735,-32.98201759],[-69.17013613,-32.98215699],[-69.1701015,-32.98228814],[-69.17006851,-32.98231509],[-69.17002349,-32.9823207],[-69.16998486,-32.98229758],[-69.16996615,-32.98226955],[-69.16994148,-32.98221308],[-69.16990093,-32.98218825],[-69.16983873,-32.98216239],[-69.16983392,-32.98212932],[-69.16987001,-32.98205933],[-69.16987548,-32.98198055],[-69.16984512,-32.98198328],[-69.16981851,-32.98202436],[-69.16978332,-32.98210662],[-69.16975023,-32.98211695],[-69.16969244,-32.98212691],[-69.16959981,-32.98213451],[-69.16952635,-32.98215831],[-69.16946946,-32.98219758],[-69.16943501,-32.98224898],[-69.16937224,-32.98240735],[-69.16940801,-32.98244307],[-69.16944871,-32.98246142],[-69.16957937,-32.98249812],[-69.16963087,-32.98252733],[-69.16978991,-32.98266182],[-69.16986923,-32.98276416],[-69.16990219,-32.98276895],[-69.16997001,-32.98277384],[-69.16999858,-32.98278883],[-69.1700431,-32.98282427],[-69.17024541,-32.98301818],[-69.17033225,-32.98307691],[-69.17043352,-32.98311939],[-69.17052512,-32.98314565],[-69.17069381,-32.98316774],[-69.17073482,-32.98319508],[-69.17073008,-32.98323263],[-69.17070369,-32.98329152],[-69.17069191,-32.98342953],[-69.17070173,-32.9835249],[-69.17074528,-32.98362022],[-69.17079599,-32.98368306],[-69.17090465,-32.98379196],[-69.17089684,-32.98381884],[-69.17087389,-32.98383825],[-69.17084314,-32.98383934],[-69.17081471,-32.98382463],[-69.17066123,-32.98376442],[-69.1706082,-32.98374826],[-69.17053829,-32.98373009],[-69.1703985,-32.98369984],[-69.17023306,-32.98370113],[-69.17020826,-32.98372156],[-69.17018339,-32.98375408],[-69.17018021,-32.98378558],[-69.17020416,-32.98390347],[-69.17019523,-32.9839294],[-69.17015168,-32.98398663],[-69.17014383,-32.98402394],[-69.17015431,-32.9841086],[-69.17011753,-32.98424954],[-69.17011656,-32.98437563],[-69.17012412,-32.98448515],[-69.17007811,-32.98449831],[-69.16993807,-32.98452808],[-69.16989005,-32.98451589],[-69.16983973,-32.98448603],[-69.16971091,-32.9844121],[-69.16970644,-32.98443335],[-69.16972267,-32.98446977],[-69.16978667,-32.98459197],[-69.16980394,-32.98473625],[-69.16982887,-32.98476777],[-69.16989433,-32.98483508],[-69.16990924,-32.98487129],[-69.16992228,-32.98496468],[-69.16999108,-32.98506613],[-69.16999481,-32.98510304],[-69.16998157,-32.98516339],[-69.17003842,-32.98521797],[-69.17011978,-32.98528795],[-69.17016246,-32.98536735],[-69.17020077,-32.98540342],[-69.17035149,-32.98552061],[-69.17035419,-32.98555871],[-69.17033056,-32.98572787],[-69.17029937,-32.98574441],[-69.17025815,-32.98570923],[-69.17017376,-32.98562387],[-69.17013299,-32.98560648],[-69.17009985,-32.9856019],[-69.17002037,-32.98559934],[-69.16997242,-32.98557824],[-69.16992639,-32.98557904],[-69.16988305,-32.98559177],[-69.1698488,-32.985617],[-69.16981554,-32.98565559],[-69.1697784,-32.98573608],[-69.16974892,-32.98575676],[-69.16971752,-32.98577798],[-69.16967609,-32.98579615],[-69.16959193,-32.98578353],[-69.16958356,-32.98571064],[-69.16954123,-32.98562833],[-69.16955733,-32.98554745],[-69.16954586,-32.98551992],[-69.16951953,-32.98548931],[-69.16947256,-32.98544564],[-69.16946487,-32.98541966],[-69.16944624,-32.98526044],[-69.16945211,-32.98507511],[-69.16942998,-32.98503407],[-69.1694059,-32.98501345],[-69.16936978,-32.98501951],[-69.16935628,-32.98504509],[-69.16935504,-32.98507415],[-69.16933664,-32.9852549],[-69.16928713,-32.98537328],[-69.16926075,-32.98542154],[-69.16921479,-32.98547852],[-69.16916131,-32.98553261],[-69.1691047,-32.98564334],[-69.16904672,-32.98582639],[-69.1690565,-32.98585376],[-69.16909386,-32.98591363],[-69.1691844,-32.98604335],[-69.16921729,-32.98612187],[-69.16924449,-32.98624024],[-69.16929789,-32.98636095],[-69.16928203,-32.98638524],[-69.16916893,-32.98648525],[-69.16914112,-32.9864762],[-69.16911653,-32.9864442],[-69.16907196,-32.98634243],[-69.16897174,-32.98621956],[-69.16894181,-32.98621368],[-69.16887971,-32.98621791],[-69.16881004,-32.98620563],[-69.16881032,-32.98623193],[-69.16882603,-32.98625755],[-69.16890404,-32.98638642],[-69.16895228,-32.98644822],[-69.16898528,-32.98648871],[-69.16901577,-32.986542],[-69.16903609,-32.98657397],[-69.16903615,-32.98660384],[-69.16900835,-32.98663374],[-69.16891813,-32.98670389],[-69.16883235,-32.98677248],[-69.16881056,-32.98674837],[-69.16880806,-32.98665176],[-69.16878455,-32.98659843],[-69.1687479,-32.98656791],[-69.16871638,-32.98657294],[-69.16868996,-32.98659099],[-69.168613,-32.98666252],[-69.16852089,-32.98676468],[-69.16842801,-32.98683532],[-69.16839593,-32.98688607],[-69.16836629,-32.98689741],[-69.16831351,-32.98690564],[-69.16826107,-32.98689408],[-69.16824937,-32.98686043],[-69.16827208,-32.98678619],[-69.16827845,-32.98668914],[-69.16825899,-32.98665208],[-69.1682325,-32.98665816],[-69.16817172,-32.98668261],[-69.1681408,-32.98667403],[-69.16811795,-32.98665318],[-69.16807443,-32.98659518],[-69.16802308,-32.98655642],[-69.16796471,-32.98653252],[-69.16790771,-32.98652717],[-69.16787046,-32.98654419],[-69.16782762,-32.98659644],[-69.16779839,-32.98659426],[-69.16778228,-32.98657408],[-69.16776521,-32.98651184],[-69.16773486,-32.98650032],[-69.16767855,-32.98648865],[-69.16765808,-32.98646882],[-69.16762672,-32.98640878],[-69.16760018,-32.98639184],[-69.16757119,-32.98638292],[-69.16753542,-32.9863829],[-69.16749032,-32.98639351],[-69.16742854,-32.9864199],[-69.16733345,-32.98647151],[-69.1673077,-32.98645918],[-69.16734073,-32.98637278],[-69.16732837,-32.98632901],[-69.16730021,-32.98629838],[-69.16714411,-32.98619036],[-69.16706907,-32.98614278],[-69.16702313,-32.98611965],[-69.1669405,-32.98610559],[-69.16690072,-32.98610435],[-69.16686937,-32.98610826],[-69.16685032,-32.98615016],[-69.16686266,-32.98620362],[-69.16685508,-32.98624035],[-69.16681226,-32.98624363],[-69.16665131,-32.98621981],[-69.16656677,-32.98619635],[-69.16654198,-32.98621174],[-69.16653533,-32.98624742],[-69.16656459,-32.98632643],[-69.16659994,-32.98641529],[-69.16658774,-32.98643463],[-69.16656634,-32.98644626],[-69.16644082,-32.98640004],[-69.16635428,-32.98637891],[-69.16631848,-32.98638763],[-69.16626584,-32.98640976],[-69.16624095,-32.98642891],[-69.16622543,-32.98645431],[-69.16620817,-32.98650018],[-69.16617855,-32.98651239],[-69.16616228,-32.9864882],[-69.16615739,-32.9864546],[-69.16614488,-32.98629923],[-69.16612453,-32.98623346],[-69.16604333,-32.98606296],[-69.1660307,-32.98597643],[-69.16599761,-32.98594088],[-69.16596017,-32.98594664],[-69.16594528,-32.98598039],[-69.1659446,-32.98602639],[-69.16595688,-32.98609976],[-69.16603254,-32.98652143],[-69.1660493,-32.98698847],[-69.16607845,-32.98716443],[-69.16609688,-32.98720039],[-69.16613699,-32.98724592],[-69.16617396,-32.98727413],[-69.16620401,-32.98730189],[-69.16624007,-32.98733468],[-69.16625811,-32.98735992],[-69.16627918,-32.98739527],[-69.16630324,-32.98743061],[-69.1663333,-32.98746846],[-69.16636037,-32.9875038],[-69.16638743,-32.98753913],[-69.16640852,-32.98758964],[-69.16644165,-32.98766033],[-69.1664747,-32.98768808],[-69.16657379,-32.98770087],[-69.16661952,-32.98770739],[-69.16673304,-32.98773525],[-69.16682993,-32.98777156],[-69.16685613,-32.98780095],[-69.16683054,-32.98783046],[-69.16678566,-32.98785895],[-69.16679511,-32.98788453],[-69.1668268,-32.98788937],[-69.16697729,-32.9879302],[-69.16702004,-32.98793914],[-69.16714654,-32.98797497],[-69.167241,-32.98802134],[-69.16733364,-32.98804671],[-69.16739778,-32.98806462],[-69.16746544,-32.98806003],[-69.16754377,-32.98805093],[-69.167688,-32.98804774],[-69.16779309,-32.98806409],[-69.16782965,-32.98809404],[-69.16780213,-32.98813757],[-69.16776304,-32.98818412],[-69.16773286,-32.98823216],[-69.16773472,-32.98827565],[-69.16772055,-32.98831241],[-69.16768139,-32.98832071],[-69.16759769,-32.98831783],[-69.16727521,-32.98822227],[-69.16716481,-32.98819608],[-69.16704506,-32.98816271],[-69.16694298,-32.98815167],[-69.16691025,-32.98815968],[-69.16688197,-32.98817613],[-69.16685516,-32.98820686],[-69.16684386,-32.98823913],[-69.16684382,-32.98831274],[-69.16685764,-32.988418],[-69.16690572,-32.98857767],[-69.16694605,-32.98862861],[-69.16706525,-32.98876927],[-69.16711012,-32.98884785],[-69.16714339,-32.98887411],[-69.16720492,-32.98889976],[-69.16722546,-32.98892231],[-69.16725127,-32.98896922],[-69.16728059,-32.98898948],[-69.16734962,-32.98902782],[-69.16737031,-32.9890642],[-69.16734986,-32.98908341],[-69.16731722,-32.98909105],[-69.1672578,-32.98909407],[-69.16723041,-32.98911186],[-69.16716561,-32.98915821],[-69.16714164,-32.98912881],[-69.16713202,-32.9890995],[-69.16711705,-32.98900636],[-69.16709564,-32.98897241],[-69.16705073,-32.98894178],[-69.16697739,-32.98892458],[-69.16691326,-32.98889947],[-69.1668769,-32.98887973],[-69.16675927,-32.98880252],[-69.16669082,-32.98875403],[-69.16662454,-32.98872353],[-69.16658602,-32.98869119],[-69.16652816,-32.98859411],[-69.16648956,-32.98851319],[-69.16642109,-32.98845571],[-69.16635055,-32.98842881],[-69.16628428,-32.98840551],[-69.16621374,-32.98837861],[-69.16614319,-32.98835172],[-69.16603628,-32.98829788],[-69.16594748,-32.98820615],[-69.16592003,-32.98817494],[-69.16584345,-32.98806867],[-69.16580801,-32.98806017],[-69.16576349,-32.98806488],[-69.16566737,-32.98809527],[-69.1656425,-32.98814306],[-69.16564023,-32.98825423],[-69.16565148,-32.98832726],[-69.16571164,-32.98859054],[-69.16579385,-32.98883102],[-69.1657832,-32.98886867],[-69.16575589,-32.98889963],[-69.16572143,-32.98891967],[-69.16566991,-32.98894203],[-69.16557666,-32.98900143],[-69.16553893,-32.98898116],[-69.16551686,-32.98895888],[-69.16545906,-32.98890022],[-69.16541128,-32.98887285],[-69.16535643,-32.98885409],[-69.16530359,-32.98885354],[-69.16521248,-32.98886216],[-69.16518282,-32.98884968],[-69.16511224,-32.9888167],[-69.1650835,-32.98878591],[-69.16503338,-32.98870056],[-69.16500408,-32.98868677],[-69.16497049,-32.98868362],[-69.16488108,-32.98868171],[-69.16484431,-32.9886606],[-69.16479804,-32.98866302],[-69.16473151,-32.98870102],[-69.16462761,-32.98878404],[-69.16460395,-32.98881705],[-69.16460072,-32.98884578],[-69.164616,-32.98891274],[-69.16460681,-32.98895032],[-69.16455223,-32.98914861],[-69.16451055,-32.98924841],[-69.16455692,-32.98933209],[-69.16455458,-32.98937004],[-69.16454119,-32.98941737],[-69.16448919,-32.98955048],[-69.16445694,-32.98969781],[-69.16444214,-32.98984298],[-69.16442764,-32.99012451],[-69.16443589,-32.99017296],[-69.16451407,-32.99045414],[-69.16459812,-32.99064756],[-69.16462538,-32.99068074],[-69.1647873,-32.99085168],[-69.16482635,-32.99092434],[-69.16483632,-32.99096208],[-69.16482816,-32.9910162],[-69.16478973,-32.99103142],[-69.16463318,-32.99104493],[-69.1646036,-32.99105957],[-69.1645556,-32.99110011],[-69.16452446,-32.99110481],[-69.16444544,-32.99109953],[-69.16441522,-32.99111215],[-69.16437553,-32.99114745],[-69.16436855,-32.99117319],[-69.16437438,-32.99121758],[-69.16438661,-32.99127693],[-69.16437885,-32.99130907],[-69.16435753,-32.99133963],[-69.16430484,-32.99139931],[-69.16422466,-32.99147428],[-69.16415658,-32.99151889],[-69.1639771,-32.99162899],[-69.163817,-32.99170116],[-69.16377847,-32.99168209],[-69.1637337,-32.99164564],[-69.16363072,-32.99154905],[-69.16348226,-32.99138566],[-69.16344095,-32.99136691],[-69.16340798,-32.99136605],[-69.16331992,-32.99138327],[-69.1632692,-32.99140313],[-69.16323877,-32.99139773],[-69.16321916,-32.99137558],[-69.16319596,-32.99133661],[-69.16311357,-32.99121107],[-69.16301011,-32.99108489],[-69.16298254,-32.99107089],[-69.16294782,-32.99106222],[-69.16286844,-32.9910496],[-69.162848,-32.99102608],[-69.16268311,-32.99085306],[-69.16262708,-32.9908186],[-69.16258578,-32.99080614],[-69.162556,-32.99081646],[-69.16250714,-32.99085076],[-69.16246873,-32.99083735],[-69.16244523,-32.99081079],[-69.16242433,-32.99076668],[-69.16235976,-32.99062666],[-69.16229379,-32.99057361],[-69.16220175,-32.99051102],[-69.16183197,-32.99029858],[-69.1617784,-32.9902826],[-69.16174502,-32.99028377],[-69.16171639,-32.99031206],[-69.16169395,-32.99038294],[-69.16167013,-32.99048958],[-69.16167831,-32.99053812],[-69.16169749,-32.99060404],[-69.16167124,-32.99061153],[-69.16162737,-32.9906057],[-69.161548,-32.99060959],[-69.16154261,-32.99056637],[-69.16154142,-32.99049552],[-69.16151914,-32.9904375],[-69.16146836,-32.9903499],[-69.16144712,-32.99027924],[-69.1614214,-32.99014866],[-69.16140463,-32.99011898],[-69.16137406,-32.99008989],[-69.16134169,-32.99007323],[-69.16129776,-32.99006177],[-69.16117785,-32.99003522],[-69.16102867,-32.98996775],[-69.16094248,-32.9899152],[-69.16087156,-32.98989591],[-69.16076797,-32.98987387],[-69.16073136,-32.98988756],[-69.16072203,-32.98991368],[-69.16072493,-32.98994331],[-69.16074294,-32.99003869],[-69.16077805,-32.99014533],[-69.16076232,-32.99021228],[-69.16077541,-32.99026709],[-69.16074638,-32.99027571],[-69.16070048,-32.99027765],[-69.16066452,-32.99026418],[-69.16064085,-32.99018396],[-69.16061614,-32.99016388],[-69.16057474,-32.99014168],[-69.16051668,-32.99011499],[-69.16047182,-32.99010785],[-69.1604397,-32.99011814],[-69.16041119,-32.99014668],[-69.16037358,-32.99020068],[-69.16028359,-32.9903639],[-69.16023423,-32.99045348],[-69.16019114,-32.99044093],[-69.16015728,-32.9904103],[-69.16013875,-32.99037495],[-69.16010372,-32.99023192],[-69.1600537,-32.99015737],[-69.16002599,-32.9901409],[-69.1599389,-32.99010189],[-69.1598633,-32.99000906],[-69.15982453,-32.99002568],[-69.15978107,-32.99007272],[-69.15977124,-32.99011197],[-69.15977823,-32.99014937],[-69.15981427,-32.99037775],[-69.15988144,-32.99108016],[-69.15985173,-32.99109838],[-69.15982412,-32.99108686],[-69.15976612,-32.99102096],[-69.159718,-32.9909545],[-69.1596447,-32.99083803],[-69.15955674,-32.99073443],[-69.15952465,-32.99066062],[-69.15947974,-32.99051987],[-69.15945741,-32.99049821],[-69.15927597,-32.99036015],[-69.15917494,-32.99024354],[-69.15913724,-32.99024491],[-69.15912111,-32.99026827],[-69.15912182,-32.99029825],[-69.15916703,-32.99088269],[-69.15916484,-32.99107576],[-69.15918368,-32.99111854],[-69.1593756,-32.99137051],[-69.15940345,-32.99142871],[-69.15946626,-32.99157462],[-69.15947218,-32.99161269],[-69.15946224,-32.99165028],[-69.15941782,-32.99174672],[-69.15937404,-32.9917557],[-69.15929847,-32.99175475],[-69.15926773,-32.99177342],[-69.15922942,-32.99180228],[-69.15910305,-32.99190042],[-69.15907049,-32.99190787],[-69.15904159,-32.99189702],[-69.1590119,-32.99187661],[-69.15897624,-32.99184444],[-69.15881748,-32.99170252],[-69.15872885,-32.9916507],[-69.15869244,-32.99164687],[-69.15862562,-32.99164586],[-69.1585936,-32.99161745],[-69.1585783,-32.99157541],[-69.15857632,-32.99151643],[-69.1585902,-32.9914479],[-69.15857331,-32.99141318],[-69.15837919,-32.99106116],[-69.15836278,-32.9909893],[-69.15833882,-32.99085024],[-69.15831649,-32.99080572],[-69.15828515,-32.99076496],[-69.1581487,-32.9906268],[-69.1581034,-32.99062932],[-69.15795434,-32.99066343],[-69.15772715,-32.99072148],[-69.15760297,-32.99076641],[-69.1576064,-32.99079037],[-69.15766806,-32.99082937],[-69.1578151,-32.99089622],[-69.15785586,-32.99093091],[-69.15785873,-32.99096203],[-69.15783313,-32.99097228],[-69.15772084,-32.99096233],[-69.15760535,-32.99097932],[-69.157507,-32.99100941],[-69.15749032,-32.99103423],[-69.15748224,-32.99106881],[-69.15747992,-32.99114101],[-69.15749784,-32.99125105],[-69.15748815,-32.99127708],[-69.15746103,-32.99128468],[-69.15734939,-32.99124264],[-69.15732676,-32.991222],[-69.15724172,-32.99112166],[-69.15718319,-32.99108112],[-69.15714595,-32.99107719],[-69.15706439,-32.99107536],[-69.15703387,-32.99106258],[-69.15697411,-32.99101568],[-69.15691511,-32.99095599],[-69.15688317,-32.99094645],[-69.15685339,-32.99095578],[-69.15682203,-32.9909745],[-69.1567776,-32.99101382],[-69.15677375,-32.99104031],[-69.1567834,-32.99108472],[-69.15680698,-32.99113967],[-69.1568319,-32.99115865],[-69.15692348,-32.99119593],[-69.15701761,-32.99126893],[-69.15703071,-32.99129498],[-69.15701669,-32.99132373],[-69.15697535,-32.99132373],[-69.15692075,-32.99131348],[-69.15690126,-32.99135285],[-69.15684202,-32.99141926],[-69.15681148,-32.99143204],[-69.15675788,-32.99144077],[-69.15669756,-32.99144583],[-69.15661211,-32.99143762],[-69.15656122,-32.99147923],[-69.15652208,-32.9915185],[-69.15646089,-32.99156192],[-69.15638501,-32.99161361],[-69.1563385,-32.99164051],[-69.15628712,-32.99168598],[-69.15624063,-32.99172732],[-69.15619777,-32.99174388],[-69.15617446,-32.9917274],[-69.15614253,-32.9916841],[-69.15609057,-32.99162365],[-69.155998,-32.99144677],[-69.15596224,-32.99141482],[-69.15587109,-32.99135134],[-69.15586189,-32.99132303],[-69.15583923,-32.99126204],[-69.15580457,-32.99125684],[-69.15563355,-32.99128947],[-69.15559246,-32.99128411],[-69.15555761,-32.99126949],[-69.15549223,-32.99124577],[-69.15547139,-32.99128737],[-69.1554494,-32.99138088],[-69.15542316,-32.99141253],[-69.1553128,-32.99151024],[-69.15528312,-32.99151888],[-69.15525824,-32.99150338],[-69.15524346,-32.99147719],[-69.15521443,-32.99141393],[-69.1551388,-32.99131576],[-69.15508983,-32.99127351],[-69.15505395,-32.99125993],[-69.15495562,-32.99123704],[-69.15487971,-32.99122797],[-69.15483635,-32.99123907],[-69.15481367,-32.99125953],[-69.15479101,-32.99130195],[-69.15476223,-32.99131299],[-69.15470925,-32.99131907],[-69.15461414,-32.99131386],[-69.15457957,-32.99128338],[-69.15451605,-32.99121645],[-69.15448273,-32.99121202],[-69.15444933,-32.99121713],[-69.15441119,-32.9912382],[-69.15436155,-32.99128189],[-69.15430736,-32.99128721],[-69.15418168,-32.99129019],[-69.15414978,-32.99130653],[-69.15408574,-32.99134905],[-69.15404392,-32.99135994],[-69.15401417,-32.99134847],[-69.15382498,-32.99123792],[-69.1537799,-32.99123224],[-69.15373445,-32.99124024],[-69.15368092,-32.9912596],[-69.15365068,-32.99128085],[-69.15359064,-32.99136823],[-69.15349315,-32.99141127],[-69.15344473,-32.99143514],[-69.15339636,-32.99147942],[-69.15333185,-32.99153731],[-69.15325924,-32.99158501],[-69.15321082,-32.99160208],[-69.15317446,-32.99159532],[-69.15314616,-32.99157155],[-69.15308544,-32.9914866],[-69.15304089,-32.99141523],[-69.15297214,-32.99135069],[-69.15291145,-32.99128275],[-69.15285072,-32.99119099],[-69.15283442,-32.99110258],[-69.15283022,-32.99101416],[-69.15283063,-32.99091268],[-69.15281844,-32.99087999],[-69.152799,-32.99085958],[-69.15276258,-32.99084736],[-69.15269705,-32.99083927],[-69.15265095,-32.99084137],[-69.15259516,-32.99085165],[-69.15251756,-32.99087832],[-69.15241416,-32.99091232],[-69.1523793,-32.99089011],[-69.15232671,-32.99083558],[-69.1523028,-32.99077486],[-69.15227327,-32.9906572],[-69.15224983,-32.99063377],[-69.15220221,-32.99061292],[-69.15217329,-32.99062286],[-69.15215693,-32.99064756],[-69.15212342,-32.9907187],[-69.15209687,-32.99073688],[-69.15206413,-32.99074181],[-69.15203065,-32.99073556],[-69.15197961,-32.99071336],[-69.15182649,-32.99062579],[-69.15178364,-32.99059189],[-69.15175803,-32.99054919],[-69.15163602,-32.99034067],[-69.15159875,-32.99033714],[-69.15155416,-32.99038038],[-69.15154066,-32.99040652],[-69.15147257,-32.99055986],[-69.15143238,-32.99057652],[-69.1513803,-32.99056266],[-69.15127701,-32.99050184],[-69.15123416,-32.9904943],[-69.15118628,-32.99049283],[-69.15114074,-32.99047338],[-69.15109918,-32.99044251],[-69.15106562,-32.99042506],[-69.15102251,-32.99042243],[-69.15096664,-32.99043056],[-69.15092196,-32.99044541],[-69.15089005,-32.9904589],[-69.15085414,-32.99046701],[-69.15082937,-32.99045224],[-69.15079418,-32.99041329],[-69.15075899,-32.99037702],[-69.15068801,-32.99033581],[-69.150654,-32.9903328],[-69.15061035,-32.99034048],[-69.15057375,-32.9903517],[-69.15054343,-32.99036115],[-69.15050192,-32.9903612],[-69.15045561,-32.99035453],[-69.15039333,-32.99035057],[-69.15035662,-32.99035465],[-69.15031272,-32.99035672],[-69.15028085,-32.99034759],[-69.15023763,-32.99031626],[-69.15013237,-32.99023779],[-69.15008763,-32.99022687],[-69.1500272,-32.9902274],[-69.14991604,-32.99023579],[-69.14986508,-32.9902572],[-69.1498333,-32.99025406],[-69.14977276,-32.99023098],[-69.14973881,-32.99023333],[-69.14970896,-32.99024676],[-69.14968776,-32.99026934],[-69.14963773,-32.9903244],[-69.14942392,-32.99028135],[-69.14933269,-32.99022317],[-69.14930222,-32.99022529],[-69.14926373,-32.99024158],[-69.14921347,-32.99027424],[-69.14913159,-32.99034851],[-69.14910173,-32.9903906],[-69.14908929,-32.99043756],[-69.14906552,-32.99045506],[-69.14903158,-32.99046893],[-69.14886044,-32.99053642],[-69.14880723,-32.99057344],[-69.14878057,-32.99060528],[-69.14870535,-32.9907105],[-69.14852372,-32.99090599],[-69.14846992,-32.99099327],[-69.14845678,-32.99103485],[-69.14845967,-32.9910967],[-69.14847248,-32.99112339],[-69.14850579,-32.99115887],[-69.14858841,-32.99122952],[-69.14865433,-32.99126885],[-69.14869331,-32.99129722],[-69.1487167,-32.99132233],[-69.14874142,-32.99135727],[-69.14876227,-32.99141189],[-69.14878446,-32.99148837],[-69.14878583,-32.99153317],[-69.148769,-32.99155888],[-69.14873917,-32.99156274],[-69.14868203,-32.99153767],[-69.14865347,-32.99152896],[-69.14861286,-32.99153459],[-69.14855598,-32.99156652],[-69.14851069,-32.9916095],[-69.14847345,-32.99161886],[-69.1483313,-32.99162775],[-69.14830225,-32.99164302],[-69.14828119,-32.99166486],[-69.14827292,-32.99169276],[-69.14827382,-32.99172195],[-69.14828406,-32.99175957],[-69.14832085,-32.99185422],[-69.14827956,-32.99190054],[-69.14812127,-32.99208239],[-69.148108,-32.99213183],[-69.14811614,-32.99219377],[-69.14814818,-32.99231023],[-69.14819388,-32.99232998],[-69.14834126,-32.99235321],[-69.14840532,-32.99238212],[-69.14844286,-32.9924108],[-69.14845748,-32.99244582],[-69.14847438,-32.99251903],[-69.14849394,-32.99254118],[-69.14852521,-32.99255201],[-69.14855919,-32.99255299],[-69.1485904,-32.99254218],[-69.14862685,-32.99252224],[-69.14871294,-32.99250592],[-69.14889619,-32.9924893],[-69.14891769,-32.99250622],[-69.14891382,-32.99254111],[-69.14880343,-32.99290747],[-69.14884116,-32.99295184],[-69.14887718,-32.99298012],[-69.14894673,-32.99301176],[-69.14906174,-32.99305658],[-69.14908542,-32.9930909],[-69.14905561,-32.99311506],[-69.14897897,-32.99314921],[-69.14879936,-32.99320153],[-69.14873392,-32.99321061],[-69.14868217,-32.99320681],[-69.14856325,-32.99318895],[-69.14852409,-32.99317122],[-69.14848027,-32.99312701],[-69.14843841,-32.99311232],[-69.14831009,-32.99307463],[-69.14828594,-32.99304156],[-69.14823664,-32.99296379],[-69.14820754,-32.99295397],[-69.14815398,-32.99295084],[-69.14812091,-32.99295858],[-69.14810023,-32.99297978],[-69.14809376,-32.99301726],[-69.14809972,-32.99304693],[-69.14813116,-32.99308145],[-69.14819659,-32.99312607],[-69.14821731,-32.99315877],[-69.14824417,-32.99322934],[-69.14824978,-32.99329769],[-69.14823999,-32.99333481],[-69.14820284,-32.99339674],[-69.14820917,-32.99345995],[-69.14822311,-32.99353114],[-69.14824154,-32.99356689],[-69.14827348,-32.99359329],[-69.14830449,-32.99359444],[-69.14833445,-32.99358137],[-69.14836714,-32.99358523],[-69.14839603,-32.99359648],[-69.14842242,-32.99361702],[-69.14845959,-32.9936688],[-69.148552,-32.99382184],[-69.14862634,-32.99390604],[-69.1487017,-32.99396877],[-69.14890253,-32.99413167],[-69.14894681,-32.99415279],[-69.14915287,-32.9942275],[-69.14917927,-32.99425234],[-69.14920572,-32.99429956],[-69.14923489,-32.99437312],[-69.14924742,-32.99443045],[-69.14924036,-32.99446259],[-69.14919356,-32.99450084],[-69.14899131,-32.99463872],[-69.14895008,-32.99465371],[-69.14890769,-32.99464573],[-69.14886719,-32.99460114],[-69.14870533,-32.9943893],[-69.1486729,-32.99438132],[-69.14863841,-32.99438262],[-69.14859,-32.99439305],[-69.14853512,-32.99438707],[-69.14849484,-32.99437074],[-69.14845339,-32.99433759],[-69.14831312,-32.9942201],[-69.14816408,-32.99413316],[-69.1480215,-32.99406751],[-69.14797146,-32.99403049],[-69.14786971,-32.99393797],[-69.14780595,-32.99386941],[-69.14776127,-32.99381269],[-69.14773111,-32.9937542],[-69.1477108,-32.99369668],[-69.14768075,-32.99367678],[-69.14764286,-32.99368705],[-69.1476097,-32.99369757],[-69.14755993,-32.99369676],[-69.14752518,-32.99368501],[-69.14749868,-32.99364705],[-69.14749552,-32.99361735],[-69.14749339,-32.99358504],[-69.14747886,-32.99355858],[-69.14745995,-32.99353455],[-69.14742382,-32.99350944],[-69.14738162,-32.99349911],[-69.14722722,-32.99348623],[-69.14716326,-32.99348859],[-69.14709742,-32.99350011],[-69.147058,-32.99346857],[-69.14704155,-32.99344614],[-69.14701867,-32.99340863],[-69.14699143,-32.99336563],[-69.14694681,-32.99333181],[-69.1468545,-32.99329702],[-69.14677819,-32.9932801],[-69.14674626,-32.99328687],[-69.14671641,-32.99331503],[-69.14671144,-32.993344],[-69.14672713,-32.99339226],[-69.14675907,-32.99344405],[-69.14679889,-32.99348831],[-69.14681947,-32.99352793],[-69.14682332,-32.99357721],[-69.14679656,-32.99364516],[-69.14679286,-32.99368637],[-69.14681986,-32.99376393],[-69.14686614,-32.99389965],[-69.14695464,-32.99408397],[-69.14694887,-32.99412189],[-69.14692846,-32.99414565],[-69.14687122,-32.99417572],[-69.14661169,-32.99430545],[-69.14658246,-32.99433454],[-69.14657037,-32.99436165],[-69.14655859,-32.99443875],[-69.14656206,-32.99448689],[-69.14658047,-32.99452155],[-69.1466127,-32.99454867],[-69.14674937,-32.99460236],[-69.1467696,-32.99462147],[-69.14677216,-32.99464698],[-69.14675775,-32.99467602],[-69.14671844,-32.99469737],[-69.14661831,-32.99473222],[-69.14656033,-32.99478544],[-69.14652764,-32.99486203],[-69.14648495,-32.99499816],[-69.14644735,-32.99515768],[-69.14642218,-32.99520449],[-69.14639865,-32.99522252],[-69.14636134,-32.99522264],[-69.14631515,-32.99518848],[-69.14622312,-32.99498664],[-69.14617697,-32.99493174],[-69.14613467,-32.99488653],[-69.14606552,-32.99485105],[-69.14598102,-32.99481558],[-69.14590127,-32.99476329],[-69.14580426,-32.99469294],[-69.14575431,-32.99466067],[-69.14568901,-32.99462842],[-69.14562754,-32.99459293],[-69.14553143,-32.99449929],[-69.14543532,-32.99440565],[-69.14537385,-32.99437016],[-69.14532778,-32.99436052],[-69.14528171,-32.99435734],[-69.14523183,-32.99436709],[-69.14517046,-32.99439303],[-69.14512827,-32.99440924],[-69.14507454,-32.99441254],[-69.14500874,-32.99440931],[-69.14496377,-32.99441581],[-69.14493507,-32.99443077],[-69.14491039,-32.9944632],[-69.14489716,-32.99451303],[-69.14488159,-32.99462179],[-69.14488682,-32.99474879],[-69.14488287,-32.99477727],[-69.14486507,-32.99479762],[-69.14483115,-32.99479953],[-69.14476295,-32.99476243],[-69.14472527,-32.99476965],[-69.14465681,-32.99481107],[-69.14462305,-32.99480164],[-69.14459804,-32.99474213],[-69.14456714,-32.99464661],[-69.14453111,-32.99459701],[-69.14448193,-32.99455649],[-69.14442344,-32.99452561],[-69.1443768,-32.99451847],[-69.14425193,-32.99451093],[-69.14422132,-32.99452008],[-69.14419913,-32.99454172],[-69.14417801,-32.99458128],[-69.14416323,-32.9946599],[-69.14412925,-32.99489625],[-69.14410556,-32.99495816],[-69.14403504,-32.99505637],[-69.14391971,-32.99520091],[-69.14385113,-32.99526982],[-69.14380062,-32.99531689],[-69.14377279,-32.99536246],[-69.14375893,-32.99542565],[-69.14375953,-32.99552593],[-69.14376439,-32.99556373],[-69.14375054,-32.99562775],[-69.14370147,-32.99563962],[-69.14367199,-32.99561839],[-69.14365785,-32.99554753],[-69.14363874,-32.99552301],[-69.14360527,-32.99551364],[-69.14354598,-32.99551884],[-69.14341838,-32.99554408],[-69.14324837,-32.99559053],[-69.14318877,-32.9956195],[-69.14298979,-32.99575537],[-69.14294729,-32.99578439],[-69.14284877,-32.9958488],[-69.14278834,-32.99585959],[-69.1427172,-32.99585219],[-69.14265147,-32.99581688],[-69.14260686,-32.9957687],[-69.14259698,-32.99574901],[-69.14258132,-32.99571782],[-69.1425621,-32.99563478],[-69.14250766,-32.99534376],[-69.14247373,-32.99528224],[-69.14244301,-32.99527403],[-69.14242043,-32.99530401],[-69.14238982,-32.99536673],[-69.142376,-32.9954261],[-69.1423621,-32.99556077],[-69.1423639,-32.99570726],[-69.14234755,-32.99575892],[-69.14234664,-32.99576178],[-69.14232261,-32.99579451],[-69.14229487,-32.99580622],[-69.14222197,-32.99580933],[-69.14212014,-32.99579069],[-69.14211515,-32.99578823],[-69.14200534,-32.99573417],[-69.14195117,-32.99570767],[-69.14189036,-32.99566596],[-69.14184409,-32.99562101],[-69.14176242,-32.99552315],[-69.1416643,-32.99544611],[-69.14158805,-32.99539321],[-69.14152476,-32.99537448],[-69.14145778,-32.99537455],[-69.1413983,-32.99540596],[-69.14135374,-32.99546556],[-69.14131291,-32.99553142],[-69.14130665,-32.99561087],[-69.14131147,-32.9956489],[-69.14134396,-32.99574025],[-69.14133644,-32.99577791],[-69.14131139,-32.99580969],[-69.14126857,-32.99584123],[-69.14113335,-32.99590214],[-69.14090808,-32.99596379],[-69.14077115,-32.99601045],[-69.14069984,-32.99604182],[-69.14063299,-32.99608676],[-69.14059849,-32.99612822],[-69.14056695,-32.99615206],[-69.14052918,-32.9961657],[-69.14043901,-32.9961802],[-69.14037259,-32.99621667],[-69.14034102,-32.9962223],[-69.14029647,-32.99621148],[-69.14023305,-32.99617363],[-69.14019998,-32.99617048],[-69.14015506,-32.99617791],[-69.14012627,-32.9961925],[-69.14008579,-32.99623161],[-69.14003452,-32.99625184],[-69.13997362,-32.99625585],[-69.13989108,-32.99625228],[-69.13985798,-32.99626807],[-69.13979467,-32.99631365],[-69.13963173,-32.99648958],[-69.13960223,-32.99652144],[-69.13953225,-32.99657683],[-69.13947043,-32.99661129],[-69.13942544,-32.99661261],[-69.13939216,-32.9965899],[-69.13937733,-32.99656417],[-69.13935922,-32.99653277],[-69.13932473,-32.99640502],[-69.13923998,-32.99618129],[-69.13920858,-32.99614044],[-69.13916766,-32.99610663],[-69.13912791,-32.99608819],[-69.13905046,-32.99607146],[-69.13899302,-32.9960722],[-69.13893744,-32.99608414],[-69.13881467,-32.9961332],[-69.13876922,-32.99612903],[-69.13873468,-32.99611206],[-69.1386629,-32.99606711],[-69.13860106,-32.99605825],[-69.13847561,-32.99606649],[-69.13842489,-32.99608843],[-69.13839088,-32.99612747],[-69.13838967,-32.99618073],[-69.13838931,-32.9961965],[-69.13841584,-32.99634581],[-69.13842914,-32.99661856],[-69.13840858,-32.9966928],[-69.13835151,-32.99677784],[-69.13831247,-32.99681007],[-69.13823192,-32.99686767],[-69.13799957,-32.99701365],[-69.1389142,-32.99772813],[-69.13896379,-32.99776696],[-69.13735366,-32.99862101],[-69.13523521,-32.99974462],[-69.13514126,-32.99969274],[-69.13396999,-33.00041565],[-69.13276303,-33.00105577],[-69.13143781,-33.00204173],[-69.13077491,-33.00204526],[-69.1298159,-33.00205036],[-69.12980714,-33.00205041],[-69.12958918,-33.00277491],[-69.12951266,-33.00302926],[-69.12757751,-33.00553779],[-69.12534557,-33.00645535],[-69.12518007,-33.00650279],[-69.12384578,-33.00702416],[-69.12382397,-33.00703427],[-69.12294208,-33.00744336],[-69.12286514,-33.00747498],[-69.12288874,-33.0075109],[-69.12305152,-33.00790562],[-69.12351078,-33.00845789],[-69.12446801,-33.00991512],[-69.12449412,-33.01057888],[-69.12417683,-33.01174125],[-69.12407575,-33.01211151],[-69.12356577,-33.01279293],[-69.12346773,-33.01285888],[-69.12277895,-33.01332219],[-69.1226316,-33.01334749],[-69.12208467,-33.01344143],[-69.12178328,-33.0134476],[-69.12012211,-33.01377849],[-69.12005873,-33.01378937],[-69.11907474,-33.01565122],[-69.11874631,-33.01750378],[-69.11910197,-33.02054883],[-69.11909121,-33.02128596],[-69.11877347,-33.02191608],[-69.11799388,-33.02344213],[-69.11745976,-33.02426841],[-69.11777353,-33.02454908],[-69.11787031,-33.02512957],[-69.11779679,-33.02557043],[-69.11767378,-33.02630798],[-69.11755553,-33.02701704],[-69.11626768,-33.02857802],[-69.11616367,-33.02865892],[-69.11608936,-33.02879416],[-69.11569136,-33.02927655],[-69.11468469,-33.02956437],[-69.11458755,-33.02962393],[-69.11301609,-33.03058741],[-69.11217409,-33.03110364],[-69.11193866,-33.03117611],[-69.11168097,-33.03140596],[-69.11131802,-33.03162847],[-69.11017277,-33.03209035],[-69.10949698,-33.03215087],[-69.10888828,-33.03298455],[-69.10790273,-33.03337053],[-69.10761998,-33.03348127],[-69.10751584,-33.03352205],[-69.10690173,-33.03434435],[-69.1057951,-33.03528843],[-69.10554775,-33.03585434],[-69.10515934,-33.03674297],[-69.10499998,-33.03712764],[-69.10473246,-33.03802998],[-69.10456324,-33.03864563],[-69.10446921,-33.0389403],[-69.1042754,-33.03954765],[-69.10399162,-33.04059872],[-69.10385111,-33.04108663],[-69.10423034,-33.04236641],[-69.10418093,-33.04265986],[-69.10412649,-33.04298315],[-69.10392013,-33.0433973],[-69.10363438,-33.04362769],[-69.10326064,-33.04377114],[-69.10285161,-33.04394095],[-69.1027396,-33.04406286],[-69.1022233,-33.04420987],[-69.10218225,-33.04421917],[-69.10156077,-33.04418423],[-69.1001354,-33.04438312],[-69.10011825,-33.04438449],[-69.10011496,-33.04438475],[-69.10010518,-33.04438388],[-69.09937686,-33.04431885],[-69.09849045,-33.04423969],[-69.09776339,-33.04486452],[-69.09734108,-33.04513676],[-69.09510712,-33.04596738],[-69.09497916,-33.04616852],[-69.09491859,-33.04626373],[-69.094717,-33.04658924],[-69.09460685,-33.04679685],[-69.09371894,-33.0482953],[-69.09356944,-33.04838726],[-69.09327565,-33.04856797],[-69.09311654,-33.04866584],[-69.0929528,-33.04876655],[-69.09263683,-33.04883306],[-69.09212694,-33.04894039],[-69.09212504,-33.04894079],[-69.09206133,-33.04893663],[-69.09159374,-33.04890604],[-69.09122488,-33.04882497],[-69.09116217,-33.04879954],[-69.09124506,-33.04883691],[-69.08768753,-33.05151652],[-69.08716038,-33.0516323],[-69.08676625,-33.05168763],[-69.08634453,-33.05174683],[-69.0856378,-33.05162667],[-69.0816999,-33.05025997],[-69.07975256,-33.05037718],[-69.0766806,-33.0504357],[-69.07630026,-33.05041458],[-69.07606867,-33.05040172],[-69.07602217,-33.05058345],[-69.07528003,-33.05348416],[-69.07536372,-33.05349297],[-69.07651061,-33.05988143],[-69.07681718,-33.06158899],[-69.07706257,-33.06295572],[-69.07712377,-33.06329654],[-69.07745928,-33.0651651],[-69.07816259,-33.06908182],[-69.07930166,-33.07606698],[-69.07983293,-33.07917733],[-69.07980908,-33.07917831],[-69.07986867,-33.07954365],[-69.07983969,-33.07954079],[-69.08035474,-33.08408487],[-69.07998128,-33.08644782],[-69.07994296,-33.0864362]]]]},"geometry_name":"the_geom","properties":{"fid":124,"id":125,"distrito_":"POTRERILLOS","zona_":"RURAL NO IRRIGADA","codigo":"ZRURNI","lote_min":"5000","lado_min":"30","fos":"10","retiro_fro":"10","retiro_lat":"10","retiro_pos":"10","alt_max":"8","ordenanza":"14106-2021","sup_m2":4.15196E8}},{"type":"Feature","id":"Zonas.125","geometry":{"type":"MultiPolygon","coordinates":[[[[-69.11922616,-32.99569469],[-69.11896067,-32.99600933],[-69.11866243,-32.99599882],[-69.11817386,-32.99601742],[-69.11786859,-32.99597023],[-69.11719529,-32.99582383],[-69.1170746,-32.99581815],[-69.11657445,-32.99569719],[-69.11628052,-32.9956015],[-69.11622018,-32.99563387],[-69.11548671,-32.99558862],[-69.11538818,-32.99559442],[-69.11469299,-32.99564323],[-69.11462927,-32.99563184],[-69.1144129,-32.99569919],[-69.11401083,-32.995817],[-69.11389959,-32.995948],[-69.1134816,-32.99609599],[-69.11352216,-32.99653679],[-69.11334058,-32.99678333],[-69.11310706,-32.99693892],[-69.112839,-32.99709141],[-69.11256136,-32.99722805],[-69.11231378,-32.9973499],[-69.11229515,-32.99735504],[-69.11225896,-32.99737471],[-69.11197631,-32.99785534],[-69.1116567,-32.99821204],[-69.1123155,-32.99870966],[-69.11262695,-32.99904795],[-69.11311002,-32.99925636],[-69.11324679,-32.99919164],[-69.11390382,-32.9992402],[-69.11407321,-32.99922521],[-69.11469763,-32.99922671],[-69.11488495,-32.99924332],[-69.11549142,-32.99919857],[-69.11569833,-32.99926316],[-69.11628534,-32.9992736],[-69.11697632,-32.99977163],[-69.1170799,-32.99983445],[-69.11711515,-32.9998806],[-69.1171186,-32.99992127],[-69.1170948,-33.0007174],[-69.11708855,-33.00072528],[-69.11708109,-33.00073103],[-69.11667485,-33.00112582],[-69.11628815,-33.00142072],[-69.11621128,-33.0014739],[-69.11612277,-33.00155509],[-69.11577341,-33.00184902],[-69.11549521,-33.0021118],[-69.11535317,-33.00224268],[-69.11519472,-33.00239273],[-69.11493102,-33.00263434],[-69.11470223,-33.00277841],[-69.11443801,-33.00295147],[-69.11402477,-33.00323059],[-69.11396609,-33.00329079],[-69.11390913,-33.0033665],[-69.11364812,-33.00379202],[-69.11350067,-33.00406785],[-69.11354638,-33.00452067],[-69.11362355,-33.00490452],[-69.11383648,-33.00566143],[-69.1138489,-33.00574109],[-69.11391239,-33.005908],[-69.11412811,-33.00644207],[-69.11414971,-33.00649554],[-69.11418284,-33.00657757],[-69.11424627,-33.00692804],[-69.11419734,-33.00741434],[-69.11406021,-33.00756801],[-69.11391456,-33.00759507],[-69.11341068,-33.00772057],[-69.11312083,-33.00772404],[-69.11254123,-33.00764183],[-69.11232685,-33.00765908],[-69.1118391,-33.00741647],[-69.11153231,-33.00715252],[-69.11133373,-33.00720754],[-69.11111407,-33.00741712],[-69.11090406,-33.00759132],[-69.11082049,-33.00825416],[-69.11083149,-33.00835067],[-69.11094553,-33.00909083],[-69.11103867,-33.00940425],[-69.11124942,-33.00992734],[-69.11120348,-33.01041326],[-69.11111353,-33.01076424],[-69.11099381,-33.01102842],[-69.11074356,-33.01126797],[-69.11060169,-33.01145171],[-69.11040897,-33.01160165],[-69.11074432,-33.01187794],[-69.11149334,-33.01238945],[-69.11153894,-33.01242216],[-69.11155039,-33.01243742],[-69.11155783,-33.01245727],[-69.11191487,-33.01327387],[-69.11184818,-33.01359829],[-69.11159572,-33.01411094],[-69.11156934,-33.01414072],[-69.11154112,-33.01415434],[-69.11107557,-33.01445712],[-69.11074778,-33.01464604],[-69.11055047,-33.01474057],[-69.11035991,-33.01494881],[-69.11025554,-33.01526609],[-69.10995502,-33.01561181],[-69.1098932,-33.01572071],[-69.10985327,-33.01578604],[-69.10995544,-33.01595533],[-69.11052272,-33.01662223],[-69.11026935,-33.01695197],[-69.10995712,-33.01730533],[-69.10987566,-33.01737364],[-69.10978712,-33.01745966],[-69.10948711,-33.01780072],[-69.10943109,-33.01829675],[-69.10947736,-33.01862615],[-69.10960532,-33.01913338],[-69.1097417,-33.01973983],[-69.10977547,-33.01997001],[-69.10986543,-33.02070563],[-69.10987222,-33.0208067],[-69.10965818,-33.02132338],[-69.10960518,-33.02164372],[-69.10949714,-33.02198972],[-69.10936763,-33.02248071],[-69.10928636,-33.02260375],[-69.10916984,-33.02274355],[-69.10891308,-33.02304691],[-69.10864183,-33.02331812],[-69.10849977,-33.02344798],[-69.10837684,-33.02359258],[-69.10811731,-33.02388148],[-69.10789966,-33.02415554],[-69.10786246,-33.02444918],[-69.10766726,-33.02499252],[-69.10774763,-33.02516414],[-69.10781752,-33.02582917],[-69.10768873,-33.0259379],[-69.10758613,-33.02633394],[-69.10737018,-33.02643863],[-69.10737894,-33.02666633],[-69.10695348,-33.02683615],[-69.1068226,-33.02750358],[-69.10680947,-33.02752043],[-69.10679352,-33.0275414],[-69.10621284,-33.02772874],[-69.10610622,-33.02834097],[-69.10605347,-33.02839687],[-69.10600055,-33.02846854],[-69.10551183,-33.02866301],[-69.10541553,-33.02917834],[-69.10532132,-33.02929841],[-69.1052078,-33.02958728],[-69.1048947,-33.02968551],[-69.1048534,-33.03001559],[-69.10477449,-33.03008589],[-69.10461545,-33.03022758],[-69.10441476,-33.0304844],[-69.10370626,-33.03001655],[-69.10398402,-33.02956357],[-69.10394158,-33.02917957],[-69.1040908,-33.02884011],[-69.10410141,-33.02880851],[-69.10425792,-33.02834253],[-69.10435152,-33.02827856],[-69.10441211,-33.02824161],[-69.10496996,-33.02809318],[-69.1052057,-33.02782018],[-69.10574382,-33.02807124],[-69.10557685,-33.02750464],[-69.10577772,-33.02727116],[-69.10599863,-33.02686336],[-69.10655762,-33.02725558],[-69.10620663,-33.02666733],[-69.10599751,-33.02592924],[-69.10596684,-33.02583075],[-69.10538994,-33.02567393],[-69.10520309,-33.02562313],[-69.10488242,-33.02549391],[-69.10440877,-33.025404],[-69.10400844,-33.02499562],[-69.10399729,-33.02456305],[-69.10394792,-33.02415889],[-69.10362823,-33.02333918],[-69.10362213,-33.02332239],[-69.10361224,-33.02328919],[-69.10335171,-33.02248583],[-69.10342411,-33.02228875],[-69.10354279,-33.02164889],[-69.10356172,-33.02159773],[-69.10361014,-33.02150087],[-69.10380755,-33.02102052],[-69.10387447,-33.02081184],[-69.10389552,-33.0202773],[-69.10393139,-33.01997501],[-69.10386673,-33.01941127],[-69.10386717,-33.01913829],[-69.10360644,-33.01833062],[-69.10358667,-33.01830174],[-69.1028117,-33.01769464],[-69.10248353,-33.01746587],[-69.10201698,-33.01706176],[-69.10154397,-33.01662986],[-69.10122171,-33.01592867],[-69.10074768,-33.01613067],[-69.10042807,-33.01622506],[-69.10032846,-33.0165255],[-69.10029745,-33.01663087],[-69.10020141,-33.01722765],[-69.10020455,-33.01746772],[-69.10006537,-33.01792034],[-69.09990165,-33.01830474],[-69.0998068,-33.01848416],[-69.09963675,-33.01858664],[-69.09926413,-33.01874914],[-69.09884315,-33.01894484],[-69.09851959,-33.01880179],[-69.09804915,-33.0189387],[-69.09775634,-33.01883476],[-69.09725492,-33.01873394],[-69.0971364,-33.01901847],[-69.09700848,-33.01914381],[-69.09685855,-33.01956202],[-69.09688906,-33.01998068],[-69.09725683,-33.0204713],[-69.0975599,-33.02081694],[-69.09805154,-33.02110538],[-69.09835516,-33.02113624],[-69.09884562,-33.02115383],[-69.09956567,-33.02165213],[-69.09918982,-33.02201415],[-69.09899509,-33.02248936],[-69.0989227,-33.02256899],[-69.09884725,-33.02261401],[-69.09841033,-33.02286588],[-69.09805373,-33.02307603],[-69.09790295,-33.02316801],[-69.09768339,-33.02332718],[-69.09746159,-33.02353958],[-69.09726032,-33.02364912],[-69.09701095,-33.02390139],[-69.09652905,-33.02416485],[-69.09661127,-33.02431682],[-69.09695485,-33.0250013],[-69.09726218,-33.02534778],[-69.09744053,-33.02553056],[-69.09773999,-33.02583747],[-69.09755581,-33.02614611],[-69.09733423,-33.02667457],[-69.09729274,-33.02670523],[-69.0972637,-33.02673107],[-69.097058,-33.02686643],[-69.09680784,-33.02703103],[-69.09647036,-33.02739687],[-69.09640751,-33.02744578],[-69.09634454,-33.02751211],[-69.09609913,-33.02795725],[-69.09608901,-33.02834909],[-69.09595279,-33.02863915],[-69.09567812,-33.02909697],[-69.09564653,-33.02915286],[-69.09561761,-33.02918623],[-69.09525792,-33.02957995],[-69.094885,-33.03000696],[-69.09487788,-33.03001605],[-69.094873,-33.03002357],[-69.09488513,-33.03012167],[-69.09497185,-33.03086028],[-69.09501991,-33.03100128],[-69.09525939,-33.03169684],[-69.09526447,-33.03209433],[-69.09522081,-33.03253364],[-69.09558853,-33.03314417],[-69.09568266,-33.03330046],[-69.09572173,-33.03330346],[-69.09646868,-33.03336085],[-69.09647686,-33.03336368],[-69.09649721,-33.03336944],[-69.09648919,-33.03338242],[-69.0968171,-33.03420597],[-69.09663018,-33.03436652],[-69.09649183,-33.035043],[-69.09651609,-33.03508234],[-69.09703,-33.03587936],[-69.09727444,-33.0365039],[-69.09736307,-33.03671588],[-69.0974351,-33.03688466],[-69.09768923,-33.0375524],[-69.09781417,-33.03811911],[-69.09786428,-33.03838904],[-69.09767164,-33.03880503],[-69.09739066,-33.03922619],[-69.09736226,-33.03931548],[-69.09727775,-33.03951534],[-69.09713431,-33.03991157],[-69.09702952,-33.04006325],[-69.09668723,-33.04027723],[-69.0964845,-33.0403757],[-69.09613586,-33.04053319],[-69.0956907,-33.04073983],[-69.09554704,-33.04074979],[-69.09517282,-33.04090145],[-69.09495002,-33.04095776],[-69.09489676,-33.04097686],[-69.09415815,-33.04096081],[-69.09410256,-33.04097422],[-69.09398079,-33.04090236],[-69.09392458,-33.04071517],[-69.09364294,-33.04006583],[-69.09380978,-33.03975859],[-69.0938867,-33.03922888],[-69.09391243,-33.0390307],[-69.09409987,-33.03844254],[-69.09411291,-33.03840571],[-69.09411445,-33.03839193],[-69.09409974,-33.03831911],[-69.09378405,-33.0375554],[-69.09330451,-33.03731363],[-69.09305617,-33.0372943],[-69.09251025,-33.03722745],[-69.09215429,-33.0371816],[-69.09171611,-33.03724866],[-69.09118665,-33.03672055],[-69.09092781,-33.03643713],[-69.0909211,-33.03642978],[-69.0904864,-33.03626321],[-69.0901266,-33.03608712],[-69.08956702,-33.03588494],[-69.08933215,-33.03579931],[-69.08920374,-33.03574995],[-69.08875639,-33.03553983],[-69.08853764,-33.03543709],[-69.08805033,-33.03537262],[-69.0877434,-33.03534252],[-69.0872418,-33.03504981],[-69.08694839,-33.0344662],[-69.08676702,-33.03421336],[-69.08615377,-33.03397536],[-69.08595252,-33.03400184],[-69.08535968,-33.03402239],[-69.08514785,-33.0339913],[-69.08456553,-33.03400392],[-69.08395524,-33.03357265],[-69.0837709,-33.03348025],[-69.0836992,-33.03337868],[-69.08372202,-33.03332731],[-69.08377067,-33.03324233],[-69.08404311,-33.03282915],[-69.08405997,-33.03254166],[-69.08413342,-33.03208821],[-69.08430859,-33.03170472],[-69.08429368,-33.03142087],[-69.08447697,-33.03086782],[-69.08445965,-33.03075953],[-69.08437178,-33.03003112],[-69.08422389,-33.02967557],[-69.08400849,-33.02919458],[-69.08376631,-33.02863122],[-69.08340546,-33.02881456],[-69.08297237,-33.02879072],[-69.08281815,-33.02903263],[-69.08269731,-33.02919546],[-69.08249282,-33.02952631],[-69.08217935,-33.02993903],[-69.08214724,-33.0299987],[-69.08212498,-33.03003262],[-69.08184683,-33.03051862],[-69.08138595,-33.03070075],[-69.08126198,-33.03073928],[-69.08059182,-33.03067258],[-69.08032343,-33.03058784],[-69.07979748,-33.03041674],[-69.07929582,-33.03003444],[-69.07900279,-33.02975162],[-69.07842609,-33.0294276],[-69.07820827,-33.0292798],[-69.07802456,-33.02919847],[-69.07741381,-33.02886166],[-69.07719774,-33.02897119],[-69.07662751,-33.02919933],[-69.07662208,-33.02920151],[-69.07662002,-33.0292023],[-69.07603475,-33.02941954],[-69.0758262,-33.02952351],[-69.07541502,-33.02920007],[-69.0750315,-33.02880127],[-69.07449896,-33.0286396],[-69.07423721,-33.02857029],[-69.07365635,-33.02858901],[-69.07344318,-33.02863446],[-69.07314758,-33.02836464],[-69.07264843,-33.02782882],[-69.07218949,-33.02752842],[-69.07185394,-33.02731625],[-69.0712849,-33.02669216],[-69.07130473,-33.02635902],[-69.07131843,-33.02612884],[-69.07124125,-33.02585541],[-69.07131737,-33.02529166],[-69.07135499,-33.02501857],[-69.07144188,-33.02458662],[-69.07180912,-33.02418153],[-69.07177303,-33.02409903],[-69.07185122,-33.02396644],[-69.07192993,-33.02342809],[-69.07200491,-33.02334463],[-69.07182542,-33.02320376],[-69.0717279,-33.02321548],[-69.07105643,-33.02303869],[-69.07090577,-33.02318637],[-69.07026263,-33.02333487],[-69.07025528,-33.02333789],[-69.07023252,-33.02334564],[-69.06975996,-33.02365271],[-69.06946897,-33.02382346],[-69.06929565,-33.02400015],[-69.06915711,-33.02418302],[-69.06893797,-33.02445983],[-69.0686756,-33.02469928],[-69.06852298,-33.02485919],[-69.06840525,-33.0249926],[-69.06838087,-33.02502023],[-69.06813744,-33.02528954],[-69.0678822,-33.02554947],[-69.06764192,-33.02560416],[-69.06728487,-33.02585761],[-69.06714545,-33.02591777],[-69.06708846,-33.02596966],[-69.06693251,-33.0258578],[-69.0662937,-33.02504166],[-69.06628534,-33.02502136],[-69.06627348,-33.02500009],[-69.06614349,-33.02475366],[-69.06584342,-33.02418482],[-69.06552562,-33.02337687],[-69.06551288,-33.02334821],[-69.06573647,-33.02276266],[-69.0658539,-33.02251125],[-69.06594771,-33.02214886],[-69.06610481,-33.02167434],[-69.06615045,-33.02152612],[-69.06629089,-33.02128491],[-69.06642852,-33.02098266],[-69.06651667,-33.02083734],[-69.06647421,-33.02019463],[-69.06644153,-33.0200006],[-69.06645139,-33.0193345],[-69.0664919,-33.01916379],[-69.06628895,-33.01868542],[-69.06606699,-33.01832724],[-69.06549441,-33.01794961],[-69.06526686,-33.01808775],[-69.06470051,-33.01807487],[-69.0645213,-33.01813913],[-69.06399216,-33.01830157],[-69.06350327,-33.01852637],[-69.06322045,-33.01903347],[-69.06315021,-33.01980885],[-69.0628958,-33.02060892],[-69.06286169,-33.02083924],[-69.06269933,-33.02123828],[-69.062321,-33.02158259],[-69.06227653,-33.02162941],[-69.06220234,-33.02167635],[-69.06187103,-33.02203876],[-69.06167722,-33.02251339],[-69.06162676,-33.02261782],[-69.06152778,-33.02274043],[-69.06124864,-33.02305599],[-69.06091298,-33.02335054],[-69.06082208,-33.02344317],[-69.06073426,-33.02350397],[-69.06065181,-33.02358087],[-69.06039024,-33.02382481],[-69.05994067,-33.02416708],[-69.05992911,-33.02417561],[-69.05991407,-33.0241878],[-69.05990429,-33.02438192],[-69.05987538,-33.02495524],[-69.05980853,-33.02498478],[-69.05980779,-33.0249851],[-69.06038678,-33.02670283],[-69.06083574,-33.02951712],[-69.06088208,-33.0295136],[-69.06153245,-33.0294642],[-69.06174794,-33.02943468],[-69.06232638,-33.02923806],[-69.06235596,-33.02923845],[-69.06239255,-33.02920726],[-69.06289228,-33.02896675],[-69.06311996,-33.02851855],[-69.06323882,-33.02849532],[-69.06391395,-33.02837554],[-69.0639551,-33.02841303],[-69.06470859,-33.02913622],[-69.06475958,-33.02920606],[-69.06550334,-33.03003578],[-69.06550987,-33.03004244],[-69.06553044,-33.03007096],[-69.06610412,-33.03087891],[-69.06629826,-33.03112528],[-69.06664115,-33.03123985],[-69.06709255,-33.03136823],[-69.06760583,-33.03141892],[-69.06788664,-33.03133122],[-69.06837591,-33.0313932],[-69.06868085,-33.03146064],[-69.0692911,-33.03152017],[-69.06947508,-33.03160677],[-69.06971428,-33.03171372],[-69.07026949,-33.03198462],[-69.0707427,-33.03221158],[-69.07106394,-33.03240168],[-69.07182841,-33.03251796],[-69.07185816,-33.03252576],[-69.07191972,-33.03254925],[-69.07265255,-33.03285192],[-69.07294926,-33.03286128],[-69.07344688,-33.03309067],[-69.07417527,-33.03338471],[-69.07424129,-33.03342915],[-69.07428616,-33.03343192],[-69.07503551,-33.03353504],[-69.07513698,-33.03349109],[-69.07528249,-33.03338404],[-69.07558064,-33.03312186],[-69.07582919,-33.03300626],[-69.07618313,-33.03291975],[-69.07662322,-33.03289613],[-69.0769838,-33.03292615],[-69.07741727,-33.03281486],[-69.07781487,-33.03296453],[-69.07821159,-33.03303536],[-69.07868886,-33.03338194],[-69.07900642,-33.03382231],[-69.07915442,-33.03421843],[-69.07980137,-33.03472434],[-69.08058416,-33.03504203],[-69.0805958,-33.03504767],[-69.08060763,-33.03505427],[-69.0813906,-33.0357547],[-69.0815437,-33.03589044],[-69.08218523,-33.03627137],[-69.08287394,-33.0366149],[-69.08297975,-33.03665893],[-69.08305935,-33.03672622],[-69.0837745,-33.03728988],[-69.08402653,-33.03756235],[-69.08456946,-33.03811991],[-69.08487843,-33.03839855],[-69.08536415,-33.03865507],[-69.0857273,-33.03878048],[-69.0861586,-33.03893339],[-69.08669338,-33.03896075],[-69.08695274,-33.03889382],[-69.08739188,-33.03885954],[-69.08774664,-33.03861284],[-69.08810682,-33.03877565],[-69.08854117,-33.03896578],[-69.08891911,-33.03923251],[-69.08933582,-33.03943728],[-69.08981018,-33.03973135],[-69.09013052,-33.03994465],[-69.09030972,-33.04006829],[-69.09059202,-33.04055367],[-69.09082128,-33.0409047],[-69.09092581,-33.0410161],[-69.09163949,-33.04174088],[-69.09172088,-33.04185268],[-69.09208346,-33.04257733],[-69.09251631,-33.0430282],[-69.09287248,-33.04295207],[-69.09331054,-33.04303378],[-69.09365319,-33.04293728],[-69.09410462,-33.04291375],[-69.09434676,-33.04283084],[-69.09489861,-33.04269967],[-69.09500679,-33.04268913],[-69.09540991,-33.04257483],[-69.09563947,-33.04251865],[-69.0956926,-33.04249761],[-69.09624284,-33.04231735],[-69.0964865,-33.04220479],[-69.09678973,-33.04205664],[-69.09728027,-33.04181166],[-69.09733048,-33.04178949],[-69.09757563,-33.04173637],[-69.0979946,-33.04165208],[-69.09807427,-33.04162478],[-69.09854524,-33.04139532],[-69.09886797,-33.0411763],[-69.09905263,-33.04109309],[-69.09922111,-33.0408983],[-69.09941646,-33.04063989],[-69.09966119,-33.04030095],[-69.09981928,-33.04022771],[-69.09996784,-33.04006093],[-69.10023602,-33.03983015],[-69.10045464,-33.03965345],[-69.10067409,-33.03945503],[-69.10094988,-33.03922336],[-69.10081878,-33.03877141],[-69.10071168,-33.03838677],[-69.10045305,-33.03825016],[-69.09994974,-33.03785755],[-69.09965819,-33.03764096],[-69.09959391,-33.0375509],[-69.09957188,-33.03746019],[-69.09935399,-33.03671431],[-69.09932712,-33.036367],[-69.09937343,-33.03587752],[-69.09916129,-33.03535682],[-69.09908942,-33.03504096],[-69.09934243,-33.03471152],[-69.0995556,-33.03420382],[-69.0995846,-33.03413041],[-69.09965402,-33.03393507],[-69.09982649,-33.03354902],[-69.09987853,-33.03336678],[-69.09992285,-33.03281457],[-69.09999609,-33.03252991],[-69.09965155,-33.03174142],[-69.09962913,-33.03169342],[-69.09963043,-33.03167125],[-69.09963206,-33.03085664],[-69.09959988,-33.03080333],[-69.09930644,-33.03002012],[-69.09931296,-33.02966579],[-69.09938873,-33.02918328],[-69.09948774,-33.02901381],[-69.09964824,-33.02879908],[-69.09989602,-33.02860742],[-69.10003851,-33.02834598],[-69.10019568,-33.0280868],[-69.10037902,-33.02750893],[-69.10041483,-33.0274815],[-69.10044078,-33.0274371],[-69.10096075,-33.02721988],[-69.10123434,-33.02698555],[-69.10187329,-33.02750772],[-69.10144226,-33.02772628],[-69.10137341,-33.02834491],[-69.10134661,-33.02846145],[-69.10135843,-33.0291817],[-69.10134161,-33.02929197],[-69.10136426,-33.03001847],[-69.1013409,-33.03012698],[-69.1012522,-33.03085534],[-69.10125894,-33.03087656],[-69.10146001,-33.03169195],[-69.10147556,-33.03194014],[-69.10157686,-33.03252863],[-69.10162261,-33.03293055],[-69.10168861,-33.03336532],[-69.1016831,-33.03382993],[-69.10168621,-33.0342021],[-69.10203764,-33.03498601],[-69.10263866,-33.0350381],[-69.10283185,-33.03504718],[-69.10283693,-33.03504329],[-69.10284286,-33.03503793],[-69.10324476,-33.0346364],[-69.10362505,-33.0342389],[-69.10363932,-33.03421555],[-69.10364713,-33.03420048],[-69.10398062,-33.03373871],[-69.10426497,-33.03336319],[-69.10432039,-33.03326025],[-69.10441791,-33.03315762],[-69.1046782,-33.03280078],[-69.10493415,-33.03252585],[-69.10505823,-33.03236467],[-69.10521096,-33.03224918],[-69.10550067,-33.03199419],[-69.10600441,-33.03169363],[-69.10600791,-33.03169186],[-69.1060122,-33.03168816],[-69.10643213,-33.03130222],[-69.10679772,-33.03102017],[-69.10688214,-33.03093971],[-69.10693904,-33.0308506],[-69.1069487,-33.03017398],[-69.10700851,-33.03001376],[-69.10728303,-33.02968983],[-69.10752267,-33.02917654],[-69.10755212,-33.02913708],[-69.10758949,-33.02909766],[-69.10793487,-33.02870386],[-69.10824675,-33.02833913],[-69.10830463,-33.02825697],[-69.10838246,-33.02818573],[-69.10876895,-33.02790952],[-69.10917586,-33.02762862],[-69.10926343,-33.02759379],[-69.10939234,-33.02750136],[-69.10975842,-33.0272786],[-69.10996933,-33.02714381],[-69.11024436,-33.0269539],[-69.1105473,-33.02666356],[-69.11064474,-33.02653922],[-69.11076246,-33.02638897],[-69.11101319,-33.02609097],[-69.11115432,-33.02582624],[-69.11123989,-33.02549367],[-69.11155487,-33.02507453],[-69.11160001,-33.02503668],[-69.11162098,-33.02498905],[-69.11155458,-33.02484273],[-69.11083984,-33.02415296],[-69.11126032,-33.02384381],[-69.11119335,-33.02331587],[-69.11131017,-33.02306056],[-69.11148668,-33.02247883],[-69.11150298,-33.02242764],[-69.11145713,-33.02164208],[-69.11147985,-33.02156764],[-69.11155009,-33.02127581],[-69.111688,-33.02095086],[-69.11168575,-33.02080509],[-69.11181355,-33.02024721],[-69.11189664,-33.01996812],[-69.11182001,-33.01941834],[-69.1118447,-33.01913139],[-69.11197612,-33.01874684],[-69.11208441,-33.0182944],[-69.11216757,-33.01818046],[-69.11219564,-33.01814201],[-69.1122118,-33.01811125],[-69.11224596,-33.01804624],[-69.11233979,-33.01786767],[-69.11248308,-33.01760862],[-69.1125614,-33.01745719],[-69.11272907,-33.01703164],[-69.11298465,-33.01662003],[-69.11296697,-33.01644615],[-69.11313119,-33.01584378],[-69.11314001,-33.01579247],[-69.11314697,-33.0157831],[-69.11355379,-33.01539194],[-69.11392404,-33.0149653],[-69.11393217,-33.01495419],[-69.11393619,-33.0149456],[-69.11402575,-33.01421695],[-69.11404187,-33.01410872],[-69.11419137,-33.01355548],[-69.11425258,-33.01327175],[-69.11430871,-33.01284323],[-69.11444348,-33.0124348],[-69.11432138,-33.0120209],[-69.11430756,-33.01159814],[-69.11454395,-33.01141932],[-69.11471323,-33.01127948],[-69.11499725,-33.01106037],[-69.11527654,-33.01076047],[-69.11536574,-33.01061225],[-69.11550597,-33.0103667],[-69.11569166,-33.01011936],[-69.1158138,-33.00992319],[-69.11599824,-33.00960613],[-69.1162988,-33.00953016],[-69.11663106,-33.00943599],[-69.11709253,-33.0093936],[-69.1174179,-33.0094278],[-69.11777898,-33.00939851],[-69.11788644,-33.00938979],[-69.11808242,-33.00938008],[-69.11816334,-33.00937608],[-69.11855133,-33.00908384],[-69.11860059,-33.00900027],[-69.11850978,-33.00874545],[-69.11840925,-33.00846336],[-69.1183975,-33.00843039],[-69.11833225,-33.00824727],[-69.11825269,-33.0081162],[-69.11788394,-33.00750873],[-69.11781097,-33.00741098],[-69.11770464,-33.00730196],[-69.11708893,-33.0066707],[-69.11699213,-33.00657497],[-69.11693472,-33.00641284],[-69.11671594,-33.00573845],[-69.11670236,-33.00564987],[-69.11664439,-33.0052719],[-69.11666284,-33.00490171],[-69.11673191,-33.00474398],[-69.11679657,-33.00459631],[-69.11703977,-33.00406458],[-69.11706393,-33.00404187],[-69.11708542,-33.00401205],[-69.11750466,-33.00366975],[-69.11784856,-33.00333798],[-69.11801289,-33.00320398],[-69.11815482,-33.00312209],[-69.11840872,-33.00299593],[-69.1185036,-33.00293406],[-69.11868004,-33.002819],[-69.11905409,-33.00258553],[-69.11940629,-33.00236569],[-69.11941863,-33.00235799],[-69.11944056,-33.0023607],[-69.11975405,-33.00239939],[-69.1203381,-33.00247148],[-69.1210528,-33.00258121],[-69.12121597,-33.00255906],[-69.12184646,-33.00244527],[-69.12189774,-33.00244043],[-69.12204792,-33.00238622],[-69.12247845,-33.00221551],[-69.1226397,-33.00200387],[-69.12298726,-33.001915],[-69.12304331,-33.00154846],[-69.12263838,-33.00104485],[-69.12258635,-33.00098789],[-69.12255425,-33.00095276],[-69.12233465,-33.00071238],[-69.12209277,-33.0001388],[-69.1221093,-32.99987581],[-69.12254443,-32.99977821],[-69.12263657,-32.99973636],[-69.12317858,-32.99987476],[-69.1234309,-33.00009654],[-69.12371306,-33.00017156],[-69.12392156,-33.00025963],[-69.12399523,-33.00029075],[-69.12422514,-33.00038787],[-69.12462569,-33.00029569],[-69.12472885,-32.99987322],[-69.12453467,-32.99936444],[-69.12432741,-32.99903684],[-69.12422316,-32.99897641],[-69.12406332,-32.99886878],[-69.12342869,-32.99851454],[-69.12315521,-32.99820122],[-69.12263361,-32.99759735],[-69.12241401,-32.99736517],[-69.12214796,-32.99685457],[-69.12199966,-32.99652879],[-69.1221751,-32.99604754],[-69.12237644,-32.99569164],[-69.12251865,-32.99557327],[-69.1226306,-32.99542123],[-69.12291594,-32.99515551],[-69.12320895,-32.99485404],[-69.12334771,-32.99477402],[-69.12342342,-32.99472548],[-69.12386951,-32.99448721],[-69.12421659,-32.9942865],[-69.12439625,-32.9942056],[-69.124657,-32.99401582],[-69.12489251,-32.99389193],[-69.12500966,-32.99378447],[-69.12533578,-32.99356278],[-69.1248437,-32.99321822],[-69.12488708,-32.99296294],[-69.12487937,-32.99290269],[-69.12486216,-32.99285401],[-69.12483602,-32.99278624],[-69.12483491,-32.99276771],[-69.12303513,-32.9921631],[-69.12286574,-32.99234403],[-69.12274627,-32.99247039],[-69.12262665,-32.99256371],[-69.12229196,-32.99282816],[-69.12183368,-32.99314212],[-69.12181231,-32.99315929],[-69.12179021,-32.99318187],[-69.12137294,-32.99353278],[-69.12104096,-32.99391377],[-69.12099172,-32.99396744],[-69.12094466,-32.99401947],[-69.12056897,-32.99435842],[-69.12024821,-32.99467108],[-69.12015713,-32.99476086],[-69.12004963,-32.99485712],[-69.11975646,-32.99517507],[-69.11945561,-32.99554342],[-69.11937392,-32.99560835],[-69.11922616,-32.99569469]]]]},"geometry_name":"the_geom","properties":{"fid":125,"id":126,"distrito_":"POTRERILLOS","zona_":"AMORTIGUACION INTERNA","codigo":"ZAI","lote_min":"10000","lado_min":"50","fos":"2.50","retiro_fro":"10","retiro_lat":"10","retiro_pos":"10","alt_max":"4.50","ordenanza":"14106-2021","sup_m2":5137090}},{"type":"Feature","id":"Zonas.126","geometry":{"type":"MultiPolygon","coordinates":[[[[-68.74538351,-33.08735298],[-68.74326646,-33.08873433],[-68.75118448,-33.09604904],[-68.75146044,-33.0961547],[-68.75173984,-33.09625375],[-68.75202246,-33.0963461],[-68.75230808,-33.09643168],[-68.75253186,-33.09649344],[-68.77519998,-33.10251572],[-68.80562865,-33.11214695],[-68.80566821,-33.11215939],[-68.80595393,-33.11224484],[-68.80624241,-33.11232346],[-68.80653341,-33.11239518],[-68.80682672,-33.11245993],[-68.80712208,-33.11251768],[-68.80741926,-33.11256836],[-68.80771804,-33.11261195],[-68.80801815,-33.11264841],[-68.80831938,-33.1126777],[-68.80862147,-33.1126998],[-68.80892418,-33.11271471],[-68.80922727,-33.11272239],[-68.8095305,-33.11272285],[-68.80983362,-33.1127161],[-68.81013639,-33.11270212],[-68.81043857,-33.11268094],[-68.81073992,-33.11265257],[-68.81098265,-33.11262441],[-68.83265566,-33.10989516],[-68.83382504,-33.109969],[-68.84256146,-33.11184322],[-68.84263923,-33.11185964],[-68.84271908,-33.11187596],[-68.84396982,-33.1121273],[-68.84418535,-33.11216864],[-68.84448256,-33.11221924],[-68.84478135,-33.11226274],[-68.84497873,-33.11228747],[-68.84673886,-33.11249396],[-68.84684161,-33.11250559],[-68.84714284,-33.11253478],[-68.84744494,-33.11255679],[-68.84774766,-33.1125716],[-68.84802333,-33.1125788],[-68.85775595,-33.11272718],[-68.85778337,-33.11272757],[-68.85787996,-33.11272846],[-68.86420947,-33.11276287],[-68.8644161,-33.11276231],[-68.86471922,-33.11275542],[-68.86502199,-33.11274131],[-68.86532416,-33.11272],[-68.86562549,-33.1126915],[-68.86592574,-33.11265583],[-68.86604032,-33.11264029],[-68.87330267,-33.11174091],[-68.87799782,-33.11117304],[-68.87801241,-33.10267299],[-68.87755896,-33.10058033],[-68.87596836,-33.09323629],[-68.87109338,-33.09367946],[-68.87093901,-33.09369126],[-68.87063774,-33.09371978],[-68.87033755,-33.09375546],[-68.870223,-33.093771],[-68.86342571,-33.09472505],[-68.858081,-33.09469598],[-68.8490575,-33.09455844],[-68.84844572,-33.09448667],[-68.84777396,-33.09435168],[-68.83820852,-33.09229959],[-68.83813077,-33.09228317],[-68.83783546,-33.0922255],[-68.83753832,-33.09217488],[-68.8372396,-33.09213137],[-68.83693954,-33.09209498],[-68.83663838,-33.09206576],[-68.83636352,-33.09204541],[-68.83305982,-33.0918368],[-68.83303265,-33.09183511],[-68.83273001,-33.09182027],[-68.83242699,-33.09181264],[-68.83212383,-33.09181223],[-68.83182078,-33.09181905],[-68.83151808,-33.09183308],[-68.83121598,-33.09185431],[-68.83091471,-33.09188273],[-68.83067204,-33.09191093],[-68.81056444,-33.09444339],[-68.78247173,-33.08555136],[-68.78243219,-33.08553891],[-68.78214658,-33.0854534],[-68.7819228,-33.08539169],[-68.76531901,-33.08098115],[-68.76479678,-33.07815544],[-68.76477408,-33.07803774],[-68.7647193,-33.07778675],[-68.7646561,-33.07753718],[-68.76458455,-33.0772892],[-68.76450468,-33.07704304],[-68.76441658,-33.07679887],[-68.76433807,-33.07659989],[-68.76239489,-33.07185958],[-68.76199529,-33.07226625],[-68.76084444,-33.07348073],[-68.75978002,-33.07415859],[-68.75918313,-33.07483735],[-68.75871315,-33.07573107],[-68.75875301,-33.07669733],[-68.75683894,-33.0771946],[-68.75526459,-33.07779987],[-68.75445491,-33.07854975],[-68.75428046,-33.079901],[-68.75448996,-33.08103534],[-68.75478555,-33.08263572],[-68.74538351,-33.08735298]]]]},"geometry_name":"the_geom","properties":{"fid":126,"id":128,"distrito_":"","zona_":"SERVICIOS","codigo":"ZS","lote_min":"750","lado_min":"15","fos":"","retiro_fro":"","retiro_lat":"","retiro_pos":"4","alt_max":"","ordenanza":"14106-2021","sup_m2":2.50804E7}},{"type":"Feature","id":"Zonas.134","geometry":{"type":"MultiPolygon","coordinates":[[[[-69.03735227,-33.12588634],[-69.07557079,-33.12830009],[-69.07994296,-33.0864362],[-69.07642674,-33.0853698],[-69.06969095,-33.08809406],[-69.06953625,-33.08808527],[-69.05823318,-33.09231134],[-69.02540436,-33.10889779],[-69.0273923,-33.12605102],[-69.03635035,-33.1258229],[-69.03736183,-33.1257971],[-69.03735227,-33.12588634]]]]},"geometry_name":"the_geom","properties":{"fid":134,"id":138,"distrito_":"POTRERILLOS","zona_":"RURAL NO IRRIGADA","codigo":"ZRURNI","lote_min":"5000","lado_min":"30","fos":"10","retiro_fro":"10","retiro_lat":"10","retiro_pos":"10","alt_max":"8","ordenanza":"14106-2021","sup_m2":1.64835E7}},{"type":"Feature","id":"Zonas.135","geometry":{"type":"MultiPolygon","coordinates":[[[[-68.83245518,-33.00793887],[-68.83303273,-33.0089466],[-68.84826341,-33.00590046],[-68.84795379,-33.00464412],[-68.83467442,-33.00733446],[-68.83245518,-33.00793887]]]]},"geometry_name":"the_geom","properties":{"fid":135,"id":139,"distrito_":"","zona_":"COMERCIAL MIXTA 1","codigo":"ZCM1","lote_min":"200","lado_min":"10","fos":"80","retiro_fro":"","retiro_lat":"","retiro_pos":"","alt_max":"","ordenanza":"14106-2022","sup_m2":0}},{"type":"Feature","id":"Zonas.127","geometry":{"type":"MultiPolygon","coordinates":[[[[-68.8782892,-32.96951628],[-68.87925235,-32.96960972],[-68.8793586,-32.96960893],[-68.87949753,-32.9696009],[-68.87963564,-32.96958591],[-68.87977245,-32.96956402],[-68.87990747,-32.9695353],[-68.88004023,-32.96949985],[-68.88017024,-32.96945781],[-68.88029705,-32.96940931],[-68.88042021,-32.96935454],[-68.88053078,-32.9692998],[-68.88063792,-32.9692404],[-68.88074134,-32.9691765],[-68.88084077,-32.96910825],[-68.88092497,-32.96904421],[-68.88093597,-32.96903584],[-68.88102669,-32.96895945],[-68.88118621,-32.96880373],[-68.88125837,-32.96872166],[-68.88132513,-32.96863641],[-68.8813863,-32.96854823],[-68.8814417,-32.96845738],[-68.88149115,-32.96836413],[-68.88153453,-32.96826874],[-68.88157169,-32.96817151],[-68.88160252,-32.96807273],[-68.88162828,-32.96795525],[-68.8816519,-32.96781299],[-68.88166843,-32.96767002],[-68.88167787,-32.9675266],[-68.8816802,-32.96738297],[-68.8816754,-32.96723938],[-68.88166349,-32.96709609],[-68.88164449,-32.96695334],[-68.88161843,-32.96681138],[-68.88158598,-32.96667889],[-68.88154574,-32.96654792],[-68.88149781,-32.9664188],[-68.88144231,-32.96629186],[-68.88137937,-32.96616741],[-68.88130915,-32.96604576],[-68.88123183,-32.9659272],[-68.8811476,-32.96581205],[-68.88105666,-32.96570057],[-68.88035352,-32.96501646],[-68.87949052,-32.96422429],[-68.87854447,-32.96333311],[-68.87756647,-32.9624221],[-68.87669928,-32.96160832],[-68.87570001,-32.9606757],[-68.87490531,-32.95992493],[-68.87382297,-32.95892386],[-68.87373792,-32.95884823],[-68.87364757,-32.95877709],[-68.87355226,-32.95871071],[-68.87345234,-32.95864934],[-68.87334818,-32.95859321],[-68.87324017,-32.95854251],[-68.8731287,-32.95849744],[-68.87301419,-32.95845817],[-68.87289706,-32.95842484],[-68.87277774,-32.95839757],[-68.87257416,-32.95835104],[-68.87254446,-32.95835364],[-68.87166654,-32.95843032],[-68.86998612,-32.95867922],[-68.86851885,-32.958955],[-68.86690112,-32.95925746],[-68.86606042,-32.95941044],[-68.86495796,-32.95968199],[-68.8643292,-32.96001343],[-68.86433531,-32.96001674],[-68.86618942,-32.96102016],[-68.86747113,-32.96168234],[-68.86882707,-32.96243217],[-68.86901707,-32.96255035],[-68.87000797,-32.96308656],[-68.87036587,-32.96324841],[-68.87095554,-32.9635993],[-68.87115071,-32.96371543],[-68.87115934,-32.96372056],[-68.8712717,-32.96382123],[-68.87170303,-32.96427431],[-68.87178649,-32.96435875],[-68.87214077,-32.96461789],[-68.87256521,-32.96494396],[-68.8728546,-32.9651722],[-68.87309888,-32.96545805],[-68.87451273,-32.96672455],[-68.87611455,-32.96815936],[-68.87617722,-32.96821549],[-68.87663592,-32.96851266],[-68.87723832,-32.96885208],[-68.8782892,-32.96951628]]]]},"geometry_name":"the_geom","properties":{"fid":127,"id":129,"distrito_":"LA PUNTILLA","zona_":"PARQUE EMPRESARIAL Y TECNOLÓGICO","codigo":"ZPET","lote_min":"2000","lado_min":"25","fos":"30","retiro_fro":"6","retiro_lat":"0","retiro_pos":"0","alt_max":"36","ordenanza":"14106-2021","sup_m2":853163}},{"type":"Feature","id":"Zonas.128","geometry":{"type":"MultiPolygon","coordinates":[[[[-68.86270628,-33.06875116],[-68.86297983,-33.06995927],[-68.86716214,-33.08885464],[-68.86744573,-33.08929197],[-68.86831009,-33.09403953],[-68.86936293,-33.09389174],[-68.87037725,-33.09375492],[-68.87109338,-33.09367946],[-68.87476673,-33.09334094],[-68.87598966,-33.09322822],[-68.87598847,-33.09322262],[-68.87562973,-33.09153441],[-68.87357452,-33.08172852],[-68.87209489,-33.07453761],[-68.87158509,-33.06906553],[-68.86963032,-33.0692653],[-68.86831333,-33.06941934],[-68.86774524,-33.06686033],[-68.86629726,-33.06033716],[-68.86624177,-33.06009294],[-68.86617078,-33.05978054],[-68.86538679,-33.05633024],[-68.86475801,-33.05346393],[-68.86476805,-33.05343133],[-68.86477097,-33.05341599],[-68.86476906,-33.05340727],[-68.86477786,-33.05337966],[-68.86495873,-33.05281228],[-68.8653717,-33.05151678],[-68.86608683,-33.04914961],[-68.86596038,-33.04917588],[-68.86383676,-33.04961693],[-68.86060438,-33.05067145],[-68.86023121,-33.05072994],[-68.86014355,-33.05086457],[-68.86004814,-33.0510261],[-68.85996049,-33.05119072],[-68.85988072,-33.05135816],[-68.85980897,-33.05152816],[-68.85974536,-33.05170043],[-68.85968998,-33.05187471],[-68.8596815,-33.05190414],[-68.85959332,-33.05221466],[-68.85954969,-33.05238238],[-68.85951366,-33.05255138],[-68.85947753,-33.05274168],[-68.85944976,-33.05290761],[-68.85942808,-33.05308709],[-68.85941494,-33.05326716],[-68.85941037,-33.05344754],[-68.85941437,-33.05362792],[-68.85942694,-33.05380802],[-68.85944805,-33.05398755],[-68.85947768,-33.05416623],[-68.85951577,-33.05434377],[-68.85955724,-33.05450235],[-68.85963044,-33.05476006],[-68.8596328,-33.05477284],[-68.85965508,-33.05488152],[-68.86019884,-33.05735283],[-68.86020827,-33.05739458],[-68.86036253,-33.05806052],[-68.8604539,-33.05845498],[-68.86046078,-33.05848414],[-68.8605369,-33.05880083],[-68.86053851,-33.05880998],[-68.86054771,-33.0588602],[-68.8605592,-33.0589182],[-68.86067897,-33.05949944],[-68.86092202,-33.06067897],[-68.86094862,-33.0607985],[-68.8609508,-33.06080755],[-68.86100208,-33.06101967],[-68.8611084,-33.06145947],[-68.86123934,-33.06200107],[-68.86125764,-33.06207677],[-68.8613847,-33.06266317],[-68.86138958,-33.06268538],[-68.86160373,-33.06364637],[-68.86173811,-33.06424939],[-68.86177554,-33.06441731],[-68.86204228,-33.06561477],[-68.86211977,-33.06597987],[-68.86230925,-33.06687266],[-68.86239347,-33.0672695],[-68.86247787,-33.06766981],[-68.86256778,-33.06809631],[-68.86269397,-33.06869484],[-68.86270628,-33.06875116]]]]},"geometry_name":"the_geom","properties":{"fid":128,"id":130,"distrito_":"PERDRIEL","zona_":"AGROTURISTICA","codigo":"ZAGT","lote_min":"750","lado_min":"18","fos":"40","retiro_fro":"3","retiro_lat":"2","retiro_pos":"2","alt_max":"8","ordenanza":"14106-2021","sup_m2":3120850}},{"type":"Feature","id":"Zonas.129","geometry":{"type":"MultiPolygon","coordinates":[[[[-68.84107374,-33.06013608],[-68.84056314,-33.06049328],[-68.83979781,-33.06070701],[-68.83852244,-33.06095586],[-68.83669435,-33.06134711],[-68.83456862,-33.06180951],[-68.83210235,-33.0625577],[-68.83036726,-33.06310886],[-68.83071257,-33.0639816],[-68.83118204,-33.06479336],[-68.83137295,-33.06496956],[-68.83207046,-33.06506593],[-68.83257325,-33.06512624],[-68.83293084,-33.06518636],[-68.83333094,-33.0652376],[-68.83349904,-33.06526362],[-68.83377986,-33.06529572],[-68.83403673,-33.06531625],[-68.83432093,-33.0653772],[-68.8347523,-33.06550468],[-68.83532405,-33.06566984],[-68.83581361,-33.06582047],[-68.83637851,-33.06598562],[-68.83809041,-33.06644357],[-68.83899433,-33.0666726],[-68.83951137,-33.06678575],[-68.84004554,-33.06690181],[-68.84047025,-33.0669312],[-68.84136856,-33.0670254],[-68.84215442,-33.06724349],[-68.84301825,-33.06743543],[-68.84375464,-33.06759142],[-68.84442021,-33.06774732],[-68.84444816,-33.06796207],[-68.84447588,-33.06831399],[-68.84458913,-33.06836184],[-68.8446521,-33.06880327],[-68.84534587,-33.06903673],[-68.84535937,-33.06941846],[-68.84841107,-33.07017548],[-68.84951537,-33.070611],[-68.85046844,-33.07097035],[-68.8506761,-33.07119033],[-68.85101373,-33.07155713],[-68.85185414,-33.07197205],[-68.85228256,-33.07211072],[-68.85262209,-33.07240336],[-68.85422463,-33.07312737],[-68.85481433,-33.07292766],[-68.85535848,-33.07286149],[-68.85585132,-33.07299162],[-68.85637784,-33.07329209],[-68.85714804,-33.07361742],[-68.85822446,-33.07381905],[-68.85906486,-33.07456387],[-68.86000172,-33.07521428],[-68.86013261,-33.07494708],[-68.86173227,-33.07661958],[-68.86154449,-33.07665217],[-68.86175861,-33.07789295],[-68.86176915,-33.07794962],[-68.86198087,-33.07846576],[-68.86346938,-33.0802298],[-68.86467923,-33.08125695],[-68.86365877,-33.08144968],[-68.86415601,-33.08289354],[-68.86481344,-33.08383659],[-68.86580288,-33.08542412],[-68.86535635,-33.08554889],[-68.86580787,-33.08680184],[-68.86647579,-33.08787803],[-68.86715173,-33.08880022],[-68.86297983,-33.06995927],[-68.86270628,-33.06875116],[-68.86269397,-33.06869484],[-68.86256778,-33.06809631],[-68.86247787,-33.06766981],[-68.86239347,-33.0672695],[-68.86230925,-33.06687266],[-68.86211977,-33.06597987],[-68.86204228,-33.06561477],[-68.86177554,-33.06441731],[-68.86173811,-33.06424939],[-68.86160373,-33.06364637],[-68.86138958,-33.06268538],[-68.8613847,-33.06266317],[-68.86125764,-33.06207677],[-68.86123934,-33.06200107],[-68.8611084,-33.06145947],[-68.86100208,-33.06101967],[-68.8609508,-33.06080755],[-68.86094862,-33.0607985],[-68.86092202,-33.06067897],[-68.86067897,-33.05949944],[-68.8605592,-33.0589182],[-68.86054771,-33.0588602],[-68.86053851,-33.05880998],[-68.8605369,-33.05880083],[-68.86046078,-33.05848414],[-68.8604539,-33.05845498],[-68.86036253,-33.05806052],[-68.86020827,-33.05739458],[-68.86019884,-33.05735283],[-68.85965508,-33.05488152],[-68.8596328,-33.05477284],[-68.85963044,-33.05476006],[-68.85955724,-33.05450235],[-68.85951577,-33.05434377],[-68.85947768,-33.05416623],[-68.85944805,-33.05398755],[-68.85942694,-33.05380802],[-68.85941437,-33.05362792],[-68.85941037,-33.05344754],[-68.85941494,-33.05326716],[-68.85942808,-33.05308709],[-68.85944976,-33.05290761],[-68.85947753,-33.05274168],[-68.85951366,-33.05255138],[-68.85954969,-33.05238238],[-68.85959332,-33.05221466],[-68.8596815,-33.05190414],[-68.85968998,-33.05187471],[-68.85974536,-33.05170043],[-68.85980897,-33.05152816],[-68.85988072,-33.05135816],[-68.85996049,-33.05119072],[-68.86004814,-33.0510261],[-68.86014355,-33.05086457],[-68.86023121,-33.05072994],[-68.85773187,-33.05112167],[-68.85577904,-33.05160508],[-68.85526854,-33.05196234],[-68.85446065,-33.05228347],[-68.85238093,-33.05278304],[-68.85133101,-33.05298977],[-68.85040403,-33.05350859],[-68.84978592,-33.0539238],[-68.84868639,-33.05448056],[-68.84819116,-33.05513695],[-68.84737509,-33.05563665],[-68.84650944,-33.05636349],[-68.84582928,-33.05693458],[-68.84514947,-33.05729769],[-68.84470216,-33.05756351],[-68.84381706,-33.0580661],[-68.84363436,-33.05843816],[-68.84300978,-33.05867827],[-68.84254142,-33.05880908],[-68.84181222,-33.05937755],[-68.84142145,-33.05974935],[-68.84107374,-33.06013608]]]]},"geometry_name":"the_geom","properties":{"fid":129,"id":131,"distrito_":"PERDRIEL","zona_":"RURAL 1","codigo":"ZRUR1","lote_min":"5000","lado_min":"","fos":"","retiro_fro":"","retiro_lat":"","retiro_pos":"","alt_max":"","ordenanza":"14106-2021","sup_m2":4366100}},{"type":"Feature","id":"Zonas.130","geometry":{"type":"MultiPolygon","coordinates":[[[[-68.97162628,-33.03499279],[-68.97125778,-33.03509882],[-68.97129853,-33.0352248],[-68.97078623,-33.03522845],[-68.96997045,-33.03544297],[-68.96938442,-33.03408896],[-68.96808185,-33.03447682],[-68.96844044,-33.03533897],[-68.96814588,-33.03533899],[-68.96762473,-33.0353324],[-68.96697173,-33.03530265],[-68.9671432,-33.03581583],[-68.96636135,-33.03578226],[-68.96594217,-33.03576306],[-68.96565325,-33.03580115],[-68.96649208,-33.03707157],[-68.9669449,-33.03788721],[-68.9671704,-33.03826105],[-68.96771343,-33.03910895],[-68.96792777,-33.03942837],[-68.96837375,-33.04012736],[-68.96860608,-33.04051058],[-68.96877091,-33.04079429],[-68.96917464,-33.04145359],[-68.96977562,-33.04241335],[-68.97243067,-33.04228308],[-68.97343022,-33.04218894],[-68.97359829,-33.04216192],[-68.97401393,-33.04208728],[-68.9758241,-33.04171788],[-68.97951239,-33.04482559],[-68.97998289,-33.04676476],[-68.98331024,-33.04588647],[-68.98770096,-33.04514742],[-68.98942676,-33.04470415],[-68.98957361,-33.04278361],[-68.98982028,-33.04070333],[-68.9900454,-33.03887367],[-68.98875967,-33.03872877],[-68.9878533,-33.03864519],[-68.98053529,-33.03810458],[-68.98013281,-33.03815549],[-68.97934479,-33.038202],[-68.9787404,-33.03829734],[-68.97860952,-33.0383308],[-68.97843304,-33.03835187],[-68.9781797,-33.03838211],[-68.9774325,-33.03847129],[-68.97697395,-33.03851936],[-68.97635386,-33.0385996],[-68.97619667,-33.03860603],[-68.97591216,-33.03861197],[-68.97502675,-33.03858316],[-68.97457334,-33.03847647],[-68.97411284,-33.03834488],[-68.97372035,-33.03815946],[-68.9736075,-33.0380976],[-68.97349384,-33.03804631],[-68.97335049,-33.03793784],[-68.97282316,-33.03753609],[-68.97277986,-33.03749881],[-68.97268734,-33.0374272],[-68.97257355,-33.03723192],[-68.97236944,-33.03696787],[-68.97232225,-33.03685061],[-68.97227346,-33.03673324],[-68.97218588,-33.03654385],[-68.97208252,-33.03626571],[-68.97190834,-33.03584496],[-68.97184517,-33.03567959],[-68.97172878,-33.03531136],[-68.97162628,-33.03499279]]]]},"geometry_name":"the_geom","properties":{"fid":130,"id":134,"distrito_":"LAS COMPUERTAS","zona_":"RESERVA AMBIENTAL 4","codigo":"ZRA4","lote_min":"500","lado_min":"12","fos":"45","retiro_fro":"3","retiro_lat":"0","retiro_pos":"0","alt_max":"8","ordenanza":"14106-2021","sup_m2":1444720}},{"type":"Feature","id":"Zonas.131","geometry":{"type":"MultiPolygon","coordinates":[[[[-69.02722968,-33.0808218],[-69.02780028,-33.08662092],[-69.0228223,-33.0872206],[-69.02314437,-33.09067053],[-69.02540436,-33.10889779],[-69.05823318,-33.09231134],[-69.06494394,-33.08989022],[-69.06045353,-33.08807938],[-69.05863926,-33.08731684],[-69.055818,-33.08621312],[-69.05224641,-33.08483099],[-69.0495824,-33.08414798],[-69.0482283,-33.08366771],[-69.0449691,-33.08237063],[-69.04071475,-33.08067733],[-69.03643065,-33.07926142],[-69.03649164,-33.07925107],[-69.03911172,-33.07818389],[-69.02575592,-33.06801635],[-69.02648796,-33.07463159],[-69.02647709,-33.07463361],[-69.02724728,-33.08081882],[-69.02722968,-33.0808218]]]]},"geometry_name":"the_geom","properties":{"fid":131,"id":135,"distrito_":"POTRERILLOS","zona_":"EQUIPAMIENTO PROVINCIA DE MENDOZA","codigo":"ZEPM","lote_min":"5000","lado_min":"0","fos":"0","retiro_fro":"0","retiro_lat":"0","retiro_pos":"0","alt_max":"0","ordenanza":"14106-2021","sup_m2":7458440}},{"type":"Feature","id":"Zonas.136","geometry":{"type":"MultiPolygon","coordinates":[[[[-68.90790012,-33.03198267],[-68.90927208,-33.03194489],[-68.90928564,-33.03191462],[-68.90929992,-33.0318751],[-68.90931109,-33.03183489],[-68.90931912,-33.03179414],[-68.90932397,-33.03175304],[-68.90932561,-33.03171176],[-68.90932405,-33.03167048],[-68.90931929,-33.03162937],[-68.90931134,-33.03158862],[-68.90930025,-33.03154839],[-68.90928606,-33.03150885],[-68.90927704,-33.03148766],[-68.90916962,-33.03124877],[-68.90911734,-33.03107977],[-68.90903594,-33.03077973],[-68.90902657,-33.03069515],[-68.90897825,-33.0302327],[-68.90897848,-33.03000997],[-68.90897869,-33.02980633],[-68.90899363,-33.02918681],[-68.90902968,-33.02847284],[-68.90905363,-33.02801567],[-68.90905924,-33.02790868],[-68.90909194,-33.02741781],[-68.90909227,-33.02741231],[-68.90912862,-33.026766],[-68.90912868,-33.02676503],[-68.90916293,-33.02613548],[-68.90916839,-33.02607259],[-68.9092245,-33.02542606],[-68.9093029,-33.02455155],[-68.90937431,-33.02385316],[-68.90944096,-33.02327345],[-68.90946394,-33.02307358],[-68.90946499,-33.02306369],[-68.90950071,-33.02269216],[-68.90954354,-33.02224668],[-68.90962663,-33.02142962],[-68.90963023,-33.02139415],[-68.9096309,-33.02138713],[-68.90969146,-33.02070158],[-68.90977596,-33.01981189],[-68.90984616,-33.01922113],[-68.90986029,-33.01910217],[-68.90986129,-33.01909314],[-68.90994317,-33.01828737],[-68.90998961,-33.01783683],[-68.91003159,-33.01742967],[-68.91003174,-33.01742811],[-68.91010466,-33.01669983],[-68.91010567,-33.0166886],[-68.91010637,-33.01667844],[-68.91014394,-33.0160482],[-68.91019404,-33.01559318],[-68.9101945,-33.01558887],[-68.91025224,-33.01502221],[-68.91027002,-33.01484806],[-68.91030497,-33.01450571],[-68.91032035,-33.01436023],[-68.9103675,-33.01391435],[-68.91036881,-33.01390015],[-68.91036891,-33.01389889],[-68.91040161,-33.01347094],[-68.9104568,-33.01294637],[-68.9104696,-33.01282471],[-68.91046998,-33.01282098],[-68.91051914,-33.01231986],[-68.91051928,-33.01231843],[-68.91055075,-33.01198857],[-68.91055985,-33.01189314],[-68.91056049,-33.01188593],[-68.9106019,-33.01137922],[-68.91066421,-33.01077592],[-68.91066523,-33.01076472],[-68.91066577,-33.01076064],[-68.91072578,-33.01021664],[-68.9107262,-33.01021291],[-68.91074415,-33.01006011],[-68.91074547,-33.01004764],[-68.91078359,-33.00964079],[-68.91078383,-33.00963808],[-68.9108441,-33.00895739],[-68.91085487,-33.00888169],[-68.91087272,-33.00875626],[-68.91087588,-33.00872913],[-68.91092877,-33.008145],[-68.9109293,-33.0081388],[-68.91092969,-33.00813345],[-68.91097783,-33.00743248],[-68.91097793,-33.00743099],[-68.9110114,-33.00692289],[-68.91101493,-33.0068692],[-68.91105555,-33.00628061],[-68.91109188,-33.00577798],[-68.91112353,-33.00548135],[-68.91119434,-33.00481773],[-68.91119571,-33.00480302],[-68.91119735,-33.00476174],[-68.91119102,-33.00467935],[-68.91118308,-33.0046386],[-68.91117199,-33.00459836],[-68.91121993,-33.00449345],[-68.90974096,-33.00416128],[-68.90963034,-33.00528656],[-68.90962879,-33.00539264],[-68.90959876,-33.005674],[-68.9095974,-33.00568871],[-68.90959714,-33.00569214],[-68.90956008,-33.00620472],[-68.90955995,-33.00620646],[-68.90951921,-33.00679675],[-68.9095191,-33.00679841],[-68.90951551,-33.00685294],[-68.90948208,-33.00736029],[-68.90943438,-33.00805473],[-68.90938323,-33.0086195],[-68.90936731,-33.00873139],[-68.90935453,-33.00882116],[-68.90935128,-33.00884935],[-68.90928987,-33.0095428],[-68.90925246,-33.00994204],[-68.9092348,-33.01009234],[-68.9092346,-33.01009442],[-68.90923438,-33.01009608],[-68.90917395,-33.01064381],[-68.90917238,-33.01066041],[-68.90917238,-33.01066047],[-68.9091716,-33.01066647],[-68.90910869,-33.01127545],[-68.90910763,-33.01128681],[-68.90906605,-33.01179561],[-68.90905729,-33.01188743],[-68.90902588,-33.01221657],[-68.90897696,-33.01271512],[-68.90896436,-33.01283492],[-68.90890837,-33.01336706],[-68.90890709,-33.01338097],[-68.90890699,-33.01338223],[-68.90887429,-33.01381004],[-68.90882795,-33.0142482],[-68.90881246,-33.01439464],[-68.90881226,-33.01439656],[-68.90877721,-33.01473987],[-68.90875942,-33.01491408],[-68.90875941,-33.01491418],[-68.90870187,-33.01547872],[-68.90865053,-33.01594489],[-68.90864898,-33.01596137],[-68.90864827,-33.01597153],[-68.90861054,-33.01660441],[-68.90853876,-33.01732122],[-68.90849686,-33.0177276],[-68.90845037,-33.01817852],[-68.90845029,-33.0181793],[-68.90836881,-33.01898094],[-68.90835521,-33.01909538],[-68.90828426,-33.0196924],[-68.90828292,-33.01970493],[-68.90819765,-33.02060264],[-68.90819733,-33.02060614],[-68.90813691,-33.02128992],[-68.90813366,-33.02132186],[-68.90805041,-33.02214039],[-68.90805012,-33.0221433],[-68.90800714,-33.02259023],[-68.90797189,-33.02295681],[-68.90794948,-33.02315175],[-68.90788243,-33.0237348],[-68.9078817,-33.02374148],[-68.9078096,-33.02444653],[-68.90780896,-33.02445316],[-68.90773019,-33.02533175],[-68.90773005,-33.02533326],[-68.90767386,-33.02598054],[-68.90766766,-33.02605198],[-68.90766732,-33.02605617],[-68.90766645,-33.0260691],[-68.90763175,-33.02670673],[-68.90759557,-33.02734982],[-68.90756279,-33.02784171],[-68.90756235,-33.02784924],[-68.90755654,-33.02796],[-68.90753255,-33.02841767],[-68.9075325,-33.02841868],[-68.90749606,-33.02914015],[-68.90749554,-33.02915416],[-68.90748028,-33.02978683],[-68.90748012,-33.0297991],[-68.9074799,-33.03000887],[-68.90747964,-33.0302596],[-68.9074812,-33.03030088],[-68.90748252,-33.03031548],[-68.90753392,-33.03080745],[-68.90753427,-33.03081071],[-68.9075484,-33.03093837],[-68.90755149,-33.03096161],[-68.90755943,-33.03100236],[-68.90756399,-33.03102037],[-68.90765892,-33.0313703],[-68.90766431,-33.03138887],[-68.90772958,-33.03159986],[-68.90773073,-33.03160351],[-68.90774492,-33.03164305],[-68.90775394,-33.03166424],[-68.90787558,-33.03193477],[-68.90788379,-33.03195225],[-68.90790012,-33.03198267]]]]},"geometry_name":"the_geom","properties":{"fid":136,"id":140,"distrito_":"","zona_":"COMERCIAL MIXTA 3","codigo":"ZCM3","lote_min":"750","lado_min":"13","fos":"35","retiro_fro":"3","retiro_lat":"1.50","retiro_pos":"1.50","alt_max":"","ordenanza":"14206-2022","sup_m2":430807}},{"type":"Feature","id":"Zonas.137","geometry":{"type":"MultiPolygon","coordinates":[[[[-68.92649025,-33.02337048],[-68.92945138,-33.02288552],[-68.9290591,-33.01973396],[-68.92963371,-33.01770266],[-68.93059099,-33.01595826],[-68.93038631,-33.01584523],[-68.92997857,-33.0156594],[-68.92980165,-33.01556432],[-68.92961396,-33.01546177],[-68.92945457,-33.0153667],[-68.92916462,-33.01524706],[-68.92907242,-33.01520902],[-68.92874908,-33.01507538],[-68.92852136,-33.0149772],[-68.92833694,-33.01488979],[-68.92814574,-33.0147994],[-68.92803167,-33.01471839],[-68.92779531,-33.0145907],[-68.9275682,-33.01442941],[-68.92756152,-33.0144352],[-68.92740849,-33.01456787],[-68.92717268,-33.01482861],[-68.92693177,-33.01509328],[-68.92649832,-33.01534352],[-68.92613574,-33.0154622],[-68.92599531,-33.01552577],[-68.92541907,-33.01578662],[-68.92510451,-33.01607271],[-68.92514158,-33.0163575],[-68.92581641,-33.0200446],[-68.92649025,-33.02337048]]]]},"geometry_name":"the_geom","properties":{"fid":137,"id":141,"distrito_":"VISTALBA","zona_":"RESERVA AMBIENTAL 1","codigo":"ZRA1","lote_min":"1000","lado_min":"22","fos":"35","retiro_fro":"6","retiro_lat":"3","retiro_pos":"3","alt_max":"8","ordenanza":"14106-2021","sup_m2":693199}},{"type":"Feature","id":"Zonas.138","geometry":{"type":"MultiPolygon","coordinates":[[[[-68.90997369,-33.01790514],[-68.91843361,-33.01887339],[-68.91765657,-33.01353873],[-68.91050959,-33.0125852],[-68.91033816,-33.01414937],[-68.910155,-33.01603679],[-68.91002538,-33.01737249],[-68.90997369,-33.01790514]]]]},"geometry_name":"the_geom","properties":{"fid":138,"id":142,"distrito_":"VISTALBA","zona_":"RESERVA AMBIENTAL 3","codigo":"ZRA3","lote_min":"500","lado_min":"0","fos":"0","retiro_fro":"0","retiro_lat":"0","retiro_pos":"0","alt_max":"","ordenanza":"14206-2021","sup_m2":0}},{"type":"Feature","id":"Zonas.139","geometry":{"type":"MultiPolygon","coordinates":[[[[-69.30001779,-33.01545643],[-69.29976377,-33.0161656],[-69.29982733,-33.01626487],[-69.29983708,-33.0162801],[-69.30288361,-33.01763523],[-69.3020787,-33.01905845],[-69.30220561,-33.01904412],[-69.30222083,-33.01904271],[-69.30227386,-33.01904259],[-69.30230865,-33.01904655],[-69.30288691,-33.01913982],[-69.30290446,-33.01914308],[-69.30295467,-33.01915747],[-69.30300138,-33.01917862],[-69.30302933,-33.01919578],[-69.30430839,-33.02007361],[-69.30463087,-33.02016975],[-69.30465188,-33.02017673],[-69.30469859,-33.02019788],[-69.30473878,-33.02022387],[-69.30586889,-33.02108234],[-69.30722528,-33.02176342],[-69.30752776,-33.02163805],[-69.30798577,-33.02142221],[-69.30829928,-33.02118526],[-69.30841752,-33.02098457],[-69.30853621,-33.02091271],[-69.30870552,-33.02074052],[-69.30882377,-33.02073096],[-69.30942851,-33.02098922],[-69.30976813,-33.02093112],[-69.31007346,-33.02078723],[-69.3102766,-33.02057201],[-69.31053101,-33.02044255],[-69.31056444,-33.02028501],[-69.31085318,-33.02025567],[-69.31158414,-33.02035404],[-69.31203827,-33.0200416],[-69.31229452,-33.02002806],[-69.31324792,-33.01997771],[-69.31310521,-33.01805999],[-69.3131688,-33.01748085],[-69.31307365,-33.01751119],[-69.31269593,-33.0176316],[-69.31228862,-33.01776144],[-69.31157321,-33.0178183],[-69.31091411,-33.01825155],[-69.31008349,-33.01879755],[-69.30950641,-33.01898427],[-69.30932017,-33.01899345],[-69.30857213,-33.01903032],[-69.30826635,-33.01904539],[-69.30809615,-33.01895993],[-69.30701544,-33.01879598],[-69.30672403,-33.01847231],[-69.30652338,-33.01844399],[-69.30487727,-33.01620504],[-69.30481324,-33.01620045],[-69.30480421,-33.01618722],[-69.30437001,-33.0161578],[-69.30427805,-33.01587554],[-69.30402793,-33.01613463],[-69.3031048,-33.01607208],[-69.30258083,-33.01598931],[-69.30147141,-33.0157394],[-69.30147066,-33.01573923],[-69.30145271,-33.01572954],[-69.30017502,-33.01506003],[-69.30001779,-33.01545643]]]]},"geometry_name":"the_geom","properties":{"fid":139,"id":143,"distrito_":"POTRERILLOS","zona_":"RESIDENCIAL MIXTA 6","codigo":"ZRM6","lote_min":"500","lado_min":"15","fos":"45","retiro_fro":"3","retiro_lat":"1,5","retiro_pos":"1,5","alt_max":"8","ordenanza":"14106-2021","sup_m2":840871}},{"type":"Feature","id":"Zonas.140","geometry":{"type":"MultiPolygon","coordinates":[[[[-69.45114163,-32.69995987],[-69.41433418,-32.75325286],[-69.37260939,-32.79222197],[-69.30881696,-32.81072674],[-69.30883466,-32.81584413],[-69.30920521,-32.83456997],[-69.31091139,-32.86013013],[-69.30312976,-32.92927872],[-69.30050415,-32.95258661],[-69.30219555,-32.95388543],[-69.30268689,-32.95426271],[-69.33282221,-32.97739289],[-69.34838486,-32.97329902],[-69.35608627,-32.97125865],[-69.36288769,-32.96351007],[-69.36762741,-32.95806667],[-69.36984956,-32.96163864],[-69.36979146,-32.96177698],[-69.36979948,-32.96178997],[-69.36503566,-32.9738513],[-69.36489379,-32.9740328],[-69.36456585,-32.97413721],[-69.36429143,-32.9748034],[-69.34914388,-32.99446632],[-69.34734231,-32.99687901],[-69.34731362,-32.99684146],[-69.34729233,-32.99686909],[-69.34703331,-32.99720521],[-69.34224051,-33.00342404],[-69.34153431,-33.00384346],[-69.34081887,-33.00395032],[-69.34006846,-33.00406239],[-69.33997682,-33.00406646],[-69.33939904,-33.00409207],[-69.33806715,-33.00415111],[-69.32943266,-33.00494614],[-69.31246245,-33.0065069],[-69.31399998,-33.01604034],[-69.31438268,-33.01824469],[-69.31510843,-33.02275953],[-69.31511351,-33.02279112],[-69.31715317,-33.02272954],[-69.31734437,-33.02279961],[-69.31744417,-33.02295385],[-69.3173816,-33.02316468],[-69.31720738,-33.0232612],[-69.31519126,-33.02333007],[-69.31694605,-33.0354907],[-69.32645856,-33.06484976],[-69.33407377,-33.08833816],[-69.33431704,-33.0890883],[-69.34079626,-33.08625727],[-69.35104414,-33.08373188],[-69.36098383,-33.08071136],[-69.36843378,-33.07739822],[-69.37421198,-33.07537885],[-69.38325165,-33.07421885],[-69.41562294,-33.0614726],[-69.43336742,-33.05594527],[-69.45607948,-33.05047844],[-69.47410621,-33.04624241],[-69.49987582,-33.03832276],[-69.51499863,-33.03380195],[-69.5431317,-33.06999702],[-69.5695482,-33.10223402],[-69.60440347,-33.14639445],[-69.67150082,-33.23086756],[-69.68616904,-33.24899297],[-69.72171779,-33.29419791],[-69.74904139,-33.32809055],[-69.76850247,-33.35282771],[-69.77160903,-33.35243904],[-69.77031262,-33.34777285],[-69.77136229,-33.34413477],[-69.77237983,-33.3368653],[-69.78309289,-33.31665241],[-69.78513052,-33.31136431],[-69.79071055,-33.30676892],[-69.79188028,-33.29977327],[-69.79705374,-33.29249316],[-69.7997659,-33.28574634],[-69.80934714,-33.28879019],[-69.81733048,-33.2857356],[-69.82283078,-33.28067816],[-69.82806246,-33.27749349],[-69.82895278,-33.27686017],[-69.83387714,-33.26856718],[-69.83758907,-33.26111607],[-69.84723791,-33.25007977],[-69.854105,-33.2453535],[-69.86785072,-33.24055201],[-69.87114923,-33.23912696],[-69.8740379,-33.23614946],[-69.87805081,-33.23162674],[-69.88520056,-33.22412838],[-69.89015124,-33.22157064],[-69.89513134,-33.22287674],[-69.89834695,-33.22508996],[-69.90377578,-33.23152814],[-69.9104532,-33.24671637],[-69.91751337,-33.26236117],[-69.92084578,-33.26858454],[-69.92441871,-33.27116429],[-69.93178965,-33.27403558],[-69.93678638,-33.27521283],[-69.93945601,-33.27688014],[-69.94180213,-33.28319833],[-69.94702352,-33.28160574],[-69.95135121,-33.28387415],[-69.95201528,-33.28726162],[-69.95620773,-33.2873062],[-69.95897676,-33.28926284],[-69.96333036,-33.29195282],[-69.9659814,-33.29621249],[-69.9688455,-33.30189663],[-69.9679362,-33.30577353],[-69.97013375,-33.30937983],[-69.97543299,-33.31092387],[-69.98310788,-33.31186602],[-69.98869682,-33.3154451],[-69.99150025,-33.31801092],[-70.00079493,-33.32207744],[-70.00363716,-33.31887011],[-70.00792043,-33.31520393],[-70.00892845,-33.30884063],[-70.01099645,-33.30065295],[-70.01312705,-33.29791197],[-70.01628585,-33.29062318],[-70.00871259,-33.28681439],[-70.00775249,-33.28371638],[-70.01110902,-33.28084213],[-70.01571872,-33.27976928],[-70.01784244,-33.27690492],[-70.02063974,-33.27512769],[-70.02113964,-33.27520198],[-70.02185845,-33.27159094],[-70.0222296,-33.26844139],[-70.02367334,-33.26685175],[-70.02556043,-33.26555145],[-70.02616567,-33.26270198],[-70.02658461,-33.25998477],[-70.02803591,-33.25791268],[-70.03099406,-33.25531869],[-70.03217661,-33.25253652],[-70.0322256,-33.25171431],[-70.02671289,-33.24499743],[-70.02867129,-33.24058798],[-70.0253774,-33.23607577],[-70.02962389,-33.22968551],[-70.03757717,-33.22601354],[-70.0415893,-33.22675647],[-70.05019654,-33.22519699],[-70.05297459,-33.22252893],[-70.05495619,-33.21871649],[-70.05518064,-33.21440503],[-70.0551528,-33.20873432],[-70.05697437,-33.20212379],[-70.05980405,-33.19754673],[-70.06092617,-33.19546629],[-70.05997918,-33.19399002],[-70.06020531,-33.19091685],[-70.06206196,-33.18801943],[-70.06383357,-33.18179264],[-70.06440841,-33.17842307],[-70.0601399,-33.17621192],[-70.05568592,-33.16969747],[-70.05748252,-33.1655411],[-70.06055956,-33.16551493],[-70.06447839,-33.15875216],[-70.06598235,-33.15589227],[-70.06439085,-33.15150594],[-70.05480707,-33.14770517],[-70.0546105,-33.14226332],[-70.05065966,-33.1353168],[-70.05185918,-33.13271846],[-70.05545157,-33.13141724],[-70.06078079,-33.12592461],[-70.07111787,-33.12271915],[-70.07448205,-33.12113725],[-70.07533215,-33.11517702],[-70.07224744,-33.11442714],[-70.07168731,-33.11121584],[-70.0682719,-33.10660327],[-70.06809573,-33.10578085],[-70.06441263,-33.10232966],[-70.06584622,-33.09864452],[-70.06794841,-33.09408703],[-70.06825649,-33.08961447],[-70.06607944,-33.08756252],[-70.06635251,-33.08471313],[-70.06779478,-33.08137777],[-70.06988549,-33.07591245],[-70.06988176,-33.07148291],[-70.07232192,-33.069909],[-70.07194865,-33.06447692],[-70.07834305,-33.05950414],[-70.07955342,-33.05794072],[-70.08413795,-33.05583036],[-70.08809633,-33.05231671],[-70.09116478,-33.05240438],[-70.09330314,-33.05135036],[-70.08788203,-33.04674997],[-70.08738774,-33.04669816],[-70.08489013,-33.04686867],[-70.08255583,-33.04682584],[-70.08140776,-33.04639402],[-70.08129866,-33.04557],[-70.08158102,-33.04414753],[-70.08229359,-33.04223446],[-70.08513674,-33.03926152],[-70.08722664,-33.03620042],[-70.08691454,-33.03475607],[-70.08533524,-33.03297112],[-70.08292384,-33.03075159],[-70.08152955,-33.02876663],[-70.07988823,-33.02714444],[-70.07787294,-33.02710777],[-70.07509716,-33.02680263],[-70.07183714,-33.02583891],[-70.06952409,-33.02595793],[-70.06626626,-33.02694603],[-70.06075163,-33.02807045],[-70.05621815,-33.02756343],[-70.05260802,-33.0263948],[-70.04953484,-33.02491951],[-70.04731477,-33.02316659],[-70.04439445,-33.02174568],[-70.03425666,-33.02183012],[-70.02805844,-33.01722245],[-70.02735102,-33.00920463],[-70.02550205,-33.00870218],[-70.02328915,-33.00328496],[-70.01888204,-32.99400319],[-70.02008369,-32.99166393],[-70.02274613,-32.98284197],[-70.02694926,-32.97452496],[-70.0287285,-32.9690749],[-70.02871158,-32.9670172],[-70.02754279,-32.96533901],[-70.02595622,-32.96456314],[-70.02399747,-32.96258213],[-70.02124779,-32.95877726],[-70.01915097,-32.95662599],[-70.01748383,-32.95533223],[-70.01389822,-32.95366633],[-70.01163029,-32.9528958],[-70.01013601,-32.95315133],[-70.00815003,-32.95272107],[-70.00592461,-32.95097633],[-70.00591894,-32.9507326],[-70.00518353,-32.95063085],[-70.0051308,-32.94597232],[-69.99926096,-32.94265461],[-70.00040496,-32.93939371],[-70.00282552,-32.93561915],[-70.00253211,-32.93331048],[-70.00648374,-32.92991391],[-70.00275141,-32.92554378],[-70.00333303,-32.92269196],[-69.99862326,-32.91541117],[-69.99737619,-32.91513758],[-69.99517886,-32.91436617],[-69.99371005,-32.91278197],[-69.99367812,-32.91259192],[-69.98936849,-32.90882633],[-69.99110272,-32.89923578],[-69.98827266,-32.89304618],[-69.99768117,-32.88857133],[-69.99955902,-32.88726213],[-69.99983379,-32.88441277],[-70.00533747,-32.88281565],[-70.007467,-32.88124551],[-70.0148195,-32.88040956],[-70.01939066,-32.87778406],[-70.02088267,-32.87414822],[-70.02362808,-32.87283162],[-70.03407964,-32.87481631],[-70.0371195,-32.87246165],[-70.03830704,-32.86908697],[-70.04166234,-32.86750607],[-70.04467444,-32.86282197],[-70.05882821,-32.86068724],[-70.06049484,-32.85024376],[-70.05922532,-32.84889416],[-69.8730877,-32.87678329],[-69.76722257,-32.92253621],[-69.76695732,-32.91332546],[-69.76732689,-32.9119366],[-69.76817924,-32.90835074],[-69.7682295,-32.90535645],[-69.76889892,-32.90016243],[-69.77019066,-32.89288375],[-69.7711696,-32.88422974],[-69.77219149,-32.87707152],[-69.77283064,-32.87084191],[-69.77334628,-32.8697955],[-69.7732586,-32.86675496],[-69.77026098,-32.86740479],[-69.76706018,-32.86722281],[-69.76571584,-32.86680533],[-69.76424685,-32.86578365],[-69.76386644,-32.86476651],[-69.76251472,-32.86192921],[-69.76026234,-32.85931023],[-69.75809936,-32.85782216],[-69.7551712,-32.85687641],[-69.75248134,-32.85585074],[-69.75130543,-32.85491676],[-69.74957314,-32.85252972],[-69.74828588,-32.84938939],[-69.74627734,-32.84727282],[-69.7456719,-32.84629057],[-69.73935205,-32.8411859],[-69.73715134,-32.83985452],[-69.73442819,-32.83792121],[-69.73256436,-32.8355795],[-69.73025241,-32.83359888],[-69.72773887,-32.83291893],[-69.72608014,-32.83291736],[-69.72358237,-32.83253972],[-69.72159893,-32.83176696],[-69.72043711,-32.830855],[-69.71933787,-32.82947215],[-69.71748416,-32.82831767],[-69.71225255,-32.82786582],[-69.70882547,-32.82740354],[-69.70619981,-32.82592838],[-69.70474102,-32.82434576],[-69.70232437,-32.82243242],[-69.69944987,-32.82133941],[-69.69641206,-32.82141236],[-69.69329167,-32.82110479],[-69.6908842,-32.82033389],[-69.68904699,-32.81952619],[-69.68737875,-32.81825821],[-69.68577397,-32.81660895],[-69.68325394,-32.81497587],[-69.67984652,-32.81352682],[-69.67525776,-32.81198322],[-69.67386033,-32.81139698],[-69.67233086,-32.81088986],[-69.67079264,-32.80921764],[-69.66797117,-32.80801158],[-69.6660162,-32.80736102],[-69.66349954,-32.80609722],[-69.65855601,-32.80132837],[-69.65727437,-32.80021479],[-69.65309917,-32.79703254],[-69.64986443,-32.7936324],[-69.64767955,-32.79231054],[-69.64581986,-32.79192803],[-69.64101294,-32.7911685],[-69.63590883,-32.78777755],[-69.63283326,-32.78611265],[-69.6305511,-32.78597852],[-69.62825969,-32.78641575],[-69.6212111,-32.78627915],[-69.61887875,-32.78593285],[-69.61654888,-32.78594434],[-69.61357868,-32.78524325],[-69.61124026,-32.78400224],[-69.60890313,-32.78294011],[-69.60635061,-32.78134221],[-69.60443356,-32.7797412],[-69.60123382,-32.77635711],[-69.59825328,-32.77404542],[-69.59549301,-32.77298505],[-69.5927245,-32.77067222],[-69.59122909,-32.76871116],[-69.59057962,-32.76656718],[-69.5895043,-32.76406735],[-69.58706436,-32.76047723],[-69.58256921,-32.75895422],[-69.5810546,-32.75594346],[-69.57755775,-32.75462617],[-69.57630972,-32.75428101],[-69.57388411,-32.75162525],[-69.57147209,-32.75107482],[-69.57054111,-32.74834198],[-69.5699285,-32.74343206],[-69.56832398,-32.73922845],[-69.56565214,-32.73692454],[-69.5628996,-32.73497185],[-69.56015201,-32.73379106],[-69.55673588,-32.73191137],[-69.5541541,-32.73065954],[-69.55282171,-32.73003379],[-69.55024262,-32.72920295],[-69.54683287,-32.72830551],[-69.54500454,-32.72803274],[-69.54175669,-32.72643263],[-69.53907451,-32.72223328],[-69.53431083,-32.71699002],[-69.53239225,-32.71545417],[-69.53136651,-32.71047559],[-69.5315084,-32.70640443],[-69.52732952,-32.7015795],[-69.52639629,-32.69814449],[-69.52530701,-32.69639449],[-69.52346956,-32.69443707],[-69.52218906,-32.68833654],[-69.52026317,-32.68539688],[-69.51742334,-32.68225041],[-69.51641377,-32.67986836],[-69.5160201,-32.67807434],[-69.51586982,-32.67836644],[-69.51586832,-32.67836506],[-69.51559394,-32.67581978],[-69.5155176,-32.67480614],[-69.51509243,-32.67445002],[-69.51494762,-32.67379452],[-69.51430116,-32.67291848],[-69.51404762,-32.67243873],[-69.51356033,-32.67191844],[-69.51363266,-32.67216686],[-69.51365659,-32.67219484],[-69.51365798,-32.67225381],[-69.51369083,-32.67236661],[-69.51368228,-32.67275917],[-69.51367092,-32.67280218],[-69.51367142,-32.67282346],[-69.513536,-32.67331315],[-69.51317971,-32.67466246],[-69.51336085,-32.67556585],[-69.51342996,-32.67574919],[-69.51339221,-32.67572223],[-69.51339404,-32.67573136],[-69.51334404,-32.67568784],[-69.51291256,-32.67537978],[-69.51279431,-32.6752093],[-69.51273673,-32.67515917],[-69.51268359,-32.67504966],[-69.51253002,-32.67482824],[-69.51237463,-32.67441291],[-69.512212,-32.67407774],[-69.51221604,-32.67398905],[-69.51217173,-32.67387062],[-69.51229339,-32.67229207],[-69.51231275,-32.67186735],[-69.51222624,-32.67138934],[-69.51194688,-32.67019571],[-69.51077222,-32.66894142],[-69.51124722,-32.67010979],[-69.51126852,-32.67019387],[-69.51135939,-32.67042317],[-69.51162357,-32.67140601],[-69.51164885,-32.67169449],[-69.51167851,-32.67181153],[-69.51167079,-32.67194482],[-69.51168051,-32.67205578],[-69.51163971,-32.67248093],[-69.51155837,-32.67388442],[-69.51165107,-32.67424298],[-69.51222015,-32.6754719],[-69.51257796,-32.6758744],[-69.51314325,-32.67623401],[-69.51368479,-32.67647917],[-69.51133538,-32.67547222],[-69.49506723,-32.67499798],[-69.48371243,-32.67499736],[-69.45114163,-32.69995987]],[[-69.51392237,-32.676581],[-69.51393472,-32.67659232],[-69.51368479,-32.67647917],[-69.51392237,-32.676581]]],[[[-69.50813515,-32.66498721],[-69.50906492,-32.66612623],[-69.50894903,-32.66593252],[-69.50877915,-32.66489287],[-69.508754,-32.66483497],[-69.50875759,-32.66485927],[-69.50874654,-32.6648178],[-69.50853025,-32.6643199],[-69.50838467,-32.66345973],[-69.50751027,-32.66199798],[-69.50747331,-32.66196597],[-69.50747393,-32.66196703],[-69.50617478,-32.66084144],[-69.50600084,-32.66044171],[-69.50601322,-32.65991112],[-69.50525962,-32.65906952],[-69.50434019,-32.6584313],[-69.50491157,-32.65903498],[-69.50514069,-32.65937944],[-69.50528394,-32.65954911],[-69.50528901,-32.65960242],[-69.50533307,-32.65966866],[-69.50538444,-32.66060523],[-69.50562297,-32.66111509],[-69.50654901,-32.66198152],[-69.50722853,-32.66253319],[-69.50754815,-32.66291632],[-69.50808163,-32.66490023],[-69.50813515,-32.66498721]]],[[[-69.49776089,-32.64841126],[-69.4973976,-32.6476611],[-69.49723978,-32.64756717],[-69.49768095,-32.64829766],[-69.49776089,-32.64841126]]],[[[-69.42970031,-32.62023682],[-69.42894474,-32.62140243],[-69.42873906,-32.62154972],[-69.42871993,-32.62157584],[-69.428699,-32.6215784],[-69.4286698,-32.62159931],[-69.42825925,-32.62171686],[-69.42715763,-32.62176718],[-69.42673527,-32.62181891],[-69.42655283,-32.6217948],[-69.42635062,-32.62180404],[-69.4239596,-32.62145216],[-69.42247657,-32.62160437],[-69.42411673,-32.62204028],[-69.426425,-32.62235046],[-69.42634809,-32.62236692],[-69.42394803,-32.6226934],[-69.41726792,-32.62312037],[-69.41423391,-32.62381144],[-69.41411922,-32.62384538],[-69.41635752,-32.62265871],[-69.4178442,-32.6220797],[-69.41584122,-32.62228518],[-69.41363155,-32.62345591],[-69.41254577,-32.6238306],[-69.41184579,-32.6243191],[-69.4114471,-32.62473869],[-69.41335871,-32.62416652],[-69.41146625,-32.62536002],[-69.41105983,-32.62578454],[-69.41026003,-32.62667754],[-69.41014586,-32.62689531],[-69.40963825,-32.62959462],[-69.40962493,-32.62987226],[-69.40953464,-32.63014556],[-69.40948902,-32.63038816],[-69.40942983,-32.63046281],[-69.40938823,-32.63058875],[-69.40880603,-32.63147937],[-69.40815016,-32.63222143],[-69.40783447,-32.63247505],[-69.40770558,-32.63263761],[-69.40735911,-32.63285694],[-69.40637415,-32.63364823],[-69.40423822,-32.63483251],[-69.40337348,-32.63509499],[-69.40234186,-32.63527034],[-69.40077818,-32.63537106],[-69.39942281,-32.63531702],[-69.39879104,-32.63521981],[-69.39874132,-32.63522335],[-69.39866119,-32.63519983],[-69.39854826,-32.63518246],[-69.397111,-32.63474494],[-69.39658462,-32.63520815],[-69.398898,-32.63579922],[-69.40135765,-32.63589261],[-69.39882133,-32.63733731],[-69.39574848,-32.63854761],[-69.3925011,-32.64089531],[-69.39168701,-32.64206986],[-69.39102616,-32.64241581],[-69.39069627,-32.64280403],[-69.3869813,-32.64752696],[-69.38696623,-32.64757725],[-69.38682068,-32.64773116],[-69.3867511,-32.6478196],[-69.38638294,-32.64819401],[-69.38231087,-32.65249941],[-69.3822019,-32.65271394],[-69.38191205,-32.65339305],[-69.3814531,-32.65594694],[-69.38009842,-32.65918236],[-69.37999261,-32.66007097],[-69.38071905,-32.6593106],[-69.38200846,-32.65627568],[-69.38222415,-32.65543119],[-69.38245892,-32.65368873],[-69.38294033,-32.65262698],[-69.38445044,-32.65078659],[-69.38712097,-32.6482777],[-69.38733648,-32.6480506],[-69.38968958,-32.64507254],[-69.39121944,-32.64311512],[-69.39131236,-32.64301862],[-69.39147998,-32.64280646],[-69.39226874,-32.64202534],[-69.39319106,-32.6410674],[-69.39337596,-32.64092881],[-69.39348354,-32.64082227],[-69.39360324,-32.64075845],[-69.39506594,-32.63966204],[-69.39624062,-32.63892138],[-69.39698331,-32.63857094],[-69.3991359,-32.63780837],[-69.40163728,-32.6363795],[-69.40252491,-32.63607295],[-69.40281794,-32.63601531],[-69.40782846,-32.63446959],[-69.40903015,-32.63374493],[-69.41014851,-32.63247082],[-69.41071112,-32.63047627],[-69.41147031,-32.62862447],[-69.41205819,-32.62746531],[-69.41279664,-32.62647631],[-69.41361549,-32.62585751],[-69.41437216,-32.62560912],[-69.41684291,-32.62529471],[-69.42007021,-32.6242153],[-69.42121024,-32.6239467],[-69.42257106,-32.62388248],[-69.42579537,-32.62404374],[-69.42724746,-32.62385518],[-69.42969187,-32.6228055],[-69.43140031,-32.62153657],[-69.4337698,-32.62015055],[-69.43450538,-32.61992955],[-69.4361743,-32.61990361],[-69.43644197,-32.61986741],[-69.43709572,-32.61958043],[-69.435319,-32.61938622],[-69.43448501,-32.61939036],[-69.43398092,-32.6194996],[-69.43131659,-32.62093653],[-69.43117332,-32.62102378],[-69.43111876,-32.62104321],[-69.43101263,-32.62110045],[-69.43049649,-32.62126485],[-69.42956634,-32.62159612],[-69.43025837,-32.62050402],[-69.43082673,-32.62003609],[-69.42970031,-32.62023682]],[[-69.42241968,-32.62333697],[-69.42583616,-32.62301336],[-69.42971039,-32.62212561],[-69.428642,-32.62272755],[-69.42744851,-32.62321749],[-69.42727042,-32.62326555],[-69.42720458,-32.62329631],[-69.42712117,-32.62330583],[-69.42672493,-32.62341276],[-69.42578059,-32.62350284],[-69.42551098,-32.62348954],[-69.42538376,-32.62350405],[-69.42241968,-32.62333697]],[[-69.41369647,-32.62526409],[-69.41308244,-32.62551763],[-69.41273482,-32.62578017],[-69.41236209,-32.62608501],[-69.41196985,-32.62656386],[-69.41164159,-32.62698993],[-69.41047991,-32.62938962],[-69.41026419,-32.62990737],[-69.4102996,-32.62812756],[-69.41030913,-32.62809653],[-69.41031036,-32.62803697],[-69.41041974,-32.62773644],[-69.41053493,-32.62736144],[-69.41058134,-32.62729242],[-69.41059444,-32.62725644],[-69.4106568,-32.62718021],[-69.41102771,-32.62662862],[-69.41156612,-32.62604074],[-69.41162237,-32.62599988],[-69.41166301,-32.62595021],[-69.41230979,-32.6255005],[-69.41299686,-32.62500135],[-69.41309215,-32.6249565],[-69.41319316,-32.62488626],[-69.4138499,-32.62459985],[-69.41449173,-32.62429776],[-69.41462018,-32.62426392],[-69.41472977,-32.62421612],[-69.41631491,-32.6238174],[-69.41848896,-32.62353994],[-69.42133121,-32.62338436],[-69.42021473,-32.62362752],[-69.41680005,-32.62474069],[-69.41411224,-32.62510886],[-69.41369647,-32.62526409]],[[-69.40925079,-32.63189033],[-69.40993909,-32.63086801],[-69.40955705,-32.63226526],[-69.40892437,-32.63307634],[-69.40766108,-32.63392401],[-69.40577841,-32.63470395],[-69.40568348,-32.63473608],[-69.40722002,-32.63376245],[-69.40840856,-32.63279306],[-69.40925079,-32.63189033]]],[[[-69.40908588,-32.62831441],[-69.40957556,-32.62670819],[-69.40865343,-32.62767854],[-69.40845405,-32.6282424],[-69.40818513,-32.62864949],[-69.40717209,-32.62923729],[-69.40647447,-32.62997134],[-69.40803494,-32.62940196],[-69.40841009,-32.62916124],[-69.40892795,-32.62858058],[-69.40908588,-32.62831441]]],[[[-69.44826656,-32.62421843],[-69.45033936,-32.62499377],[-69.45378076,-32.62574806],[-69.45576456,-32.62616467],[-69.46392893,-32.62715439],[-69.46928121,-32.62822299],[-69.47038151,-32.62849621],[-69.47056709,-32.62852567],[-69.47104118,-32.62866],[-69.47236389,-32.62898842],[-69.47507654,-32.6298033],[-69.47782955,-32.63079324],[-69.48069353,-32.63199292],[-69.47834048,-32.63039674],[-69.47410581,-32.62893648],[-69.4729779,-32.62861696],[-69.4695563,-32.6277669],[-69.46640996,-32.6270834],[-69.46438825,-32.62670225],[-69.45607396,-32.62567307],[-69.45044546,-32.62447618],[-69.45035448,-32.62443934],[-69.45018963,-32.62440378],[-69.44900565,-32.62397908],[-69.44838832,-32.62364313],[-69.44826687,-32.62359394],[-69.44820824,-32.62354513],[-69.44807447,-32.62347233],[-69.44698786,-32.62265409],[-69.44614453,-32.62182666],[-69.44758052,-32.62195675],[-69.45089606,-32.62165254],[-69.45230205,-32.62177355],[-69.4532714,-32.62220008],[-69.45531125,-32.62353313],[-69.45755753,-32.62458665],[-69.45868932,-32.62501033],[-69.45984423,-32.6254267],[-69.46077119,-32.62563557],[-69.46170844,-32.62582995],[-69.46248933,-32.62587829],[-69.46321385,-32.62590845],[-69.46692158,-32.62538787],[-69.46693376,-32.62538551],[-69.46868401,-32.62476863],[-69.46796666,-32.62445356],[-69.46660558,-32.62490531],[-69.46653183,-32.6249184],[-69.46647537,-32.62493669],[-69.46556469,-32.62509002],[-69.46468199,-32.62524665],[-69.46458675,-32.62525467],[-69.46446818,-32.62527463],[-69.46380554,-32.62532043],[-69.46312376,-32.62537781],[-69.46304564,-32.62537294],[-69.46295107,-32.62537948],[-69.46283743,-32.62535996],[-69.46170798,-32.62528953],[-69.45995173,-32.62489293],[-69.45981057,-32.62484005],[-69.45974363,-32.62482855],[-69.45872575,-32.62443367],[-69.45775202,-32.6240689],[-69.45760832,-32.62400016],[-69.45750901,-32.62396163],[-69.45736085,-32.62388179],[-69.4555099,-32.62299637],[-69.454502,-32.62234101],[-69.45256368,-32.62129628],[-69.45244975,-32.62125212],[-69.45190015,-32.6211946],[-69.45092836,-32.62111663],[-69.45045783,-32.62115323],[-69.44803297,-32.62139602],[-69.44728241,-32.62140021],[-69.44716448,-32.62140938],[-69.44712587,-32.62140108],[-69.44703752,-32.62140157],[-69.44596905,-32.62123223],[-69.44499335,-32.62094284],[-69.44492256,-32.62092763],[-69.44494038,-32.62092713],[-69.4448198,-32.62089136],[-69.44392472,-32.62091118],[-69.44253518,-32.62056373],[-69.44515017,-32.62157923],[-69.44638028,-32.62287456],[-69.44690449,-32.62329891],[-69.44787625,-32.62399345],[-69.44826656,-32.62421843]]],[[[-69.32395448,-32.74139322],[-69.3240256,-32.74132244],[-69.32391457,-32.74165088],[-69.32386152,-32.74199337],[-69.31998307,-32.74888122],[-69.31819769,-32.75063271],[-69.31704968,-32.7521271],[-69.31620817,-32.75385104],[-69.31597159,-32.75445874],[-69.31561637,-32.75562378],[-69.31527774,-32.75704813],[-69.31513938,-32.75805263],[-69.31506242,-32.75954932],[-69.31511385,-32.76112284],[-69.31519963,-32.76190207],[-69.3159355,-32.76510735],[-69.31614275,-32.76887818],[-69.31668463,-32.77133177],[-69.3168516,-32.77256561],[-69.3168546,-32.77268679],[-69.31687039,-32.77277126],[-69.31687048,-32.77332785],[-69.31690811,-32.77484686],[-69.31687078,-32.77512687],[-69.31687083,-32.77544246],[-69.3166313,-32.77692307],[-69.31657488,-32.77678679],[-69.31654463,-32.77667503],[-69.31616379,-32.77558493],[-69.31588126,-32.77422336],[-69.31595726,-32.76996308],[-69.31469668,-32.76567563],[-69.31456966,-32.76484403],[-69.31457594,-32.76254489],[-69.31394485,-32.76089625],[-69.31396622,-32.76074649],[-69.31395005,-32.76069879],[-69.31399307,-32.76055821],[-69.31403329,-32.76027626],[-69.31462767,-32.75848454],[-69.31469708,-32.75555839],[-69.31527954,-32.75322858],[-69.3146026,-32.75394798],[-69.31415032,-32.75493597],[-69.31401128,-32.75828638],[-69.31330538,-32.7609251],[-69.31367344,-32.76190455],[-69.31380534,-32.76214935],[-69.31394143,-32.7626177],[-69.3140673,-32.76577529],[-69.31509114,-32.76902393],[-69.31534187,-32.77016618],[-69.31538296,-32.7712576],[-69.31532255,-32.77209437],[-69.31529689,-32.77465589],[-69.31634358,-32.77780207],[-69.31557343,-32.7799984],[-69.31535603,-32.78136504],[-69.31550378,-32.78269463],[-69.31635366,-32.78607104],[-69.31624191,-32.78885767],[-69.31431959,-32.79267589],[-69.31399365,-32.79670962],[-69.31303763,-32.79830662],[-69.30998383,-32.80111207],[-69.3065889,-32.8029274],[-69.30537846,-32.8049667],[-69.30396467,-32.80618052],[-69.3034758,-32.80779552],[-69.30263399,-32.80919167],[-69.30192824,-32.80901672],[-69.30292158,-32.80927391],[-69.30420921,-32.80958214],[-69.3032731,-32.8093501],[-69.30407716,-32.80798216],[-69.30453308,-32.80643014],[-69.30590731,-32.80527206],[-69.30704178,-32.80331521],[-69.30764574,-32.80288178],[-69.30960121,-32.80204392],[-69.31107275,-32.80100869],[-69.31355068,-32.79863057],[-69.3145245,-32.79713782],[-69.31490287,-32.79292925],[-69.31661082,-32.78968936],[-69.31686708,-32.78872784],[-69.3168765,-32.78555732],[-69.31613422,-32.78259935],[-69.3160007,-32.78122975],[-69.31625393,-32.77989395],[-69.31689806,-32.7783078],[-69.31689864,-32.77811386],[-69.31703494,-32.77797074],[-69.31737882,-32.77653262],[-69.31755899,-32.77456093],[-69.31747367,-32.77235947],[-69.31801137,-32.77093881],[-69.31833314,-32.769333],[-69.31832537,-32.76721569],[-69.31774987,-32.76522226],[-69.31768892,-32.764125],[-69.31782256,-32.76327297],[-69.31824163,-32.76224236],[-69.31888325,-32.7600568],[-69.31875036,-32.75481946],[-69.31889282,-32.752494],[-69.31908059,-32.7514601],[-69.31943952,-32.75060978],[-69.32016563,-32.74934662],[-69.32309969,-32.74559447],[-69.32463584,-32.74256538],[-69.32562572,-32.73911081],[-69.32576094,-32.73657009],[-69.32574247,-32.7360898],[-69.32582196,-32.73542361],[-69.32704381,-32.7333271],[-69.32748249,-32.73138223],[-69.32875404,-32.72889447],[-69.32914188,-32.72652383],[-69.32953235,-32.72574325],[-69.33016162,-32.72486216],[-69.33175335,-32.72337161],[-69.33236595,-32.72223895],[-69.33249389,-32.72080518],[-69.3319955,-32.71935471],[-69.33287953,-32.71803329],[-69.33294904,-32.71795771],[-69.3329812,-32.71791059],[-69.33527851,-32.71539091],[-69.33554702,-32.71504165],[-69.33613569,-32.71415879],[-69.33646938,-32.71360169],[-69.33761977,-32.71134519],[-69.33866006,-32.70817454],[-69.34001769,-32.70699174],[-69.34025431,-32.70675095],[-69.34107612,-32.70562698],[-69.34119464,-32.70539683],[-69.34311927,-32.70018943],[-69.3432541,-32.69924286],[-69.34325344,-32.69923309],[-69.34304889,-32.69771373],[-69.34313553,-32.6974802],[-69.34312836,-32.69737361],[-69.34322354,-32.69724297],[-69.34326707,-32.69712563],[-69.34356852,-32.69676942],[-69.34366562,-32.69663613],[-69.34370264,-32.69661094],[-69.34372705,-32.69658208],[-69.34510316,-32.69563121],[-69.34611438,-32.69450273],[-69.3469154,-32.6929613],[-69.34730575,-32.69126276],[-69.34968502,-32.69115424],[-69.35230928,-32.69072285],[-69.35240106,-32.69070749],[-69.35245301,-32.69069198],[-69.35371195,-32.69030059],[-69.35401604,-32.6901162],[-69.35461561,-32.68970574],[-69.35499902,-32.68921166],[-69.35542019,-32.68859686],[-69.35567537,-32.68834004],[-69.35576005,-32.68823092],[-69.35584376,-32.68817058],[-69.35596803,-32.68804551],[-69.35869698,-32.68609448],[-69.35999847,-32.68451569],[-69.3613596,-32.68176582],[-69.36160122,-32.681053],[-69.36222149,-32.67809181],[-69.36329666,-32.67719958],[-69.36422466,-32.67657105],[-69.36525756,-32.67549043],[-69.36400889,-32.67604303],[-69.3622369,-32.67730067],[-69.36223699,-32.67729324],[-69.36223664,-32.67729349],[-69.36225026,-32.67610246],[-69.36259566,-32.67487297],[-69.36162263,-32.67599346],[-69.36159927,-32.67782588],[-69.3615197,-32.67795758],[-69.36148158,-32.67777041],[-69.36121856,-32.67645875],[-69.36067734,-32.67708196],[-69.36096359,-32.67856507],[-69.36095783,-32.6786407],[-69.36097316,-32.67872591],[-69.36083013,-32.68042512],[-69.36109901,-32.680684],[-69.36095999,-32.68113021],[-69.36017804,-32.68298562],[-69.35904812,-32.68423195],[-69.35790366,-32.68515201],[-69.35735975,-32.6861282],[-69.35861338,-32.68535639],[-69.35848222,-32.68549926],[-69.3568694,-32.68670825],[-69.35595029,-32.68779543],[-69.35440815,-32.68904265],[-69.35402679,-32.68946884],[-69.3537807,-32.68960083],[-69.35365269,-32.68971471],[-69.35343026,-32.68978878],[-69.35317217,-32.68992721],[-69.3525775,-32.69007277],[-69.35224911,-32.69018213],[-69.35188778,-32.69024159],[-69.35172243,-32.69028207],[-69.35009146,-32.69053721],[-69.34942735,-32.69064649],[-69.34936448,-32.69065092],[-69.34931917,-32.69065801],[-69.34920905,-32.69066189],[-69.34580429,-32.690902],[-69.34517581,-32.69161542],[-69.34511603,-32.69172101],[-69.34595338,-32.69142867],[-69.3466718,-32.69130438],[-69.34640242,-32.69251251],[-69.34629077,-32.69278814],[-69.34625201,-32.69293911],[-69.34615967,-32.69311182],[-69.3460108,-32.69347935],[-69.34564463,-32.69407519],[-69.34556213,-32.6942295],[-69.34552476,-32.69427024],[-69.34547721,-32.69434761],[-69.34480122,-32.69512014],[-69.3446383,-32.69523661],[-69.34446859,-32.69542162],[-69.34320139,-32.69626378],[-69.34287364,-32.69730657],[-69.34146849,-32.69885442],[-69.34095912,-32.70016047],[-69.3414721,-32.69973535],[-69.34118339,-32.7007002],[-69.34105594,-32.70094377],[-69.34095109,-32.70124825],[-69.34009598,-32.70277828],[-69.33918312,-32.7045227],[-69.33910968,-32.70474122],[-69.33808702,-32.70787028],[-69.33809896,-32.7077483],[-69.33809175,-32.70776974],[-69.33823454,-32.70636266],[-69.33745442,-32.70768558],[-69.3373913,-32.70842216],[-69.33726077,-32.70883109],[-69.33724846,-32.7089039],[-69.33723083,-32.70892487],[-69.33721572,-32.70897222],[-69.33656362,-32.70971875],[-69.33608366,-32.71276657],[-69.33649064,-32.71073973],[-69.33763725,-32.70944858],[-69.33707301,-32.71105468],[-69.33702543,-32.71115021],[-69.33698336,-32.71126722],[-69.33602044,-32.71316797],[-69.33596224,-32.71353753],[-69.33460289,-32.71527854],[-69.33311143,-32.71691094],[-69.33201878,-32.71822298],[-69.33125208,-32.71944541],[-69.33043457,-32.72269865],[-69.33164009,-32.72006182],[-69.33188155,-32.72111829],[-69.33187569,-32.72116137],[-69.33188438,-32.72120194],[-69.33183135,-32.7214872],[-69.33174843,-32.72209669],[-69.33170327,-32.72217627],[-69.33168725,-32.72226243],[-69.33113433,-32.7231787],[-69.32955623,-32.72465198],[-69.32881007,-32.72579356],[-69.32866741,-32.72607072],[-69.32848156,-32.72656732],[-69.3284138,-32.72679873],[-69.32839268,-32.7269502],[-69.32829102,-32.72818395],[-69.32814471,-32.7287288],[-69.3268732,-32.73121641],[-69.32644546,-32.73313486],[-69.32531602,-32.73502977],[-69.32525273,-32.73517503],[-69.32510896,-32.73822036],[-69.32501667,-32.73501713],[-69.32491638,-32.73518292],[-69.32447355,-32.73804207],[-69.32395448,-32.74139322]],[[-69.32444951,-32.73859095],[-69.32443877,-32.73855918],[-69.32447355,-32.73804207],[-69.32444951,-32.73859095]],[[-69.34101092,-32.70428398],[-69.34098315,-32.70434962],[-69.34094348,-32.70446297],[-69.34089909,-32.70454825],[-69.34064677,-32.7051445],[-69.34020143,-32.70588863],[-69.33895969,-32.70720526],[-69.33896294,-32.70719363],[-69.33892082,-32.70723801],[-69.33895185,-32.70712785],[-69.3390976,-32.70671198],[-69.33929691,-32.70599906],[-69.33986342,-32.70452676],[-69.34179287,-32.70086501],[-69.34241816,-32.69800096],[-69.34260956,-32.69915783],[-69.34252452,-32.69994504],[-69.34101092,-32.70428398]],[[-69.32136941,-32.74656647],[-69.32288381,-32.74473907],[-69.32225684,-32.74575477],[-69.32125599,-32.74701778],[-69.32069839,-32.74767511],[-69.32077303,-32.74755179],[-69.3207408,-32.74759473],[-69.32136941,-32.74656647]],[[-69.31677998,-32.76882471],[-69.31669588,-32.76730434],[-69.31655287,-32.76496101],[-69.31632406,-32.76396589],[-69.31579334,-32.76174626],[-69.31578052,-32.76160188],[-69.31576611,-32.7615392],[-69.31576096,-32.76138164],[-69.31566359,-32.76028532],[-69.31567715,-32.75881787],[-69.31594364,-32.75677349],[-69.31657875,-32.75456706],[-69.31748796,-32.75259632],[-69.3185013,-32.75119349],[-69.31811022,-32.75480899],[-69.31829526,-32.75859377],[-69.31824544,-32.76000902],[-69.31801917,-32.7611267],[-69.31758369,-32.76219996],[-69.31709283,-32.76382502],[-69.31706186,-32.7640204],[-69.317093,-32.76510101],[-69.31709725,-32.76519846],[-69.31762329,-32.76687082],[-69.31774427,-32.76792138],[-69.31774072,-32.7679995],[-69.31774986,-32.76808737],[-69.31771588,-32.76854629],[-69.31767459,-32.76945531],[-69.31763544,-32.76963276],[-69.31762318,-32.76979831],[-69.31751012,-32.77020067],[-69.31733903,-32.77097605],[-69.31729231,-32.77112016],[-69.31679686,-32.76895883],[-69.31679193,-32.76887801],[-69.31677998,-32.76882471]]],[[[-69.32510849,-32.73794298],[-69.32510896,-32.73822036],[-69.32511338,-32.73809879],[-69.32510849,-32.73794298]]],[[[-69.33269074,-32.71689533],[-69.33330249,-32.71641141],[-69.33370007,-32.71557921],[-69.33331406,-32.71579044],[-69.33269074,-32.71689533]]],[[[-69.34859143,-32.68955472],[-69.34666323,-32.68992693],[-69.3464192,-32.69020395],[-69.3471046,-32.69027008],[-69.34775448,-32.69013642],[-69.34786759,-32.69010954],[-69.34859143,-32.68955472]]],[[[-69.37890484,-32.66354354],[-69.3789179,-32.66349578],[-69.37881682,-32.66361718],[-69.37890484,-32.66354354]]],[[[-69.37294209,-32.66552904],[-69.3744731,-32.66310278],[-69.37511051,-32.66231217],[-69.37517764,-32.66225864],[-69.37520288,-32.66222172],[-69.37529945,-32.66216154],[-69.37584233,-32.66172875],[-69.37802303,-32.66046293],[-69.37806645,-32.6604231],[-69.37911188,-32.65941091],[-69.3808394,-32.65677209],[-69.38097357,-32.65651706],[-69.38188173,-32.65310173],[-69.38197667,-32.65266455],[-69.38202107,-32.65257767],[-69.38204554,-32.65248564],[-69.38355203,-32.64950453],[-69.38388923,-32.64864891],[-69.38155883,-32.65203489],[-69.38088165,-32.6546787],[-69.38080794,-32.65506497],[-69.38062008,-32.65569989],[-69.38056011,-32.65593401],[-69.38054015,-32.65597004],[-69.38052289,-32.65602837],[-69.3797832,-32.65749183],[-69.37937667,-32.6580699],[-69.37922058,-32.6583516],[-69.37903844,-32.65855082],[-69.37878924,-32.65890515],[-69.3781238,-32.65955124],[-69.37780426,-32.65990075],[-69.37769737,-32.65996526],[-69.37760774,-32.66005228],[-69.37628157,-32.66081981],[-69.37535059,-32.66138171],[-69.37502634,-32.66164084],[-69.3741004,-32.66257676],[-69.37352928,-32.6640926],[-69.37129981,-32.666696],[-69.36658094,-32.66930665],[-69.36640558,-32.66958853],[-69.36772847,-32.6687836],[-69.36998097,-32.66786863],[-69.37167007,-32.66673995],[-69.37294209,-32.66552904]]]]},"geometry_name":"the_geom","properties":{"fid":140,"id":90,"distrito_":"POTRERILLOS","zona_":"CONSERVACION NATURAL","codigo":"ZCN","lote_min":"5000","lado_min":"30","fos":"0","retiro_fro":"3","retiro_lat":"3","retiro_pos":"3","alt_max":"8","ordenanza":"14106-2021","sup_m2":2.85651E9}},{"type":"Feature","id":"Zonas.141","geometry":{"type":"MultiPolygon","coordinates":[[[[-69.41437216,-32.62560912],[-69.41361549,-32.62585751],[-69.41279664,-32.62647631],[-69.41205819,-32.62746531],[-69.41147031,-32.62862447],[-69.41071112,-32.63047627],[-69.41014851,-32.63247082],[-69.40903015,-32.63374493],[-69.40782846,-32.63446959],[-69.40281794,-32.63601531],[-69.40252491,-32.63607295],[-69.40163728,-32.6363795],[-69.3991359,-32.63780837],[-69.39698331,-32.63857094],[-69.39624062,-32.63892138],[-69.39506594,-32.63966204],[-69.39360324,-32.64075845],[-69.39348354,-32.64082227],[-69.39337596,-32.64092881],[-69.39319106,-32.6410674],[-69.39226874,-32.64202534],[-69.39147998,-32.64280646],[-69.39131236,-32.64301862],[-69.39121944,-32.64311512],[-69.38968958,-32.64507254],[-69.38733648,-32.6480506],[-69.38712097,-32.6482777],[-69.38445044,-32.65078659],[-69.38294033,-32.65262698],[-69.38245892,-32.65368873],[-69.38222415,-32.65543119],[-69.38200846,-32.65627568],[-69.38071905,-32.6593106],[-69.37999261,-32.66007097],[-69.38009842,-32.65918236],[-69.3814531,-32.65594694],[-69.38191205,-32.65339305],[-69.3822019,-32.65271394],[-69.38231087,-32.65249941],[-69.38638294,-32.64819401],[-69.3867511,-32.6478196],[-69.38682068,-32.64773116],[-69.38696623,-32.64757725],[-69.3869813,-32.64752696],[-69.39069627,-32.64280403],[-69.39102616,-32.64241581],[-69.38804539,-32.64397612],[-69.3842473,-32.64812862],[-69.38388923,-32.64864891],[-69.38355203,-32.64950453],[-69.38204554,-32.65248564],[-69.38202107,-32.65257767],[-69.38197667,-32.65266455],[-69.38188173,-32.65310173],[-69.38097357,-32.65651706],[-69.3808394,-32.65677209],[-69.37911188,-32.65941091],[-69.37806645,-32.6604231],[-69.37802303,-32.66046293],[-69.37584233,-32.66172875],[-69.37529945,-32.66216154],[-69.37520288,-32.66222172],[-69.37517764,-32.66225864],[-69.37511051,-32.66231217],[-69.3744731,-32.66310278],[-69.37294209,-32.66552904],[-69.37167007,-32.66673995],[-69.36998097,-32.66786863],[-69.36772847,-32.6687836],[-69.36640558,-32.66958853],[-69.36518361,-32.6715527],[-69.36443754,-32.67275187],[-69.36259566,-32.67487297],[-69.36225026,-32.67610246],[-69.36223664,-32.67729349],[-69.36223699,-32.67729324],[-69.3622369,-32.67730067],[-69.36400889,-32.67604303],[-69.36525756,-32.67549043],[-69.36422466,-32.67657105],[-69.36329666,-32.67719958],[-69.36222149,-32.67809181],[-69.36160122,-32.681053],[-69.3613596,-32.68176582],[-69.35999847,-32.68451569],[-69.35869698,-32.68609448],[-69.35596803,-32.68804551],[-69.35584376,-32.68817058],[-69.35576005,-32.68823092],[-69.35567537,-32.68834004],[-69.35542019,-32.68859686],[-69.35499902,-32.68921166],[-69.35461561,-32.68970574],[-69.35401604,-32.6901162],[-69.35371195,-32.69030059],[-69.35245301,-32.69069198],[-69.35240106,-32.69070749],[-69.35230928,-32.69072285],[-69.34968502,-32.69115424],[-69.34730575,-32.69126276],[-69.3469154,-32.6929613],[-69.34611438,-32.69450273],[-69.34510316,-32.69563121],[-69.34372705,-32.69658208],[-69.34370264,-32.69661094],[-69.34366562,-32.69663613],[-69.34356852,-32.69676942],[-69.34326707,-32.69712563],[-69.34322354,-32.69724297],[-69.34312836,-32.69737361],[-69.34313553,-32.6974802],[-69.34304889,-32.69771373],[-69.34325344,-32.69923309],[-69.3432541,-32.69924286],[-69.34311927,-32.70018943],[-69.34119464,-32.70539683],[-69.34107612,-32.70562698],[-69.34025431,-32.70675095],[-69.34001769,-32.70699174],[-69.33866006,-32.70817454],[-69.33761977,-32.71134519],[-69.33646938,-32.71360169],[-69.33613569,-32.71415879],[-69.33554702,-32.71504165],[-69.33527851,-32.71539091],[-69.3329812,-32.71791059],[-69.33294904,-32.71795771],[-69.33287953,-32.71803329],[-69.3319955,-32.71935471],[-69.33249389,-32.72080518],[-69.33236595,-32.72223895],[-69.33175335,-32.72337161],[-69.33016162,-32.72486216],[-69.32953235,-32.72574325],[-69.32914188,-32.72652383],[-69.32875404,-32.72889447],[-69.32748249,-32.73138223],[-69.32704381,-32.7333271],[-69.32582196,-32.73542361],[-69.32574247,-32.7360898],[-69.32576094,-32.73657009],[-69.32562572,-32.73911081],[-69.32463584,-32.74256538],[-69.32309969,-32.74559447],[-69.32016563,-32.74934662],[-69.31943952,-32.75060978],[-69.31908059,-32.7514601],[-69.31889282,-32.752494],[-69.31875036,-32.75481946],[-69.31888325,-32.7600568],[-69.31824163,-32.76224236],[-69.31782256,-32.76327297],[-69.31768892,-32.764125],[-69.31774987,-32.76522226],[-69.31832537,-32.76721569],[-69.31833314,-32.769333],[-69.31801137,-32.77093881],[-69.31747367,-32.77235947],[-69.31755899,-32.77456093],[-69.31737882,-32.77653262],[-69.31703494,-32.77797074],[-69.31689864,-32.77811386],[-69.31689806,-32.7783078],[-69.31625393,-32.77989395],[-69.3160007,-32.78122975],[-69.31613422,-32.78259935],[-69.3168765,-32.78555732],[-69.31686708,-32.78872784],[-69.31661082,-32.78968936],[-69.31490287,-32.79292925],[-69.3145245,-32.79713782],[-69.31355068,-32.79863057],[-69.31107275,-32.80100869],[-69.30960121,-32.80204392],[-69.30764574,-32.80288178],[-69.30704178,-32.80331521],[-69.30590731,-32.80527206],[-69.30453308,-32.80643014],[-69.30407716,-32.80798216],[-69.3032731,-32.8093501],[-69.30420921,-32.80958214],[-69.30882171,-32.81072537],[-69.37260939,-32.79222197],[-69.41433418,-32.75325286],[-69.45114163,-32.69995987],[-69.48371243,-32.67499736],[-69.48412904,-32.67467792],[-69.49506723,-32.67499798],[-69.51133538,-32.67547222],[-69.51223238,-32.67549831],[-69.51222015,-32.6754719],[-69.51165107,-32.67424298],[-69.51155021,-32.67402516],[-69.51155837,-32.67388442],[-69.51163971,-32.67248093],[-69.51167079,-32.67194482],[-69.51167851,-32.67181153],[-69.51164885,-32.67169449],[-69.51126852,-32.67019387],[-69.51124722,-32.67010979],[-69.51077222,-32.66894142],[-69.50906492,-32.66612623],[-69.50813515,-32.66498721],[-69.50809021,-32.66493215],[-69.50808163,-32.66490023],[-69.50754815,-32.66291632],[-69.50654901,-32.66198152],[-69.50562297,-32.66111509],[-69.50538444,-32.66060523],[-69.50533307,-32.65966866],[-69.50528901,-32.65960242],[-69.50514069,-32.65937944],[-69.50491157,-32.65903498],[-69.50434019,-32.6584313],[-69.50234447,-32.65704591],[-69.50092589,-32.65557774],[-69.49992097,-32.65389736],[-69.49899204,-32.65095337],[-69.49723978,-32.64756717],[-69.49423492,-32.64577865],[-69.49164227,-32.64192877],[-69.48888129,-32.6375882],[-69.48514081,-32.63612886],[-69.48338654,-32.63381958],[-69.48187265,-32.63279273],[-69.48123593,-32.63236084],[-69.48069353,-32.63199292],[-69.47782955,-32.63079324],[-69.47507654,-32.6298033],[-69.47236389,-32.62898842],[-69.47104118,-32.62866],[-69.47056709,-32.62852567],[-69.47038151,-32.62849621],[-69.46928121,-32.62822299],[-69.46392893,-32.62715439],[-69.45576456,-32.62616467],[-69.45378076,-32.62574806],[-69.45033936,-32.62499377],[-69.44826656,-32.62421843],[-69.44787625,-32.62399345],[-69.44690449,-32.62329891],[-69.44638028,-32.62287456],[-69.44515017,-32.62157923],[-69.44253518,-32.62056373],[-69.43977307,-32.61987303],[-69.43709572,-32.61958043],[-69.43644197,-32.61986741],[-69.4361743,-32.61990361],[-69.43450538,-32.61992955],[-69.4337698,-32.62015055],[-69.43140031,-32.62153657],[-69.42969187,-32.6228055],[-69.42724746,-32.62385518],[-69.42579537,-32.62404374],[-69.42257106,-32.62388248],[-69.42121024,-32.6239467],[-69.42007021,-32.6242153],[-69.41684291,-32.62529471],[-69.41437216,-32.62560912]],[[-69.37890484,-32.66354354],[-69.37881682,-32.66361718],[-69.3789179,-32.66349578],[-69.37890484,-32.66354354]]],[[[-69.36083013,-32.68042512],[-69.36097316,-32.67872591],[-69.36095783,-32.6786407],[-69.36096359,-32.67856507],[-69.36067734,-32.67708196],[-69.35997723,-32.67788812],[-69.35968939,-32.67828909],[-69.35892784,-32.67934991],[-69.35872772,-32.67962867],[-69.35857745,-32.68062927],[-69.35816952,-32.68238502],[-69.35866969,-32.68294505],[-69.35817848,-32.68463085],[-69.35808503,-32.68480808],[-69.35790366,-32.68515201],[-69.35904812,-32.68423195],[-69.36017804,-32.68298562],[-69.36095999,-32.68113021],[-69.36109901,-32.680684],[-69.36083013,-32.68042512]]],[[[-69.3615197,-32.67795758],[-69.36159927,-32.67782588],[-69.36162263,-32.67599346],[-69.36121856,-32.67645875],[-69.36148158,-32.67777041],[-69.3615197,-32.67795758]]],[[[-69.37769737,-32.65996526],[-69.37780426,-32.65990075],[-69.3781238,-32.65955124],[-69.37878924,-32.65890515],[-69.37903844,-32.65855082],[-69.37922058,-32.6583516],[-69.37937667,-32.6580699],[-69.3797832,-32.65749183],[-69.38052289,-32.65602837],[-69.38054015,-32.65597004],[-69.38056011,-32.65593401],[-69.38062008,-32.65569989],[-69.38080794,-32.65506497],[-69.38088165,-32.6546787],[-69.38155883,-32.65203489],[-69.37674394,-32.65902979],[-69.37434992,-32.66191447],[-69.3741004,-32.66257676],[-69.37502634,-32.66164084],[-69.37535059,-32.66138171],[-69.37628157,-32.66081981],[-69.37760774,-32.66005228],[-69.37769737,-32.65996526]]],[[[-69.39658462,-32.63520815],[-69.3962205,-32.63552857],[-69.3925011,-32.64089531],[-69.39574848,-32.63854761],[-69.39882133,-32.63733731],[-69.40135765,-32.63589261],[-69.398898,-32.63579922],[-69.39658462,-32.63520815]]],[[[-69.40993909,-32.63086801],[-69.40925079,-32.63189033],[-69.40840856,-32.63279306],[-69.40722002,-32.63376245],[-69.40568348,-32.63473608],[-69.40577841,-32.63470395],[-69.40766108,-32.63392401],[-69.40892437,-32.63307634],[-69.40955705,-32.63226526],[-69.40993909,-32.63086801]]],[[[-69.40337348,-32.63509499],[-69.40423822,-32.63483251],[-69.40637415,-32.63364823],[-69.40735911,-32.63285694],[-69.40770558,-32.63263761],[-69.40783447,-32.63247505],[-69.40815016,-32.63222143],[-69.40880603,-32.63147937],[-69.40938823,-32.63058875],[-69.40942983,-32.63046281],[-69.40948902,-32.63038816],[-69.40953464,-32.63014556],[-69.40962493,-32.62987226],[-69.40963825,-32.62959462],[-69.41014586,-32.62689531],[-69.41026003,-32.62667754],[-69.41105983,-32.62578454],[-69.41146625,-32.62536002],[-69.41335871,-32.62416652],[-69.4114471,-32.62473869],[-69.40957556,-32.62670819],[-69.40908588,-32.62831441],[-69.40892795,-32.62858058],[-69.40841009,-32.62916124],[-69.40803494,-32.62940196],[-69.40647447,-32.62997134],[-69.40548997,-32.63100723],[-69.40035457,-32.63256774],[-69.3987818,-32.63327458],[-69.397111,-32.63474494],[-69.39854826,-32.63518246],[-69.39866119,-32.63519983],[-69.39874132,-32.63522335],[-69.39879104,-32.63521981],[-69.39942281,-32.63531702],[-69.40077818,-32.63537106],[-69.40234186,-32.63527034],[-69.40337348,-32.63509499]]],[[[-69.41273482,-32.62578017],[-69.41308244,-32.62551763],[-69.41369647,-32.62526409],[-69.41411224,-32.62510886],[-69.41680005,-32.62474069],[-69.42021473,-32.62362752],[-69.42133121,-32.62338436],[-69.41848896,-32.62353994],[-69.41631491,-32.6238174],[-69.41472977,-32.62421612],[-69.41462018,-32.62426392],[-69.41449173,-32.62429776],[-69.4138499,-32.62459985],[-69.41319316,-32.62488626],[-69.41309215,-32.6249565],[-69.41299686,-32.62500135],[-69.41230979,-32.6255005],[-69.41166301,-32.62595021],[-69.41162237,-32.62599988],[-69.41156612,-32.62604074],[-69.41102771,-32.62662862],[-69.4106568,-32.62718021],[-69.41059444,-32.62725644],[-69.41058134,-32.62729242],[-69.41053493,-32.62736144],[-69.41041974,-32.62773644],[-69.41031036,-32.62803697],[-69.41030913,-32.62809653],[-69.4102996,-32.62812756],[-69.41026419,-32.62990737],[-69.41047991,-32.62938962],[-69.41164159,-32.62698993],[-69.41196985,-32.62656386],[-69.41236209,-32.62608501],[-69.41273482,-32.62578017]]],[[[-69.46077119,-32.62563557],[-69.45984423,-32.6254267],[-69.45868932,-32.62501033],[-69.45755753,-32.62458665],[-69.45531125,-32.62353313],[-69.4532714,-32.62220008],[-69.45230205,-32.62177355],[-69.45089606,-32.62165254],[-69.44758052,-32.62195675],[-69.44614453,-32.62182666],[-69.44698786,-32.62265409],[-69.44807447,-32.62347233],[-69.44820824,-32.62354513],[-69.44826687,-32.62359394],[-69.44838832,-32.62364313],[-69.44900565,-32.62397908],[-69.45018963,-32.62440378],[-69.45035448,-32.62443934],[-69.45044546,-32.62447618],[-69.45607396,-32.62567307],[-69.46438825,-32.62670225],[-69.46640996,-32.6270834],[-69.4695563,-32.6277669],[-69.4729779,-32.62861696],[-69.47410581,-32.62893648],[-69.47834048,-32.63039674],[-69.47423002,-32.62760818],[-69.46868401,-32.62476863],[-69.46693376,-32.62538551],[-69.46692158,-32.62538787],[-69.46321385,-32.62590845],[-69.46248933,-32.62587829],[-69.46170844,-32.62582995],[-69.46077119,-32.62563557]]],[[[-69.46868401,-32.62476863],[-69.46824255,-32.62454259],[-69.46796666,-32.62445356],[-69.46868401,-32.62476863]]],[[[-69.44492256,-32.62092763],[-69.44499335,-32.62094284],[-69.44596905,-32.62123223],[-69.44703752,-32.62140157],[-69.44712587,-32.62140108],[-69.44716448,-32.62140938],[-69.44728241,-32.62140021],[-69.44803297,-32.62139602],[-69.45045783,-32.62115323],[-69.45092836,-32.62111663],[-69.45190015,-32.6211946],[-69.45244975,-32.62125212],[-69.45256368,-32.62129628],[-69.454502,-32.62234101],[-69.4555099,-32.62299637],[-69.45736085,-32.62388179],[-69.45750901,-32.62396163],[-69.45760832,-32.62400016],[-69.45775202,-32.6240689],[-69.45872575,-32.62443367],[-69.45974363,-32.62482855],[-69.45981057,-32.62484005],[-69.45995173,-32.62489293],[-69.46170798,-32.62528953],[-69.46283743,-32.62535996],[-69.46295107,-32.62537948],[-69.46304564,-32.62537294],[-69.46312376,-32.62537781],[-69.46380554,-32.62532043],[-69.46446818,-32.62527463],[-69.46458675,-32.62525467],[-69.46468199,-32.62524665],[-69.46556469,-32.62509002],[-69.46647537,-32.62493669],[-69.46653183,-32.6249184],[-69.46660558,-32.62490531],[-69.46796666,-32.62445356],[-69.46458733,-32.62336304],[-69.4584414,-32.62163104],[-69.45147065,-32.62074391],[-69.4448198,-32.62089136],[-69.44494038,-32.62092713],[-69.44492256,-32.62092763]]],[[[-69.41363155,-32.62345591],[-69.41584122,-32.62228518],[-69.41457387,-32.62241517],[-69.41254577,-32.6238306],[-69.41363155,-32.62345591]]],[[[-69.42720458,-32.62329631],[-69.42727042,-32.62326555],[-69.42744851,-32.62321749],[-69.428642,-32.62272755],[-69.42971039,-32.62212561],[-69.42583616,-32.62301336],[-69.42241968,-32.62333697],[-69.42538376,-32.62350405],[-69.42551098,-32.62348954],[-69.42578059,-32.62350284],[-69.42672493,-32.62341276],[-69.42712117,-32.62330583],[-69.42720458,-32.62329631]]],[[[-69.426425,-32.62235046],[-69.42411673,-32.62204028],[-69.42247657,-32.62160437],[-69.4178442,-32.6220797],[-69.41635752,-32.62265871],[-69.41411922,-32.62384538],[-69.41423391,-32.62381144],[-69.41726792,-32.62312037],[-69.42394803,-32.6226934],[-69.42634809,-32.62236692],[-69.426425,-32.62235046]]],[[[-69.4286698,-32.62159931],[-69.428699,-32.6215784],[-69.42871993,-32.62157584],[-69.42873906,-32.62154972],[-69.42894474,-32.62140243],[-69.42970031,-32.62023682],[-69.42957445,-32.62025925],[-69.42659331,-32.6211818],[-69.4239596,-32.62145216],[-69.42635062,-32.62180404],[-69.42655283,-32.6217948],[-69.42673527,-32.62181891],[-69.42715763,-32.62176718],[-69.42825925,-32.62171686],[-69.4286698,-32.62159931]]],[[[-69.43131659,-32.62093653],[-69.43398092,-32.6194996],[-69.43448501,-32.61939036],[-69.435319,-32.61938622],[-69.4347946,-32.6193289],[-69.43082673,-32.62003609],[-69.43025837,-32.62050402],[-69.42956634,-32.62159612],[-69.43049649,-32.62126485],[-69.43101263,-32.62110045],[-69.43111876,-32.62104321],[-69.43117332,-32.62102378],[-69.43131659,-32.62093653]]],[[[-69.30396467,-32.80618052],[-69.30537846,-32.8049667],[-69.3065889,-32.8029274],[-69.30998383,-32.80111207],[-69.31303763,-32.79830662],[-69.31399365,-32.79670962],[-69.31431959,-32.79267589],[-69.31624191,-32.78885767],[-69.31635366,-32.78607104],[-69.31550378,-32.78269463],[-69.31535603,-32.78136504],[-69.31557343,-32.7799984],[-69.31634358,-32.77780207],[-69.31529689,-32.77465589],[-69.31532255,-32.77209437],[-69.31538296,-32.7712576],[-69.31534187,-32.77016618],[-69.31509114,-32.76902393],[-69.3140673,-32.76577529],[-69.31394143,-32.7626177],[-69.31380534,-32.76214935],[-69.31367344,-32.76190455],[-69.31330538,-32.7609251],[-69.31401128,-32.75828638],[-69.31415032,-32.75493597],[-69.31328381,-32.75682876],[-69.31180321,-32.76097322],[-69.31348017,-32.7654607],[-69.31283774,-32.77177872],[-69.313434,-32.77598816],[-69.31286942,-32.78083214],[-69.31305156,-32.78539353],[-69.31306729,-32.78988514],[-69.31331975,-32.79079688],[-69.31200234,-32.79423909],[-69.30695254,-32.79972576],[-69.30446657,-32.8017671],[-69.29999526,-32.80655027],[-69.29915006,-32.80849963],[-69.30303292,-32.80930056],[-69.30292158,-32.80927391],[-69.30192824,-32.80901672],[-69.30263399,-32.80919167],[-69.3034758,-32.80779552],[-69.30396467,-32.80618052]]],[[[-69.31687039,-32.77277126],[-69.3168546,-32.77268679],[-69.3168516,-32.77256561],[-69.31668463,-32.77133177],[-69.31614275,-32.76887818],[-69.3159355,-32.76510735],[-69.31519963,-32.76190207],[-69.31511385,-32.76112284],[-69.31506242,-32.75954932],[-69.31513938,-32.75805263],[-69.31527774,-32.75704813],[-69.31561637,-32.75562378],[-69.31597159,-32.75445874],[-69.31620817,-32.75385104],[-69.31704968,-32.7521271],[-69.31819769,-32.75063271],[-69.31783126,-32.75099217],[-69.31625749,-32.75218925],[-69.31527954,-32.75322858],[-69.31469708,-32.75555839],[-69.31462767,-32.75848454],[-69.31403329,-32.76027626],[-69.31399307,-32.76055821],[-69.31395005,-32.76069879],[-69.31396622,-32.76074649],[-69.31394485,-32.76089625],[-69.31457594,-32.76254489],[-69.31456966,-32.76484403],[-69.31469668,-32.76567563],[-69.31595726,-32.76996308],[-69.31588126,-32.77422336],[-69.31616379,-32.77558493],[-69.31654463,-32.77667503],[-69.31657488,-32.77678679],[-69.3166313,-32.77692307],[-69.31687083,-32.77544246],[-69.31687078,-32.77512687],[-69.31690811,-32.77484686],[-69.31687048,-32.77332785],[-69.31687039,-32.77277126]]],[[[-69.31767459,-32.76945531],[-69.31771588,-32.76854629],[-69.31774986,-32.76808737],[-69.31774072,-32.7679995],[-69.31774427,-32.76792138],[-69.31762329,-32.76687082],[-69.31709725,-32.76519846],[-69.317093,-32.76510101],[-69.31706186,-32.7640204],[-69.31709283,-32.76382502],[-69.31758369,-32.76219996],[-69.31801917,-32.7611267],[-69.31824544,-32.76000902],[-69.31829526,-32.75859377],[-69.31811022,-32.75480899],[-69.3185013,-32.75119349],[-69.31748796,-32.75259632],[-69.31657875,-32.75456706],[-69.31594364,-32.75677349],[-69.31567715,-32.75881787],[-69.31566359,-32.76028532],[-69.31576096,-32.76138164],[-69.31576611,-32.7615392],[-69.31578052,-32.76160188],[-69.31579334,-32.76174626],[-69.31632406,-32.76396589],[-69.31655287,-32.76496101],[-69.31669588,-32.76730434],[-69.31677998,-32.76882471],[-69.31679193,-32.76887801],[-69.31679686,-32.76895883],[-69.31729231,-32.77112016],[-69.31733903,-32.77097605],[-69.31751012,-32.77020067],[-69.31762318,-32.76979831],[-69.31763544,-32.76963276],[-69.31767459,-32.76945531]]],[[[-69.32288381,-32.74473907],[-69.32136941,-32.74656647],[-69.3207408,-32.74759473],[-69.32077303,-32.74755179],[-69.32069839,-32.74767511],[-69.32125599,-32.74701778],[-69.32225684,-32.74575477],[-69.32288381,-32.74473907]]],[[[-69.32395448,-32.74139322],[-69.32391457,-32.74165088],[-69.3240256,-32.74132244],[-69.32395448,-32.74139322]]],[[[-69.32443877,-32.73855918],[-69.32444951,-32.73859095],[-69.32447355,-32.73804207],[-69.32443877,-32.73855918]]],[[[-69.32829102,-32.72818395],[-69.32839268,-32.7269502],[-69.3284138,-32.72679873],[-69.32848156,-32.72656732],[-69.32866741,-32.72607072],[-69.32881007,-32.72579356],[-69.32955623,-32.72465198],[-69.33113433,-32.7231787],[-69.33168725,-32.72226243],[-69.33170327,-32.72217627],[-69.33174843,-32.72209669],[-69.33183135,-32.7214872],[-69.33188438,-32.72120194],[-69.33187569,-32.72116137],[-69.33188155,-32.72111829],[-69.33164009,-32.72006182],[-69.33043457,-32.72269865],[-69.33035203,-32.72302711],[-69.32812319,-32.7265421],[-69.32631957,-32.73286325],[-69.32501667,-32.73501713],[-69.32510896,-32.73822036],[-69.32525273,-32.73517503],[-69.32531602,-32.73502977],[-69.32644546,-32.73313486],[-69.3268732,-32.73121641],[-69.32814471,-32.7287288],[-69.32829102,-32.72818395]],[[-69.32510849,-32.73794298],[-69.32511338,-32.73809879],[-69.32510896,-32.73822036],[-69.32510849,-32.73794298]]],[[[-69.33447397,-32.71515571],[-69.33370007,-32.71557921],[-69.33330249,-32.71641141],[-69.33269074,-32.71689533],[-69.33125208,-32.71944541],[-69.33201878,-32.71822298],[-69.33311143,-32.71691094],[-69.33460289,-32.71527854],[-69.33596224,-32.71353753],[-69.33447397,-32.71515571]]],[[[-69.33649064,-32.71073973],[-69.33608366,-32.71276657],[-69.33602044,-32.71316797],[-69.33698336,-32.71126722],[-69.33702543,-32.71115021],[-69.33707301,-32.71105468],[-69.33763725,-32.70944858],[-69.33649064,-32.71073973]]],[[[-69.3373913,-32.70842216],[-69.33745442,-32.70768558],[-69.33669199,-32.7089035],[-69.33656362,-32.70971875],[-69.33721572,-32.70897222],[-69.33723083,-32.70892487],[-69.33724846,-32.7089039],[-69.33726077,-32.70883109],[-69.3373913,-32.70842216]]],[[[-69.34009598,-32.70277828],[-69.34095109,-32.70124825],[-69.34105594,-32.70094377],[-69.34118339,-32.7007002],[-69.3414721,-32.69973535],[-69.34095912,-32.70016047],[-69.33949555,-32.70391295],[-69.33823454,-32.70636266],[-69.33809175,-32.70776974],[-69.33809896,-32.7077483],[-69.33808702,-32.70787028],[-69.33910968,-32.70474122],[-69.33918312,-32.7045227],[-69.34009598,-32.70277828]]],[[[-69.34089909,-32.70454825],[-69.34094348,-32.70446297],[-69.34098315,-32.70434962],[-69.34101092,-32.70428398],[-69.34252452,-32.69994504],[-69.34260956,-32.69915783],[-69.34241816,-32.69800096],[-69.34179287,-32.70086501],[-69.33986342,-32.70452676],[-69.33929691,-32.70599906],[-69.3390976,-32.70671198],[-69.33895185,-32.70712785],[-69.33892082,-32.70723801],[-69.33896294,-32.70719363],[-69.33895969,-32.70720526],[-69.34020143,-32.70588863],[-69.34064677,-32.7051445],[-69.34089909,-32.70454825]]],[[[-69.34552476,-32.69427024],[-69.34556213,-32.6942295],[-69.34564463,-32.69407519],[-69.3460108,-32.69347935],[-69.34615967,-32.69311182],[-69.34625201,-32.69293911],[-69.34629077,-32.69278814],[-69.34640242,-32.69251251],[-69.3466718,-32.69130438],[-69.34595338,-32.69142867],[-69.34511603,-32.69172101],[-69.34402166,-32.6936539],[-69.34320139,-32.69626378],[-69.34446859,-32.69542162],[-69.3446383,-32.69523661],[-69.34480122,-32.69512014],[-69.34547721,-32.69434761],[-69.34552476,-32.69427024]]],[[[-69.34920905,-32.69066189],[-69.34931917,-32.69065801],[-69.34936448,-32.69065092],[-69.34942735,-32.69064649],[-69.35009146,-32.69053721],[-69.35172243,-32.69028207],[-69.35188778,-32.69024159],[-69.35224911,-32.69018213],[-69.3525775,-32.69007277],[-69.35317217,-32.68992721],[-69.35343026,-32.68978878],[-69.35365269,-32.68971471],[-69.3537807,-32.68960083],[-69.35402679,-32.68946884],[-69.35440815,-32.68904265],[-69.3542957,-32.68913359],[-69.35031254,-32.68928514],[-69.34859143,-32.68955472],[-69.34786759,-32.69010954],[-69.34775448,-32.69013642],[-69.3471046,-32.69027008],[-69.3464192,-32.69020395],[-69.34580429,-32.690902],[-69.34920905,-32.69066189]]],[[[-69.34859143,-32.68955472],[-69.34757536,-32.68971386],[-69.34666323,-32.68992693],[-69.34859143,-32.68955472]]],[[[-69.35848222,-32.68549926],[-69.35861338,-32.68535639],[-69.35735975,-32.6861282],[-69.3568694,-32.68670825],[-69.35848222,-32.68549926]]]]},"geometry_name":"the_geom","properties":{"fid":141,"id":86,"distrito_":"POTRERILLOS","zona_":"RURAL NO IRRIGADA","codigo":"ZRURNI","lote_min":"5000","lado_min":"30","fos":"10","retiro_fro":"10","retiro_lat":"10","retiro_pos":"10","alt_max":"8","ordenanza":"14106-2021","sup_m2":1.84032E8}},{"type":"Feature","id":"Zonas.142","geometry":{"type":"MultiPolygon","coordinates":[[[[-69.28526188,-32.96211544],[-69.2857859,-32.96221488],[-69.28618888,-32.96226647],[-69.28625962,-32.96228507],[-69.28636687,-32.96231001],[-69.28645756,-32.96232705],[-69.28648023,-32.96233032],[-69.28650396,-32.96233374],[-69.28654732,-32.96233834],[-69.28658631,-32.96234084],[-69.28662122,-32.96234146],[-69.28665244,-32.96234046],[-69.28668024,-32.96233804],[-69.28670504,-32.96233442],[-69.28672528,-32.96233018],[-69.28676041,-32.96231994],[-69.28679922,-32.96230507],[-69.28684486,-32.96228364],[-69.28689907,-32.96225389],[-69.28694824,-32.9622238],[-69.28700631,-32.9621855],[-69.28721705,-32.96203702],[-69.28722127,-32.9620341],[-69.28724677,-32.96201675],[-69.28729852,-32.96198153],[-69.28730405,-32.96197785],[-69.28730789,-32.96197539],[-69.2873659,-32.96193881],[-69.28738309,-32.96192797],[-69.28739629,-32.96192008],[-69.28739689,-32.96191974],[-69.28746562,-32.96188098],[-69.28748282,-32.96187193],[-69.28748431,-32.96187121],[-69.28755378,-32.9618376],[-69.28756742,-32.96183146],[-69.28758531,-32.96183375],[-69.28780925,-32.96175671],[-69.28788896,-32.96172929],[-69.28788971,-32.96172925],[-69.28790674,-32.96172883],[-69.28791053,-32.96172884],[-69.28795618,-32.96172919],[-69.28797338,-32.96172971],[-69.28797578,-32.96172985],[-69.28802284,-32.96173264],[-69.28804101,-32.96173415],[-69.28808956,-32.96173938],[-69.2880899,-32.96173942],[-69.28810617,-32.96174155],[-69.28810795,-32.96174182],[-69.28815649,-32.96174924],[-69.28816094,-32.96174995],[-69.28817149,-32.96175185],[-69.2882238,-32.96176205],[-69.28823371,-32.96176412],[-69.28823718,-32.96176491],[-69.28829185,-32.96177768],[-69.28830697,-32.96178155],[-69.28840224,-32.96180813],[-69.28840377,-32.96180855],[-69.28841719,-32.96181264],[-69.288524,-32.96184746],[-69.28853025,-32.96184956],[-69.28853388,-32.96185084],[-69.28863826,-32.96188828],[-69.28864265,-32.96188988],[-69.28890354,-32.96198734],[-69.28897787,-32.96201273],[-69.28903654,-32.96203277],[-69.28909891,-32.96205149],[-69.2891558,-32.96206646],[-69.28920698,-32.96207778],[-69.28925512,-32.96208621],[-69.28944704,-32.96211224],[-69.2895348,-32.96212158],[-69.28964138,-32.96213293],[-69.28964168,-32.96213297],[-69.28972913,-32.96214228],[-69.28992411,-32.96215741],[-69.29011977,-32.96216697],[-69.29031614,-32.96217096],[-69.29051327,-32.96216937],[-69.2907112,-32.9621622],[-69.29090994,-32.96214944],[-69.29110954,-32.96213108],[-69.2912342,-32.96211617],[-69.29131002,-32.9621071],[-69.29151141,-32.96207748],[-69.29171374,-32.96204221],[-69.29191701,-32.96200128],[-69.29212124,-32.96195465],[-69.29232645,-32.96190232],[-69.29253689,-32.96184306],[-69.29255464,-32.96183854],[-69.29257508,-32.96183447],[-69.29259578,-32.96183154],[-69.29261667,-32.96182976],[-69.29263339,-32.96182926],[-69.29263458,-32.96182922],[-69.29263766,-32.96182913],[-69.29265865,-32.96182966],[-69.29267955,-32.96183135],[-69.29270028,-32.96183418],[-69.29272074,-32.96183815],[-69.29274085,-32.96184324],[-69.29276052,-32.96184943],[-69.29277967,-32.96185669],[-69.29279822,-32.96186499],[-69.29281608,-32.9618743],[-69.2928213,-32.96187744],[-69.29283318,-32.96188457],[-69.29284945,-32.96189576],[-69.29286481,-32.96190783],[-69.29287921,-32.96192071],[-69.29289257,-32.96193436],[-69.29290485,-32.96194872],[-69.29291599,-32.96196373],[-69.29292594,-32.96197932],[-69.29293466,-32.96199542],[-69.29294211,-32.96201197],[-69.29294826,-32.96202889],[-69.29295309,-32.96204612],[-69.29295656,-32.96206358],[-69.29295868,-32.96208119],[-69.29295943,-32.96209888],[-69.2929588,-32.96211657],[-69.2929568,-32.96213419],[-69.29295343,-32.96215167],[-69.29294872,-32.96216892],[-69.29294268,-32.96218587],[-69.29293896,-32.96219429],[-69.29337058,-32.96221406],[-69.29418212,-32.96225124],[-69.29419053,-32.96222847],[-69.2942047,-32.9622321],[-69.2946984,-32.96091404],[-69.29491144,-32.95801614],[-69.29523087,-32.95706111],[-69.29513753,-32.95698997],[-69.2950929,-32.95695596],[-69.29501233,-32.95692667],[-69.2946279,-32.95678691],[-69.29448921,-32.95673816],[-69.29437147,-32.9567003],[-69.29428415,-32.95667658],[-69.29425777,-32.9566709],[-69.29422557,-32.95666396],[-69.29415929,-32.95665235],[-69.29408618,-32.95664215],[-69.29401242,-32.95663412],[-69.29378604,-32.95661781],[-69.29361499,-32.95660841],[-69.29340867,-32.95659707],[-69.29340035,-32.95659647],[-69.29328095,-32.95658652],[-69.29326967,-32.95658541],[-69.29316328,-32.95657332],[-69.29314852,-32.95657135],[-69.29303536,-32.95655394],[-69.29301698,-32.95655064],[-69.29291185,-32.95652903],[-69.29289231,-32.9565244],[-69.29279532,-32.95649862],[-69.29277328,-32.956492],[-69.29268254,-32.95646159],[-69.29267511,-32.95645901],[-69.29250721,-32.95639859],[-69.29234148,-32.95634335],[-69.29217346,-32.95629172],[-69.29200253,-32.95624349],[-69.29194866,-32.95622961],[-69.29133361,-32.95601101],[-69.29084947,-32.95601214],[-69.2906961,-32.9559904],[-69.29047756,-32.95596228],[-69.29003447,-32.95591175],[-69.28911995,-32.95581684],[-69.28897136,-32.95580244],[-69.28881672,-32.95579031],[-69.28865177,-32.95578011],[-69.28847359,-32.95577168],[-69.28837425,-32.95576852],[-69.28813993,-32.95576105],[-69.28780551,-32.95575383],[-69.28735187,-32.95574402],[-69.2871502,-32.95573747],[-69.28696735,-32.95572953],[-69.28679515,-32.9557198],[-69.2867902,-32.95571949],[-69.28674144,-32.95571598],[-69.28626705,-32.95561715],[-69.28599616,-32.95574643],[-69.28581498,-32.9558329],[-69.28565337,-32.95588848],[-69.28556821,-32.95592498],[-69.28555777,-32.95592926],[-69.28541301,-32.95598582],[-69.2854002,-32.95599045],[-69.28532599,-32.95601556],[-69.28531006,-32.95602054],[-69.28524234,-32.95604001],[-69.28522227,-32.95604517],[-69.28515773,-32.95605983],[-69.2851519,-32.95606094],[-69.2851349,-32.95606415],[-69.28507676,-32.95607328],[-69.28505694,-32.95607585],[-69.28491121,-32.95609086],[-69.28490149,-32.95609173],[-69.284739,-32.95610425],[-69.28473307,-32.95610464],[-69.28457766,-32.95611378],[-69.28420779,-32.95613244],[-69.28402669,-32.95614433],[-69.28394985,-32.95615237],[-69.28387028,-32.95616484],[-69.28378511,-32.95618227],[-69.28369487,-32.95620478],[-69.28359991,-32.95623246],[-69.28350121,-32.95626518],[-69.28339967,-32.95630274],[-69.28329158,-32.95634678],[-69.28328586,-32.95634905],[-69.28323612,-32.95636829],[-69.28322108,-32.95637362],[-69.28316245,-32.95639293],[-69.28314851,-32.95639721],[-69.28293184,-32.956459],[-69.28285981,-32.95648141],[-69.28280494,-32.95650174],[-69.2827684,-32.95651889],[-69.28269514,-32.95656094],[-69.28267191,-32.95657611],[-69.28265245,-32.9565902],[-69.28261922,-32.95661766],[-69.28250768,-32.95671854],[-69.28249743,-32.9567274],[-69.28242132,-32.95679022],[-69.28234343,-32.95685618],[-69.28217845,-32.95700712],[-69.28217413,-32.95701099],[-69.28210511,-32.9570717],[-69.28209424,-32.95708081],[-69.2820239,-32.95713702],[-69.28200465,-32.95715107],[-69.28199943,-32.95715458],[-69.28194635,-32.95719028],[-69.28192246,-32.95720488],[-69.2819166,-32.95720806],[-69.28189158,-32.95722127],[-69.28186725,-32.95723291],[-69.28183743,-32.95724575],[-69.28181935,-32.95725295],[-69.28178295,-32.95726609],[-69.28176676,-32.95727149],[-69.28172721,-32.95728366],[-69.28170814,-32.95728897],[-69.28161415,-32.95731238],[-69.28160282,-32.95731501],[-69.28159565,-32.95731649],[-69.28148083,-32.95733892],[-69.28146831,-32.95734114],[-69.28136012,-32.95735848],[-69.28117911,-32.95739412],[-69.27999097,-32.95751608],[-69.27940228,-32.95750028],[-69.27917025,-32.95749406],[-69.27840033,-32.95757012],[-69.27774228,-32.95763513],[-69.27760122,-32.95764696],[-69.2772183,-32.95767719],[-69.27669302,-32.9577128],[-69.27609915,-32.95774593],[-69.27602664,-32.95775097],[-69.27595752,-32.95775828],[-69.27588715,-32.95776824],[-69.27581521,-32.95778095],[-69.27574148,-32.95779648],[-69.27566548,-32.957815],[-69.27558679,-32.95783667],[-69.27553182,-32.95785347],[-69.27550637,-32.95786125],[-69.27546798,-32.95787445],[-69.2757248,-32.95887914],[-69.27681679,-32.95873155],[-69.27718825,-32.95868134],[-69.27770022,-32.95864936],[-69.27867363,-32.95858857],[-69.27980538,-32.95828046],[-69.28055828,-32.95794423],[-69.28116957,-32.95790905],[-69.2822079,-32.95762636],[-69.28228417,-32.95784491],[-69.28150201,-32.96166972],[-69.2815509,-32.96175109],[-69.28157097,-32.96175457],[-69.28156815,-32.9617578],[-69.28154993,-32.96175516],[-69.28154759,-32.96176505],[-69.28297761,-32.96200629],[-69.28298299,-32.96200817],[-69.28300096,-32.96201502],[-69.28300282,-32.9620158],[-69.28309518,-32.96205456],[-69.28311186,-32.96206209],[-69.2831144,-32.96206333],[-69.2831606,-32.96208615],[-69.28317592,-32.96209422],[-69.28317686,-32.96209474],[-69.28320396,-32.96211004],[-69.28370084,-32.96254269],[-69.28376304,-32.96252943],[-69.28379535,-32.96255086],[-69.28384951,-32.96258147],[-69.2838677,-32.96259017],[-69.28388723,-32.96259834],[-69.28390506,-32.96260473],[-69.28392138,-32.96260958],[-69.28393653,-32.96261316],[-69.28395313,-32.96261607],[-69.28396423,-32.96261749],[-69.28400091,-32.96262217],[-69.28405035,-32.96262674],[-69.28409767,-32.9626294],[-69.28414179,-32.9626302],[-69.28418157,-32.96262927],[-69.28421651,-32.96262685],[-69.28424594,-32.96262329],[-69.28426431,-32.96261998],[-69.28427201,-32.96261782],[-69.28427966,-32.96261465],[-69.28429426,-32.96260663],[-69.28431695,-32.96259112],[-69.2843425,-32.96257061],[-69.28437481,-32.96254141],[-69.28452887,-32.96238611],[-69.2845332,-32.96238184],[-69.28453804,-32.96237727],[-69.28460542,-32.96231504],[-69.2846149,-32.96230666],[-69.28462095,-32.96230166],[-69.28465869,-32.96227132],[-69.28466792,-32.96226418],[-69.28467504,-32.96225905],[-69.28471145,-32.96223353],[-69.28472053,-32.9622274],[-69.28473219,-32.96222016],[-69.28476799,-32.96219898],[-69.28477336,-32.96219587],[-69.28479116,-32.96218648],[-69.28479355,-32.96218533],[-69.28482911,-32.96216825],[-69.28484522,-32.96216102],[-69.28485637,-32.96215657],[-69.28489859,-32.96214058],[-69.28490654,-32.96213767],[-69.28492433,-32.96213193],[-69.28496846,-32.96211893],[-69.28497031,-32.9621184],[-69.28499038,-32.96211321],[-69.28499422,-32.96211236],[-69.28502917,-32.96210477],[-69.28504035,-32.96210234],[-69.28505694,-32.96209913],[-69.28506548,-32.96209778],[-69.2850872,-32.9620946],[-69.28526188,-32.96211544]],[[-69.2851137,-32.96209072],[-69.28512588,-32.96208914],[-69.2850872,-32.9620946],[-69.2851137,-32.96209072]],[[-69.29262755,-32.96182776],[-69.29261252,-32.96182484],[-69.29259179,-32.96182201],[-69.29257089,-32.96182032],[-69.2925499,-32.96181979],[-69.29253371,-32.96182028],[-69.29256764,-32.9618124],[-69.29262755,-32.96182776]]]]},"geometry_name":"the_geom","properties":{"fid":142,"id":92,"distrito_":"POTRERILLOS","zona_":"RESIDENCIAL MIXTA 6","codigo":"ZRM6","lote_min":"500","lado_min":"15","fos":"45","retiro_fro":"3","retiro_lat":"1,5","retiro_pos":"1,5","alt_max":"8","ordenanza":"14106-2021","sup_m2":853266}},{"type":"Feature","id":"Zonas.143","geometry":{"type":"MultiPolygon","coordinates":[[[[-68.88271603,-33.0413095],[-68.88195935,-33.03928356],[-68.88195939,-33.03928354],[-68.88169242,-33.03860702],[-68.88052515,-33.03884448],[-68.88157699,-33.04118568],[-68.88066038,-33.04107262],[-68.88158405,-33.04120084],[-68.88158466,-33.0412009],[-68.88159152,-33.04121568],[-68.88210621,-33.04125096],[-68.88271603,-33.0413095]]],[[[-68.87200782,-33.03970028],[-68.87207514,-33.04005042],[-68.87227317,-33.04021762],[-68.8723919,-33.04028208],[-68.87254203,-33.04037296],[-68.87266949,-33.04037309],[-68.87276856,-33.04042091],[-68.87293846,-33.04045686],[-68.87313669,-33.04048092],[-68.87336322,-33.04052887],[-68.87358977,-33.04056488],[-68.87375969,-33.04058891],[-68.87415012,-33.04071052],[-68.87415041,-33.040711],[-68.87421978,-33.04072682],[-68.87427987,-33.04075929],[-68.87441363,-33.04083159],[-68.87463562,-33.04089265],[-68.8747241,-33.0409166],[-68.87503867,-33.04098347],[-68.87534028,-33.04099072],[-68.87571005,-33.04099962],[-68.8760607,-33.04095429],[-68.87626845,-33.04094301],[-68.87685376,-33.04086794],[-68.87692737,-33.0408581],[-68.87751495,-33.04086891],[-68.87762473,-33.04086907],[-68.87778838,-33.04087394],[-68.87866161,-33.04089],[-68.87891761,-33.04091058],[-68.87941095,-33.04094156],[-68.879773,-33.04097936],[-68.88062777,-33.0410686],[-68.88066038,-33.04107262],[-68.88007571,-33.03984913],[-68.87912584,-33.04006411],[-68.87907026,-33.04007664],[-68.87871927,-33.0391948],[-68.87871059,-33.03919681],[-68.87754355,-33.03950551],[-68.87754303,-33.03950421],[-68.87753818,-33.0395055],[-68.87735368,-33.03903693],[-68.87735668,-33.03903604],[-68.87847394,-33.03871464],[-68.87793039,-33.03723287],[-68.8777949,-33.03685339],[-68.87779117,-33.03685333],[-68.87778988,-33.03684981],[-68.87515841,-33.03681373],[-68.87515778,-33.03681561],[-68.87515748,-33.03681561],[-68.87515615,-33.03681559],[-68.87515619,-33.03681535],[-68.87515223,-33.03681453],[-68.87334592,-33.036852],[-68.87281539,-33.03806537],[-68.87233805,-33.03910504],[-68.87200782,-33.03970028]]],[[[-68.87515644,-33.03681377],[-68.87515619,-33.03681535],[-68.87515748,-33.03681561],[-68.87515841,-33.03681373],[-68.87515644,-33.03681377]]],[[[-68.87524201,-33.03646638],[-68.87528358,-33.03611636],[-68.87528157,-33.03611629],[-68.87475047,-33.03610701],[-68.8677776,-33.03596674],[-68.86785152,-33.03601533],[-68.86794537,-33.0360665],[-68.86811701,-33.03636508],[-68.86797615,-33.0366207],[-68.86787355,-33.03676513],[-68.86784019,-33.0368121],[-68.86784372,-33.03681509],[-68.8677862,-33.03688138],[-68.87334592,-33.036852],[-68.87515644,-33.03681377],[-68.87524201,-33.03646638]]],[[[-68.87854721,-33.03623266],[-68.87731918,-33.03312161],[-68.87701473,-33.03235371],[-68.87589091,-33.02951777],[-68.87575839,-33.02962466],[-68.87575962,-33.02962294],[-68.875612,-33.02933893],[-68.87505899,-33.02980366],[-68.87445734,-33.03067144],[-68.8742528,-33.0311102],[-68.87420688,-33.03153957],[-68.87420632,-33.03193082],[-68.87425115,-33.03227441],[-68.87438627,-33.03285665],[-68.87443071,-33.03347697],[-68.87457678,-33.03432642],[-68.87474576,-33.03500412],[-68.87483546,-33.03566265],[-68.87474716,-33.03610565],[-68.87528157,-33.03611629],[-68.87528359,-33.03611633],[-68.87528358,-33.03611636],[-68.87854721,-33.03623266]]],[[[-68.89143613,-33.03614237],[-68.89198827,-33.03602017],[-68.89752495,-33.03467144],[-68.89697695,-33.0343967],[-68.8969125,-33.03434029],[-68.89681346,-33.03425671],[-68.89676188,-33.03401641],[-68.89458682,-33.03455934],[-68.89093603,-33.03546661],[-68.88784128,-33.03623563],[-68.8881535,-33.03693763],[-68.88815394,-33.03693855],[-68.8881613,-33.03693656],[-68.88818037,-33.0369319],[-68.88895815,-33.03673622],[-68.89046829,-33.03635629],[-68.89143613,-33.03614237]]],[[[-68.88783863,-33.03623626],[-68.88743984,-33.03524402],[-68.88695883,-33.03391855],[-68.88309826,-33.03489744],[-68.88300378,-33.03469213],[-68.88270307,-33.03403867],[-68.88017218,-33.0347636],[-68.88016499,-33.03476574],[-68.88016241,-33.03475966],[-68.87802904,-33.02973402],[-68.87755471,-33.02861655],[-68.8779634,-33.02827308],[-68.87844889,-33.02786506],[-68.87898595,-33.02745779],[-68.87935234,-33.02710577],[-68.879644,-33.0267141],[-68.8797565,-33.02645467],[-68.87989397,-33.02599639],[-68.87996417,-33.02569079],[-68.87999883,-33.02518983],[-68.87998461,-33.02488152],[-68.87996582,-33.02447409],[-68.87983581,-33.02413581],[-68.8797457,-33.02390132],[-68.87930518,-33.02304649],[-68.87929798,-33.02304856],[-68.87894926,-33.02231168],[-68.87862443,-33.02147992],[-68.87833971,-33.02075086],[-68.87789913,-33.01989158],[-68.8775341,-33.01903126],[-68.8766831,-33.0191968],[-68.87703228,-33.02011975],[-68.87769277,-33.02168064],[-68.87814996,-33.02282621],[-68.87865821,-33.02391458],[-68.87894533,-33.02518881],[-68.87862093,-33.02631931],[-68.87817835,-33.02689144],[-68.87734399,-33.02764372],[-68.87686821,-33.02813548],[-68.87601036,-33.02888263],[-68.8761729,-33.02926774],[-68.87656288,-33.02897212],[-68.87954662,-33.03613633],[-68.88127138,-33.03564169],[-68.88127601,-33.03564031],[-68.88172381,-33.03671556],[-68.88364467,-33.03623117],[-68.88364555,-33.03623371],[-68.88374196,-33.03651261],[-68.88397489,-33.03718642],[-68.88605883,-33.03666258],[-68.88783863,-33.03623626]],[[-68.88364355,-33.03622794],[-68.88364475,-33.03623115],[-68.88364467,-33.03623117],[-68.88364355,-33.03622794]]]]},"geometry_name":"the_geom","properties":{"fid":143,"id":124,"distrito_":"MAYOR DRUMMOND","zona_":"COMERCIAL MIXTA 1","codigo":"ZCM1","lote_min":"200","lado_min":"10","fos":"90","retiro_fro":"0","retiro_lat":"0","retiro_pos":"0","alt_max":"0","ordenanza":"14106-2021","sup_m2":960656}}],"totalFeatures":143,"numberMatched":143,"numberReturned":143,"timeStamp":"2026-09-24T20:55:58.043Z","crs":{"type":"name","properties":{"name":"urn:ogc:def:crs:EPSG::4326"}}}